node D L T
2565781 0.0055001 0.876323 0.275005
3101447 0.0055001 0.876323 0.275005
1803513 0.0055001 0.876323 0.275005
2756139 0.0055001 0.876323 0.275005
2756141 0.0055001 0.876323 0.275005
2898728 0.0055001 0.876323 0.275005
662760 0.0055001 0.876323 0.275005
1940235 0.0055001 0.876323 0.275005
2586965 0.0055001 0.876323 0.275005
1294122 0.0055001 0.876323 0.275005
228908 0.0055001 0.876323 0.275005
1920749 0.0055001 0.876323 0.275005
2795018 0.0055001 0.876323 0.275005
2885759 0.0055001 0.876323 0.275005
425595 0.0055001 0.876323 0.275005
1841599 0.0055001 0.876323 0.275005
2876572 0.0055001 0.876323 0.275005
2594042 0.0055001 0.876323 0.275005
2951803 0.0055001 0.876323 0.275005
1874277 0.0055001 0.876323 0.275005
414004 0.0055001 0.876323 0.275005
859192 0.0055001 0.876323 0.275005
1470067 0.0055001 0.876323 0.275005
2058097 0.0055001 0.876323 0.275005
1499975 0.0055001 0.876323 0.275005
1078905 0.0055001 0.876323 0.275005
1353260 0.0055001 0.876323 0.275005
1798806 0.0055001 0.876323 0.275005
1459636 0.0055001 0.876323 0.275005
1237085 0.0055001 0.876323 0.275005
2511932 0.0055001 0.876323 0.275005
1603555 0.0055001 0.876323 0.275005
311458 0.0055001 0.876323 0.275005
1980982 0.0055001 0.876323 0.275005
1410606 0.0055001 0.876323 0.275005
1685127 0.0055001 0.876323 0.275005
1685124 0.0055001 0.876323 0.275005
1978156 0.0055001 0.876323 0.275005
1867258 0.0055001 0.876323 0.275005
2056631 0.0055001 0.876323 0.275005
1978157 0.0055001 0.876323 0.275005
1978158 0.0055001 0.876323 0.275005
2478471 0.0055001 0.876323 0.275005
374847 0.0055001 0.876323 0.275005
985053 0.0055001 0.876323 0.275005
768679 0.0055001 0.876323 0.275005
62609 0.0055001 0.876323 0.275005
1550241 0.0055001 0.876323 0.275005
2776706 0.0055001 0.876323 0.275005
368408 0.0055001 0.876323 0.275005
273063 0.0055001 0.876323 0.275005
2824673 0.0055001 0.876323 0.275005
1670455 0.0055001 0.876323 0.275005
671065 0.0055001 0.876323 0.275005
1006006 0.0055001 0.876323 0.275005
47304 0.0055001 0.876323 0.275005
41673 0.0055001 0.876323 0.275005
12915 0.0055001 0.876323 0.275005
1702097 0.0055001 0.876323 0.275005
419942 0.0055001 0.876323 0.275005
1056495 0.0055001 0.876323 0.275005
666510 0.0055001 0.876323 0.275005
768672 0.0055001 0.876323 0.275005
1184251 0.0055001 0.876323 0.275005
3402707 0.0055001 0.876323 0.275005
583356 0.0055001 0.876323 0.275005
399550 0.0055001 0.876323 0.275005
1973259 0.0055001 0.876323 0.275005
940294 0.0055001 0.876323 0.275005
453591 0.0055001 0.876323 0.275005
54256 0.0055001 0.876323 0.275005
439481 0.0055001 0.876323 0.275005
2599289 0.0055001 0.876323 0.275005
2173149 0.0055001 0.876323 0.275005
1889001 0.0055001 0.876323 0.275005
2823368 0.0055001 0.876323 0.275005
1295009 0.0055001 0.876323 0.275005
1236689 0.0055001 0.876323 0.275005
399579 0.0055001 0.876323 0.275005
1122961 0.0055001 0.876323 0.275005
1673428 0.0055001 0.876323 0.275005
273075 0.0055001 0.876323 0.275005
273116 0.0055001 0.876323 0.275005
3073602 0.0055001 0.876323 0.275005
74969 0.0055001 0.876323 0.275005
507754 0.0055001 0.876323 0.275005
1776334 0.0055001 0.876323 0.275005
1903181 0.0055001 0.876323 0.275005
1927129 0.0055001 0.876323 0.275005
2491083 0.0055001 0.876323 0.275005
523849 0.0055001 0.876323 0.275005
604354 0.0055001 0.876323 0.275005
1432656 0.0055001 0.876323 0.275005
582419 0.0055001 0.876323 0.275005
53952 0.0055001 0.876323 0.275005
2866384 0.0055001 0.876323 0.275005
72803 0.0055001 0.876323 0.275005
186497 0.0055001 0.876323 0.275005
589924 0.0055001 0.876323 0.275005
113653 0.0055001 0.876323 0.275005
693661 0.0055001 0.876323 0.275005
387631 0.0055001 0.876323 0.275005
1698275 0.0055001 0.876323 0.275005
1698279 0.0055001 0.876323 0.275005
1698270 0.0055001 0.876323 0.275005
1698267 0.0055001 0.876323 0.275005
1698280 0.0055001 0.876323 0.275005
351160 0.0055001 0.876323 0.275005
1041930 0.0055001 0.876323 0.275005
2052831 0.0055001 0.876323 0.275005
349307 0.0055001 0.876323 0.275005
2759912 0.0055001 0.876323 0.275005
2759913 0.0055001 0.876323 0.275005
660064 0.0055001 0.876323 0.275005
2608793 0.0055001 0.876323 0.275005
2759911 0.0055001 0.876323 0.275005
1839936 0.0055001 0.876323 0.275005
1392998 0.0055001 0.876323 0.275005
867904 0.0055001 0.876323 0.275005
3028293 0.0055001 0.876323 0.275005
1277351 0.0055001 0.876323 0.275005
156457 0.0055001 0.876323 0.275005
456442 0.0055001 0.876323 0.275005
3028299 0.0055001 0.876323 0.275005
937775 0.0055001 0.876323 0.275005
2735141 0.0055001 0.876323 0.275005
1705564 0.0055001 0.876323 0.275005
268739 0.0055001 0.876323 0.275005
2212850 0.0055001 0.876323 0.275005
1364945 0.0055001 0.876323 0.275005
2934340 0.0055001 0.876323 0.275005
2934937 0.0055001 0.876323 0.275005
2071873 0.0055001 0.876323 0.275005
671145 0.0055001 0.876323 0.275005
175632 0.0055001 0.876323 0.275005
795797 0.0055001 0.876323 0.275005
1227456 0.0055001 0.876323 0.275005
1227457 0.0055001 0.876323 0.275005
2937524 0.0055001 0.876323 0.275005
2938695 0.0055001 0.876323 0.275005
1008152 0.0055001 0.876323 0.275005
2692200 0.0055001 0.876323 0.275005
489912 0.0055001 0.876323 0.275005
555573 0.0055001 0.876323 0.275005
1383812 0.0055001 0.876323 0.275005
755308 0.0055001 0.876323 0.275005
755306 0.0055001 0.876323 0.275005
2841257 0.0055001 0.876323 0.275005
1033806 0.0055001 0.876323 0.275005
767519 0.0055001 0.876323 0.275005
869886 0.0055001 0.876323 0.275005
1679096 0.0055001 0.876323 0.275005
2692199 0.0055001 0.876323 0.275005
869890 0.0055001 0.876323 0.275005
2950539 0.0055001 0.876323 0.275005
43776 0.0055001 0.876323 0.275005
2950534 0.0055001 0.876323 0.275005
2917711 0.0055001 0.876323 0.275005
926360 0.0055001 0.876323 0.275005
1095778 0.0055001 0.876323 0.275005
745377 0.0055001 0.876323 0.275005
797299 0.0055001 0.876323 0.275005
1679083 0.0055001 0.876323 0.275005
2055836 0.0055001 0.876323 0.275005
2979988 0.0055001 0.876323 0.275005
2419781 0.0055001 0.876323 0.275005
1849069 0.0055001 0.876323 0.275005
2448032 0.0055001 0.876323 0.275005
1227493 0.0055001 0.876323 0.275005
2741724 0.0055001 0.876323 0.275005
2816475 0.0055001 0.876323 0.275005
1710539 0.0055001 0.876323 0.275005
797303 0.0055001 0.876323 0.275005
2691917 0.0055001 0.876323 0.275005
588898 0.0055001 0.876323 0.275005
869891 0.0055001 0.876323 0.275005
1238424 0.0055001 0.876323 0.275005
1048396 0.0055001 0.876323 0.275005
1776492 0.0055001 0.876323 0.275005
699433 0.0055001 0.876323 0.275005
43928 0.0055001 0.876323 0.275005
1364933 0.0055001 0.876323 0.275005
1126234 0.0055001 0.876323 0.275005
2917812 0.0055001 0.876323 0.275005
2743089 0.0055001 0.876323 0.275005
2743090 0.0055001 0.876323 0.275005
1515593 0.0055001 0.876323 0.275005
699431 0.0055001 0.876323 0.275005
1748331 0.0055001 0.876323 0.275005
523841 0.0055001 0.876323 0.275005
2487751 0.0055001 0.876323 0.275005
456320 0.0055001 0.876323 0.275005
243232 0.0055001 0.876323 0.275005
49547 0.0055001 0.876323 0.275005
868131 0.0055001 0.876323 0.275005
519541 0.0055001 0.876323 0.275005
37863 0.0055001 0.876323 0.275005
1974546 0.0055001 0.876323 0.275005
1801733 0.0055001 0.876323 0.275005
1817865 0.0055001 0.876323 0.275005
2250252 0.0055001 0.876323 0.275005
2268124 0.0055001 0.876323 0.275005
2030807 0.0055001 0.876323 0.275005
2212470 0.0055001 0.876323 0.275005
1817863 0.0055001 0.876323 0.275005
2841693 0.0055001 0.876323 0.275005
2024889 0.0055001 0.876323 0.275005
1499967 0.0055001 0.876323 0.275005
1627895 0.0055001 0.876323 0.275005
3239303 0.0055001 0.876323 0.275005
1223518 0.0055001 0.876323 0.275005
546414 0.0055001 0.876323 0.275005
693977 0.0055001 0.876323 0.275005
1211322 0.0055001 0.876323 0.275005
1706855 0.0055001 0.876323 0.275005
649638 0.0055001 0.876323 0.275005
1227551 0.0055001 0.876323 0.275005
1408545 0.0055001 0.876323 0.275005
526227 0.0055001 0.876323 0.275005
1005740 0.0055001 0.876323 0.275005
580340 0.0055001 0.876323 0.275005
3029084 0.0055001 0.876323 0.275005
133532 0.0055001 0.876323 0.275005
469381 0.0055001 0.876323 0.275005
2754 0.0055001 0.876323 0.275005
584708 0.0055001 0.876323 0.275005
508460 0.0055001 0.876323 0.275005
1197717 0.0055001 0.876323 0.275005
717231 0.0055001 0.876323 0.275005
747365 0.0055001 0.876323 0.275005
2528274 0.0055001 0.876323 0.275005
479434 0.0055001 0.876323 0.275005
187145 0.0055001 0.876323 0.275005
156 0.0055001 0.876323 0.275005
545694 0.0055001 0.876323 0.275005
2840669 0.0055001 0.876323 0.275005
1963862 0.0055001 0.876323 0.275005
573413 0.0055001 0.876323 0.275005
2518645 0.0055001 0.876323 0.275005
252967 0.0055001 0.876323 0.275005
869212 0.0055001 0.876323 0.275005
959 0.0055001 0.876323 0.275005
1184267 0.0055001 0.876323 0.275005
1513793 0.0055001 0.876323 0.275005
1974746 0.0055001 0.876323 0.275005
2697043 0.0055001 0.876323 0.275005
2093366 0.0055001 0.876323 0.275005
313628 0.0055001 0.876323 0.275005
2606640 0.0055001 0.876323 0.275005
760260 0.0055001 0.876323 0.275005
1936003 0.0055001 0.876323 0.275005
247490 0.0055001 0.876323 0.275005
1930276 0.0055001 0.876323 0.275005
980251 0.0055001 0.876323 0.275005
2528011 0.0055001 0.876323 0.275005
2707525 0.0055001 0.876323 0.275005
2989719 0.0055001 0.876323 0.275005
1655635 0.0055001 0.876323 0.275005
1324935 0.0055001 0.876323 0.275005
1041768 0.0055001 0.876323 0.275005
2706888 0.0055001 0.876323 0.275005
2576891 0.0055001 0.876323 0.275005
1312852 0.0055001 0.876323 0.275005
1855912 0.0055001 0.876323 0.275005
1002689 0.0055001 0.876323 0.275005
3036704 0.0055001 0.876323 0.275005
741063 0.0055001 0.876323 0.275005
682795 0.0055001 0.876323 0.275005
474952 0.0055001 0.876323 0.275005
474949 0.0055001 0.876323 0.275005
1473598 0.0055001 0.876323 0.275005
2741543 0.0055001 0.876323 0.275005
2818388 0.0055001 0.876323 0.275005
442870 0.0055001 0.876323 0.275005
2927978 0.0055001 0.876323 0.275005
2927979 0.0055001 0.876323 0.275005
1969733 0.0055001 0.876323 0.275005
213224 0.0055001 0.876323 0.275005
1121391 0.0055001 0.876323 0.275005
571177 0.0055001 0.876323 0.275005
419481 0.0055001 0.876323 0.275005
2292 0.0055001 0.876323 0.275005
1286635 0.0055001 0.876323 0.275005
177437 0.0055001 0.876323 0.275005
1246637 0.0055001 0.876323 0.275005
1621989 0.0055001 0.876323 0.275005
43775 0.0055001 0.876323 0.275005
56780 0.0055001 0.876323 0.275005
3058419 0.0055001 0.876323 0.275005
1429043 0.0055001 0.876323 0.275005
91360 0.0055001 0.876323 0.275005
1121416 0.0055001 0.876323 0.275005
2772557 0.0055001 0.876323 0.275005
3060442 0.0055001 0.876323 0.275005
2047767 0.0055001 0.876323 0.275005
1936021 0.0055001 0.876323 0.275005
1795632 0.0055001 0.876323 0.275005
1592317 0.0055001 0.876323 0.275005
888061 0.0055001 0.876323 0.275005
206665 0.0055001 0.876323 0.275005
1121442 0.0055001 0.876323 0.275005
1262666 0.0055001 0.876323 0.275005
563192 0.0055001 0.876323 0.275005
1121449 0.0055001 0.876323 0.275005
1121439 0.0055001 0.876323 0.275005
1721087 0.0055001 0.876323 0.275005
2678688 0.0055001 0.876323 0.275005
3126690 0.0055001 0.876323 0.275005
415242 0.0055001 0.876323 0.275005
58621 0.0055001 0.876323 0.275005
2838536 0.0055001 0.876323 0.275005
241368 0.0055001 0.876323 0.275005
2316731 0.0055001 0.876323 0.275005
2316724 0.0055001 0.876323 0.275005
83450 0.0055001 0.876323 0.275005
2905690 0.0055001 0.876323 0.275005
927083 0.0055001 0.876323 0.275005
1639882 0.0055001 0.876323 0.275005
3119007 0.0055001 0.876323 0.275005
3056748 0.0055001 0.876323 0.275005
2093360 0.0055001 0.876323 0.275005
860790 0.0055001 0.876323 0.275005
2053187 0.0055001 0.876323 0.275005
290318 0.0055001 0.876323 0.275005
1895771 0.0055001 0.876323 0.275005
716817 0.0055001 0.876323 0.275005
1196024 0.0055001 0.876323 0.275005
1469170 0.0055001 0.876323 0.275005
2173829 0.0055001 0.876323 0.275005
1577780 0.0055001 0.876323 0.275005
926562 0.0055001 0.876323 0.275005
1294296 0.0055001 0.876323 0.275005
2829795 0.0055001 0.876323 0.275005
2058658 0.0055001 0.876323 0.275005
755732 0.0055001 0.876323 0.275005
2219161 0.0055001 0.876323 0.275005
574963 0.0055001 0.876323 0.275005
867902 0.0055001 0.876323 0.275005
2509004 0.0055001 0.876323 0.275005
1585976 0.0055001 0.876323 0.275005
343874 0.0055001 0.876323 0.275005
238 0.0055001 0.876323 0.275005
1434701 0.0055001 0.876323 0.275005
395936 0.0055001 0.876323 0.275005
1423959 0.0055001 0.876323 0.275005
216903 0.0055001 0.876323 0.275005
2965509 0.0055001 0.876323 0.275005
3076079 0.0055001 0.876323 0.275005
865937 0.0055001 0.876323 0.275005
400055 0.0055001 0.876323 0.275005
1080224 0.0055001 0.876323 0.275005
691689 0.0055001 0.876323 0.275005
1159016 0.0055001 0.876323 0.275005
1656093 0.0055001 0.876323 0.275005
558155 0.0055001 0.876323 0.275005
1884876 0.0055001 0.876323 0.275005
313594 0.0055001 0.876323 0.275005
1628250 0.0055001 0.876323 0.275005
1123758 0.0055001 0.876323 0.275005
1052145 0.0055001 0.876323 0.275005
1526574 0.0055001 0.876323 0.275005
313595 0.0055001 0.876323 0.275005
1155689 0.0055001 0.876323 0.275005
1383885 0.0055001 0.876323 0.275005
2915619 0.0055001 0.876323 0.275005
1578017 0.0055001 0.876323 0.275005
2047982 0.0055001 0.876323 0.275005
1317122 0.0055001 0.876323 0.275005
2026654 0.0055001 0.876323 0.275005
229205 0.0055001 0.876323 0.275005
2502784 0.0055001 0.876323 0.275005
271156 0.0055001 0.876323 0.275005
423350 0.0055001 0.876323 0.275005
714943 0.0055001 0.876323 0.275005
1176721 0.0055001 0.876323 0.275005
2682091 0.0055001 0.876323 0.275005
2967225 0.0055001 0.876323 0.275005
538021 0.0055001 0.876323 0.275005
2303333 0.0055001 0.876323 0.275005
2597670 0.0055001 0.876323 0.275005
2793071 0.0055001 0.876323 0.275005
398050 0.0055001 0.876323 0.275005
929556 0.0055001 0.876323 0.275005
425514 0.0055001 0.876323 0.275005
485917 0.0055001 0.876323 0.275005
425513 0.0055001 0.876323 0.275005
425512 0.0055001 0.876323 0.275005
425511 0.0055001 0.876323 0.275005
390241 0.0055001 0.876323 0.275005
1241337 0.0055001 0.876323 0.275005
2679964 0.0055001 0.876323 0.275005
188932 0.0055001 0.876323 0.275005
1069985 0.0055001 0.876323 0.275005
151894 0.0055001 0.876323 0.275005
2571272 0.0055001 0.876323 0.275005
2203212 0.0055001 0.876323 0.275005
2530456 0.0055001 0.876323 0.275005
2530453 0.0055001 0.876323 0.275005
2530454 0.0055001 0.876323 0.275005
430522 0.0055001 0.876323 0.275005
363852 0.0055001 0.876323 0.275005
1476464 0.0055001 0.876323 0.275005
3113906 0.0055001 0.876323 0.275005
1346330 0.0055001 0.876323 0.275005
743722 0.0055001 0.876323 0.275005
1437280 0.0055001 0.876323 0.275005
1686402 0.0055001 0.876323 0.275005
259 0.0055001 0.876323 0.275005
2793269 0.0055001 0.876323 0.275005
2908004 0.0055001 0.876323 0.275005
1834163 0.0055001 0.876323 0.275005
1978412 0.0055001 0.876323 0.275005
1285928 0.0055001 0.876323 0.275005
3044211 0.0055001 0.876323 0.275005
1539049 0.0055001 0.876323 0.275005
1302690 0.0055001 0.876323 0.275005
1792502 0.0055001 0.876323 0.275005
2676868 0.0055001 0.876323 0.275005
2545455 0.0055001 0.876323 0.275005
1856322 0.0055001 0.876323 0.275005
670293 0.0055001 0.876323 0.275005
1233460 0.0055001 0.876323 0.275005
2683588 0.0055001 0.876323 0.275005
3133966 0.0055001 0.876323 0.275005
2991709 0.0055001 0.876323 0.275005
1227546 0.0055001 0.876323 0.275005
2864201 0.0055001 0.876323 0.275005
2982028 0.0055001 0.876323 0.275005
760192 0.0055001 0.876323 0.275005
1564516 0.0055001 0.876323 0.275005
1099794 0.0055001 0.876323 0.275005
1046115 0.0055001 0.876323 0.275005
1267423 0.0055001 0.876323 0.275005
2782350 0.0055001 0.876323 0.275005
2867963 0.0055001 0.876323 0.275005
1028214 0.0055001 0.876323 0.275005
866807 0.0055001 0.876323 0.275005
237019 0.0055001 0.876323 0.275005
2810512 0.0055001 0.876323 0.275005
2879465 0.0055001 0.876323 0.275005
2494733 0.0055001 0.876323 0.275005
455078 0.0055001 0.876323 0.275005
408657 0.0055001 0.876323 0.275005
2259619 0.0055001 0.876323 0.275005
1279009 0.0055001 0.876323 0.275005
28195 0.0055001 0.876323 0.275005
3058365 0.0055001 0.876323 0.275005
247481 0.0055001 0.876323 0.275005
452471 0.0055001 0.876323 0.275005
3051825 0.0055001 0.876323 0.275005
3051826 0.0055001 0.876323 0.275005
692418 0.0055001 0.876323 0.275005
861051 0.0055001 0.876323 0.275005
413964 0.0055001 0.876323 0.275005
367791 0.0055001 0.876323 0.275005
379075 0.0055001 0.876323 0.275005
1162670 0.0055001 0.876323 0.275005
2729599 0.0055001 0.876323 0.275005
1079859 0.0055001 0.876323 0.275005
2516557 0.0055001 0.876323 0.275005
2183553 0.0055001 0.876323 0.275005
563176 0.0055001 0.876323 0.275005
1610492 0.0055001 0.876323 0.275005
1051626 0.0055001 0.876323 0.275005
2518605 0.0055001 0.876323 0.275005
702438 0.0055001 0.876323 0.275005
2094150 0.0055001 0.876323 0.275005
1307839 0.0055001 0.876323 0.275005
1678841 0.0055001 0.876323 0.275005
1350067 0.0055001 0.876323 0.275005
3137470 0.0055001 0.876323 0.275005
1117708 0.0055001 0.876323 0.275005
1168034 0.0055001 0.876323 0.275005
1628157 0.0055001 0.876323 0.275005
2992111 0.0055001 0.876323 0.275005
297 0.0055001 0.876323 0.275005
1867749 0.0055001 0.876323 0.275005
2083153 0.0055001 0.876323 0.275005
1675686 0.0055001 0.876323 0.275005
647384 0.0055001 0.876323 0.275005
2707345 0.0055001 0.876323 0.275005
28085 0.0055001 0.876323 0.275005
634765 0.0055001 0.876323 0.275005
2891210 0.0055001 0.876323 0.275005
1247513 0.0055001 0.876323 0.275005
1481894 0.0055001 0.876323 0.275005
1510150 0.0055001 0.876323 0.275005
2213226 0.0055001 0.876323 0.275005
2942633 0.0055001 0.876323 0.275005
81036 0.0055001 0.876323 0.275005
53407 0.0055001 0.876323 0.275005
2607908 0.0055001 0.876323 0.275005
2666183 0.0055001 0.876323 0.275005
47885 0.0055001 0.876323 0.275005
1227924 0.0055001 0.876323 0.275005
585455 0.0055001 0.876323 0.275005
1548547 0.0055001 0.876323 0.275005
1329800 0.0055001 0.876323 0.275005
644221 0.0055001 0.876323 0.275005
1842136 0.0055001 0.876323 0.275005
2695856 0.0055001 0.876323 0.275005
732238 0.0055001 0.876323 0.275005
2741544 0.0055001 0.876323 0.275005
1970738 0.0055001 0.876323 0.275005
2714601 0.0055001 0.876323 0.275005
490188 0.0055001 0.876323 0.275005
2029166 0.0055001 0.876323 0.275005
2565531 0.0055001 0.876323 0.275005
2904122 0.0055001 0.876323 0.275005
1392540 0.0055001 0.876323 0.275005
1217662 0.0055001 0.876323 0.275005
2126983 0.0055001 0.876323 0.275005
1789224 0.0055001 0.876323 0.275005
1530123 0.0055001 0.876323 0.275005
405416 0.0055001 0.876323 0.275005
1219070 0.0055001 0.876323 0.275005
2695891 0.0055001 0.876323 0.275005
2487322 0.0055001 0.876323 0.275005
2711221 0.0055001 0.876323 0.275005
474394 0.0055001 0.876323 0.275005
861298 0.0055001 0.876323 0.275005
3020714 0.0055001 0.876323 0.275005
1117707 0.0055001 0.876323 0.275005
265668 0.0055001 0.876323 0.275005
685 0.0055001 0.876323 0.275005
1755811 0.0055001 0.876323 0.275005
1278244 0.0055001 0.876323 0.275005
1080227 0.0055001 0.876323 0.275005
320778 0.0055001 0.876323 0.275005
388278 0.0055001 0.876323 0.275005
1654360 0.0055001 0.876323 0.275005
265726 0.0055001 0.876323 0.275005
1133106 0.0055001 0.876323 0.275005
412034 0.0055001 0.876323 0.275005
2030880 0.0055001 0.876323 0.275005
2200908 0.0055001 0.876323 0.275005
1125411 0.0055001 0.876323 0.275005
1543721 0.0055001 0.876323 0.275005
191960 0.0055001 0.876323 0.275005
3119006 0.0055001 0.876323 0.275005
1834037 0.0055001 0.876323 0.275005
1192854 0.0055001 0.876323 0.275005
1317117 0.0055001 0.876323 0.275005
547122 0.0055001 0.876323 0.275005
1765967 0.0055001 0.876323 0.275005
414046 0.0055001 0.876323 0.275005
2182432 0.0055001 0.876323 0.275005
1750597 0.0055001 0.876323 0.275005
2654998 0.0055001 0.876323 0.275005
797473 0.0055001 0.876323 0.275005
2923279 0.0055001 0.876323 0.275005
472583 0.0055001 0.876323 0.275005
1157986 0.0055001 0.876323 0.275005
374931 0.0055001 0.876323 0.275005
97481 0.0055001 0.876323 0.275005
28159 0.0055001 0.876323 0.275005
2028574 0.0055001 0.876323 0.275005
2116700 0.0055001 0.876323 0.275005
347534 0.0055001 0.876323 0.275005
914151 0.0055001 0.876323 0.275005
218936 0.0055001 0.876323 0.275005
1268236 0.0055001 0.876323 0.275005
440079 0.0055001 0.876323 0.275005
179995 0.0055001 0.876323 0.275005
762983 0.0055001 0.876323 0.275005
867 0.0055001 0.876323 0.275005
2820300 0.0055001 0.876323 0.275005
1123324 0.0055001 0.876323 0.275005
434086 0.0055001 0.876323 0.275005
1655626 0.0055001 0.876323 0.275005
2944933 0.0055001 0.876323 0.275005
1470433 0.0055001 0.876323 0.275005
1492769 0.0055001 0.876323 0.275005
2904075 0.0055001 0.876323 0.275005
570281 0.0055001 0.876323 0.275005
569599 0.0055001 0.876323 0.275005
1444977 0.0055001 0.876323 0.275005
2591008 0.0055001 0.876323 0.275005
1641715 0.0055001 0.876323 0.275005
1470434 0.0055001 0.876323 0.275005
2721624 0.0055001 0.876323 0.275005
716816 0.0055001 0.876323 0.275005
2950436 0.0055001 0.876323 0.275005
2601894 0.0055001 0.876323 0.275005
651086 0.0055001 0.876323 0.275005
2518994 0.0055001 0.876323 0.275005
287487 0.0055001 0.876323 0.275005
1132028 0.0055001 0.876323 0.275005
349521 0.0055001 0.876323 0.275005
75684 0.0055001 0.876323 0.275005
2994640 0.0055001 0.876323 0.275005
2592383 0.0055001 0.876323 0.275005
3162458 0.0055001 0.876323 0.275005
2080658 0.0055001 0.876323 0.275005
418701 0.0055001 0.876323 0.275005
2528527 0.0055001 0.876323 0.275005
305900 0.0055001 0.876323 0.275005
2942213 0.0055001 0.876323 0.275005
314283 0.0055001 0.876323 0.275005
418750 0.0055001 0.876323 0.275005
1445510 0.0055001 0.876323 0.275005
1949085 0.0055001 0.876323 0.275005
504092 0.0055001 0.876323 0.275005
2259590 0.0055001 0.876323 0.275005
33074 0.0055001 0.876323 0.275005
376489 0.0055001 0.876323 0.275005
1815562 0.0055001 0.876323 0.275005
1834034 0.0055001 0.876323 0.275005
207954 0.0055001 0.876323 0.275005
1698799 0.0055001 0.876323 0.275005
383750 0.0055001 0.876323 0.275005
717774 0.0055001 0.876323 0.275005
3004091 0.0055001 0.876323 0.275005
2984494 0.0055001 0.876323 0.275005
491948 0.0055001 0.876323 0.275005
84531 0.0055001 0.876323 0.275005
1453541 0.0055001 0.876323 0.275005
2269504 0.0055001 0.876323 0.275005
2546226 0.0055001 0.876323 0.275005
1132694 0.0055001 0.876323 0.275005
2752306 0.0055001 0.876323 0.275005
48664 0.0055001 0.876323 0.275005
56455 0.0055001 0.876323 0.275005
644220 0.0055001 0.876323 0.275005
2250595 0.0055001 0.876323 0.275005
2983605 0.0055001 0.876323 0.275005
2775866 0.0055001 0.876323 0.275005
1465635 0.0055001 0.876323 0.275005
1891675 0.0055001 0.876323 0.275005
1123402 0.0055001 0.876323 0.275005
2590031 0.0055001 0.876323 0.275005
579405 0.0055001 0.876323 0.275005
1917880 0.0055001 0.876323 0.275005
2890317 0.0055001 0.876323 0.275005
580 0.0055001 0.876323 0.275005
61646 0.0055001 0.876323 0.275005
574 0.0055001 0.876323 0.275005
486993 0.0055001 0.876323 0.275005
2724191 0.0055001 0.876323 0.275005
718193 0.0055001 0.876323 0.275005
80854 0.0055001 0.876323 0.275005
1117314 0.0055001 0.876323 0.275005
1365257 0.0055001 0.876323 0.275005
151081 0.0055001 0.876323 0.275005
212020 0.0055001 0.876323 0.275005
220752 0.0055001 0.876323 0.275005
641665 0.0055001 0.876323 0.275005
137584 0.0055001 0.876323 0.275005
3065648 0.0055001 0.876323 0.275005
349064 0.0055001 0.876323 0.275005
751969 0.0055001 0.876323 0.275005
1127673 0.0055001 0.876323 0.275005
1121922 0.0055001 0.876323 0.275005
493475 0.0055001 0.876323 0.275005
2987522 0.0055001 0.876323 0.275005
2259342 0.0055001 0.876323 0.275005
634436 0.0055001 0.876323 0.275005
1563703 0.0055001 0.876323 0.275005
680279 0.0055001 0.876323 0.275005
3075602 0.0055001 0.876323 0.275005
521012 0.0055001 0.876323 0.275005
3133430 0.0055001 0.876323 0.275005
480070 0.0055001 0.876323 0.275005
2606216 0.0055001 0.876323 0.275005
349750 0.0055001 0.876323 0.275005
2950108 0.0055001 0.876323 0.275005
1399147 0.0055001 0.876323 0.275005
2686094 0.0055001 0.876323 0.275005
715226 0.0055001 0.876323 0.275005
3061083 0.0055001 0.876323 0.275005
366602 0.0055001 0.876323 0.275005
565050 0.0055001 0.876323 0.275005
3161137 0.0055001 0.876323 0.275005
363631 0.0055001 0.876323 0.275005
2813778 0.0055001 0.876323 0.275005
1813876 0.0055001 0.876323 0.275005
1298959 0.0055001 0.876323 0.275005
98513 0.0055001 0.876323 0.275005
488538 0.0055001 0.876323 0.275005
2576439 0.0055001 0.876323 0.275005
2959716 0.0055001 0.876323 0.275005
1199156 0.0055001 0.876323 0.275005
582402 0.0055001 0.876323 0.275005
1608422 0.0055001 0.876323 0.275005
1280953 0.0055001 0.876323 0.275005
1280954 0.0055001 0.876323 0.275005
1280952 0.0055001 0.876323 0.275005
1280951 0.0055001 0.876323 0.275005
1280950 0.0055001 0.876323 0.275005
3143536 0.0055001 0.876323 0.275005
1866326 0.0055001 0.876323 0.275005
2666033 0.0055001 0.876323 0.275005
2292771 0.0055001 0.876323 0.275005
2043170 0.0055001 0.876323 0.275005
1505037 0.0055001 0.876323 0.275005
2975056 0.0055001 0.876323 0.275005
3024400 0.0055001 0.876323 0.275005
1456591 0.0055001 0.876323 0.275005
637679 0.0055001 0.876323 0.275005
2161677 0.0055001 0.876323 0.275005
911205 0.0055001 0.876323 0.275005
2030921 0.0055001 0.876323 0.275005
1397666 0.0055001 0.876323 0.275005
1922313 0.0055001 0.876323 0.275005
1303579 0.0055001 0.876323 0.275005
2802395 0.0055001 0.876323 0.275005
693023 0.0055001 0.876323 0.275005
2835040 0.0055001 0.876323 0.275005
568898 0.0055001 0.876323 0.275005
257708 0.0055001 0.876323 0.275005
104100 0.0055001 0.876323 0.275005
1346889 0.0055001 0.876323 0.275005
1123227 0.0055001 0.876323 0.275005
2683649 0.0055001 0.876323 0.275005
2812733 0.0055001 0.876323 0.275005
2320859 0.0055001 0.876323 0.275005
2959299 0.0055001 0.876323 0.275005
2991712 0.0055001 0.876323 0.275005
1216886 0.0055001 0.876323 0.275005
2984322 0.0055001 0.876323 0.275005
1071 0.0055001 0.876323 0.275005
1223520 0.0055001 0.876323 0.275005
1223519 0.0055001 0.876323 0.275005
142834 0.0055001 0.876323 0.275005
272568 0.0055001 0.876323 0.275005
65958 0.0055001 0.876323 0.275005
2766578 0.0055001 0.876323 0.275005
1550728 0.0055001 0.876323 0.275005
264203 0.0055001 0.876323 0.275005
1850238 0.0055001 0.876323 0.275005
392499 0.0055001 0.876323 0.275005
2054227 0.0055001 0.876323 0.275005
651663 0.0055001 0.876323 0.275005
33050 0.0055001 0.876323 0.275005
2950949 0.0055001 0.876323 0.275005
2782607 0.0055001 0.876323 0.275005
690566 0.0055001 0.876323 0.275005
3063954 0.0055001 0.876323 0.275005
1771310 0.0055001 0.876323 0.275005
2827236 0.0055001 0.876323 0.275005
1715348 0.0055001 0.876323 0.275005
3050082 0.0055001 0.876323 0.275005
333708 0.0055001 0.876323 0.275005
1490041 0.0055001 0.876323 0.275005
2292257 0.0055001 0.876323 0.275005
1913578 0.0055001 0.876323 0.275005
394733 0.0055001 0.876323 0.275005
1739690 0.0055001 0.876323 0.275005
2867238 0.0055001 0.876323 0.275005
1509367 0.0055001 0.876323 0.275005
2182384 0.0055001 0.876323 0.275005
2584124 0.0055001 0.876323 0.275005
2739433 0.0055001 0.876323 0.275005
3075597 0.0055001 0.876323 0.275005
1703339 0.0055001 0.876323 0.275005
2793064 0.0055001 0.876323 0.275005
1648404 0.0055001 0.876323 0.275005
2306996 0.0055001 0.876323 0.275005
2055955 0.0055001 0.876323 0.275005
3121345 0.0055001 0.876323 0.275005
13656 0.0055001 0.876323 0.275005
463200 0.0055001 0.876323 0.275005
2711215 0.0055001 0.876323 0.275005
2949094 0.0055001 0.876323 0.275005
1123269 0.0055001 0.876323 0.275005
2283317 0.0055001 0.876323 0.275005
2904799 0.0055001 0.876323 0.275005
1166337 0.0055001 0.876323 0.275005
2606412 0.0055001 0.876323 0.275005
3063997 0.0055001 0.876323 0.275005
1259676 0.0055001 0.876323 0.275005
1848973 0.0055001 0.876323 0.275005
1813879 0.0055001 0.876323 0.275005
370959 0.0055001 0.876323 0.275005
563996 0.0055001 0.876323 0.275005
2594473 0.0055001 0.876323 0.275005
1609977 0.0055001 0.876323 0.275005
2722791 0.0055001 0.876323 0.275005
1211806 0.0055001 0.876323 0.275005
1096930 0.0055001 0.876323 0.275005
2839843 0.0055001 0.876323 0.275005
2698673 0.0055001 0.876323 0.275005
3024215 0.0055001 0.876323 0.275005
3056842 0.0055001 0.876323 0.275005
428990 0.0055001 0.876323 0.275005
1123362 0.0055001 0.876323 0.275005
1634917 0.0055001 0.876323 0.275005
1773489 0.0055001 0.876323 0.275005
2812848 0.0055001 0.876323 0.275005
1489064 0.0055001 0.876323 0.275005
454162 0.0055001 0.876323 0.275005
1550907 0.0055001 0.876323 0.275005
1549748 0.0055001 0.876323 0.275005
1244869 0.0055001 0.876323 0.275005
342108 0.0055001 0.876323 0.275005
502049 0.0055001 0.876323 0.275005
3037796 0.0055001 0.876323 0.275005
2602015 0.0055001 0.876323 0.275005
2602016 0.0055001 0.876323 0.275005
1867774 0.0055001 0.876323 0.275005
3064282 0.0055001 0.876323 0.275005
940149 0.0055001 0.876323 0.275005
600628 0.0055001 0.876323 0.275005
2729598 0.0055001 0.876323 0.275005
1461337 0.0055001 0.876323 0.275005
2500179 0.0055001 0.876323 0.275005
2039722 0.0055001 0.876323 0.275005
374515 0.0055001 0.876323 0.275005
560819 0.0055001 0.876323 0.275005
2661937 0.0055001 0.876323 0.275005
140057 0.0055001 0.876323 0.275005
2022747 0.0055001 0.876323 0.275005
269796 0.0055001 0.876323 0.275005
2594003 0.0055001 0.876323 0.275005
1766165 0.0055001 0.876323 0.275005
1168082 0.0055001 0.876323 0.275005
2591009 0.0055001 0.876323 0.275005
80876 0.0055001 0.876323 0.275005
414052 0.0055001 0.876323 0.275005
189 0.0055001 0.876323 0.275005
1981099 0.0055001 0.876323 0.275005
28077 0.0055001 0.876323 0.275005
1385369 0.0055001 0.876323 0.275005
1064539 0.0055001 0.876323 0.275005
286727 0.0055001 0.876323 0.275005
2735135 0.0055001 0.876323 0.275005
1226968 0.0055001 0.876323 0.275005
2202148 0.0055001 0.876323 0.275005
2496639 0.0055001 0.876323 0.275005
192 0.0055001 0.876323 0.275005
1128113 0.0055001 0.876323 0.275005
1220491 0.0055001 0.876323 0.275005
1736751 0.0055001 0.876323 0.275005
3116575 0.0055001 0.876323 0.275005
3075590 0.0055001 0.876323 0.275005
441119 0.0055001 0.876323 0.275005
1387277 0.0055001 0.876323 0.275005
3029062 0.0055001 0.876323 0.275005
1323742 0.0055001 0.876323 0.275005
1037362 0.0055001 0.876323 0.275005
1123237 0.0055001 0.876323 0.275005
1529041 0.0055001 0.876323 0.275005
658057 0.0055001 0.876323 0.275005
943940 0.0055001 0.876323 0.275005
2072972 0.0055001 0.876323 0.275005
1652492 0.0055001 0.876323 0.275005
2614809 0.0055001 0.876323 0.275005
1524259 0.0055001 0.876323 0.275005
1461693 0.0055001 0.876323 0.275005
1454373 0.0055001 0.876323 0.275005
1614693 0.0055001 0.876323 0.275005
2602289 0.0055001 0.876323 0.275005
1537242 0.0055001 0.876323 0.275005
1651082 0.0055001 0.876323 0.275005
576117 0.0055001 0.876323 0.275005
254406 0.0055001 0.876323 0.275005
420403 0.0055001 0.876323 0.275005
475083 0.0055001 0.876323 0.275005
2980108 0.0055001 0.876323 0.275005
74031 0.0055001 0.876323 0.275005
1247867 0.0055001 0.876323 0.275005
1312363 0.0055001 0.876323 0.275005
1049199 0.0055001 0.876323 0.275005
1510457 0.0055001 0.876323 0.275005
2306993 0.0055001 0.876323 0.275005
1641972 0.0055001 0.876323 0.275005
2705421 0.0055001 0.876323 0.275005
2480588 0.0055001 0.876323 0.275005
2483033 0.0055001 0.876323 0.275005
1651968 0.0055001 0.876323 0.275005
404875 0.0055001 0.876323 0.275005
2662447 0.0055001 0.876323 0.275005
521013 0.0055001 0.876323 0.275005
1185766 0.0055001 0.876323 0.275005
1775175 0.0055001 0.876323 0.275005
2761955 0.0055001 0.876323 0.275005
2306023 0.0055001 0.876323 0.275005
2710650 0.0055001 0.876323 0.275005
35806 0.0055001 0.876323 0.275005
3050036 0.0055001 0.876323 0.275005
3066345 0.0055001 0.876323 0.275005
2789856 0.0055001 0.876323 0.275005
1508389 0.0055001 0.876323 0.275005
666509 0.0055001 0.876323 0.275005
2030798 0.0055001 0.876323 0.275005
2748098 0.0055001 0.876323 0.275005
2583821 0.0055001 0.876323 0.275005
89524 0.0055001 0.876323 0.275005
2743469 0.0055001 0.876323 0.275005
2841044 0.0055001 0.876323 0.275005
2599296 0.0055001 0.876323 0.275005
2171755 0.0055001 0.876323 0.275005
1317121 0.0055001 0.876323 0.275005
2035344 0.0055001 0.876323 0.275005
1475483 0.0055001 0.876323 0.275005
2662264 0.0055001 0.876323 0.275005
1265309 0.0055001 0.876323 0.275005
3231483 0.0055001 0.876323 0.275005
2552766 0.0055001 0.876323 0.275005
396013 0.0055001 0.876323 0.275005
2692189 0.0055001 0.876323 0.275005
913252 0.0055001 0.876323 0.275005
225362 0.0055001 0.876323 0.275005
453842 0.0055001 0.876323 0.275005
384678 0.0055001 0.876323 0.275005
1463598 0.0055001 0.876323 0.275005
1529068 0.0055001 0.876323 0.275005
53463 0.0055001 0.876323 0.275005
376733 0.0055001 0.876323 0.275005
1915382 0.0055001 0.876323 0.275005
1545044 0.0055001 0.876323 0.275005
591205 0.0055001 0.876323 0.275005
34004 0.0055001 0.876323 0.275005
1079 0.0055001 0.876323 0.275005
364296 0.0055001 0.876323 0.275005
2184697 0.0055001 0.876323 0.275005
2608987 0.0055001 0.876323 0.275005
2931392 0.0055001 0.876323 0.275005
395963 0.0055001 0.876323 0.275005
1402976 0.0055001 0.876323 0.275005
346911 0.0055001 0.876323 0.275005
425677 0.0055001 0.876323 0.275005
28210 0.0055001 0.876323 0.275005
2650924 0.0055001 0.876323 0.275005
1036779 0.0055001 0.876323 0.275005
1036780 0.0055001 0.876323 0.275005
151454 0.0055001 0.876323 0.275005
1526658 0.0055001 0.876323 0.275005
2067669 0.0055001 0.876323 0.275005
372072 0.0055001 0.876323 0.275005
3162530 0.0055001 0.876323 0.275005
2840188 0.0055001 0.876323 0.275005
665467 0.0055001 0.876323 0.275005
410841 0.0055001 0.876323 0.275005
2184161 0.0055001 0.876323 0.275005
1514904 0.0055001 0.876323 0.275005
1852022 0.0055001 0.876323 0.275005
1920512 0.0055001 0.876323 0.275005
2793297 0.0055001 0.876323 0.275005
933063 0.0055001 0.876323 0.275005
648757 0.0055001 0.876323 0.275005
51670 0.0055001 0.876323 0.275005
582899 0.0055001 0.876323 0.275005
1774971 0.0055001 0.876323 0.275005
1384459 0.0055001 0.876323 0.275005
690164 0.0055001 0.876323 0.275005
1638099 0.0055001 0.876323 0.275005
1653334 0.0055001 0.876323 0.275005
1235591 0.0055001 0.876323 0.275005
225324 0.0055001 0.876323 0.275005
2758565 0.0055001 0.876323 0.275005
538381 0.0055001 0.876323 0.275005
2692190 0.0055001 0.876323 0.275005
281252 0.0055001 0.876323 0.275005
150831 0.0055001 0.876323 0.275005
2600299 0.0055001 0.876323 0.275005
285279 0.0055001 0.876323 0.275005
258256 0.0055001 0.876323 0.275005
1951219 0.0055001 0.876323 0.275005
2570229 0.0055001 0.876323 0.275005
1046114 0.0055001 0.876323 0.275005
880732 0.0055001 0.876323 0.275005
665118 0.0055001 0.876323 0.275005
2798801 0.0055001 0.876323 0.275005
400770 0.0055001 0.876323 0.275005
2490941 0.0055001 0.876323 0.275005
1849104 0.0055001 0.876323 0.275005
1035067 0.0055001 0.876323 0.275005
2116701 0.0055001 0.876323 0.275005
335020 0.0055001 0.876323 0.275005
1231190 0.0055001 0.876323 0.275005
1189611 0.0055001 0.876323 0.275005
1082933 0.0055001 0.876323 0.275005
266835 0.0055001 0.876323 0.275005
1300307 0.0055001 0.876323 0.275005
2014805 0.0055001 0.876323 0.275005
999699 0.0055001 0.876323 0.275005
316055 0.0055001 0.876323 0.275005
340268 0.0055001 0.876323 0.275005
943830 0.0055001 0.876323 0.275005
1928661 0.0055001 0.876323 0.275005
1437360 0.0055001 0.876323 0.275005
280332 0.0055001 0.876323 0.275005
244734 0.0055001 0.876323 0.275005
2594946 0.0055001 0.876323 0.275005
2448455 0.0055001 0.876323 0.275005
1827297 0.0055001 0.876323 0.275005
643673 0.0055001 0.876323 0.275005
2590451 0.0055001 0.876323 0.275005
2565783 0.0055001 0.876323 0.275005
3098149 0.0055001 0.876323 0.275005
314231 0.0055001 0.876323 0.275005
1697972 0.0055001 0.876323 0.275005
1141884 0.0055001 0.876323 0.275005
315478 0.0055001 0.876323 0.275005
374424 0.0055001 0.876323 0.275005
600331 0.0055001 0.876323 0.275005
298794 0.0055001 0.876323 0.275005
3133970 0.0055001 0.876323 0.275005
2692265 0.0055001 0.876323 0.275005
670292 0.0055001 0.876323 0.275005
2719797 0.0055001 0.876323 0.275005
2182425 0.0055001 0.876323 0.275005
877384 0.0055001 0.876323 0.275005
1572859 0.0055001 0.876323 0.275005
2865987 0.0055001 0.876323 0.275005
2983763 0.0055001 0.876323 0.275005
1922333 0.0055001 0.876323 0.275005
1197950 0.0055001 0.876323 0.275005
1336235 0.0055001 0.876323 0.275005
1969821 0.0055001 0.876323 0.275005
1107881 0.0055001 0.876323 0.275005
394 0.0055001 0.876323 0.275005
194963 0.0055001 0.876323 0.275005
375549 0.0055001 0.876323 0.275005
2742698 0.0055001 0.876323 0.275005
1509405 0.0055001 0.876323 0.275005
1206817 0.0055001 0.876323 0.275005
648995 0.0055001 0.876323 0.275005
528178 0.0055001 0.876323 0.275005
2503024 0.0055001 0.876323 0.275005
2801340 0.0055001 0.876323 0.275005
348824 0.0055001 0.876323 0.275005
1817964 0.0055001 0.876323 0.275005
2250594 0.0055001 0.876323 0.275005
1223802 0.0055001 0.876323 0.275005
2715678 0.0055001 0.876323 0.275005
2528202 0.0055001 0.876323 0.275005
714531 0.0055001 0.876323 0.275005
34027 0.0055001 0.876323 0.275005
83767 0.0055001 0.876323 0.275005
350 0.0055001 0.876323 0.275005
2795389 0.0055001 0.876323 0.275005
1054498 0.0055001 0.876323 0.275005
2884804 0.0055001 0.876323 0.275005
664880 0.0055001 0.876323 0.275005
2571148 0.0055001 0.876323 0.275005
394935 0.0055001 0.876323 0.275005
1225769 0.0055001 0.876323 0.275005
1655232 0.0055001 0.876323 0.275005
1121352 0.0055001 0.876323 0.275005
3056844 0.0055001 0.876323 0.275005
153491 0.0055001 0.876323 0.275005
1689272 0.0055001 0.876323 0.275005
426114 0.0055001 0.876323 0.275005
1101373 0.0055001 0.876323 0.275005
2565572 0.0055001 0.876323 0.275005
667019 0.0055001 0.876323 0.275005
219182 0.0055001 0.876323 0.275005
2596921 0.0055001 0.876323 0.275005
2562762 0.0055001 0.876323 0.275005
643561 0.0055001 0.876323 0.275005
365044 0.0055001 0.876323 0.275005
2798804 0.0055001 0.876323 0.275005
263067 0.0055001 0.876323 0.275005
2732511 0.0055001 0.876323 0.275005
2606681 0.0055001 0.876323 0.275005
204072 0.0055001 0.876323 0.275005
592050 0.0055001 0.876323 0.275005
2976702 0.0055001 0.876323 0.275005
1775474 0.0055001 0.876323 0.275005
595537 0.0055001 0.876323 0.275005
2732868 0.0055001 0.876323 0.275005
2944811 0.0055001 0.876323 0.275005
2795029 0.0055001 0.876323 0.275005
392593 0.0055001 0.876323 0.275005
522889 0.0055001 0.876323 0.275005
1286631 0.0055001 0.876323 0.275005
744406 0.0055001 0.876323 0.275005
2496871 0.0055001 0.876323 0.275005
946333 0.0055001 0.876323 0.275005
3149041 0.0055001 0.876323 0.275005
1769250 0.0055001 0.876323 0.275005
304 0.0055001 0.876323 0.275005
2652177 0.0055001 0.876323 0.275005
683355 0.0055001 0.876323 0.275005
511 0.0055001 0.876323 0.275005
2782176 0.0055001 0.876323 0.275005
1389932 0.0055001 0.876323 0.275005
1888893 0.0055001 0.876323 0.275005
206506 0.0055001 0.876323 0.275005
1007095 0.0055001 0.876323 0.275005
516702 0.0055001 0.876323 0.275005
1940612 0.0055001 0.876323 0.275005
1416805 0.0055001 0.876323 0.275005
257311 0.0055001 0.876323 0.275005
1131567 0.0055001 0.876323 0.275005
3073561 0.0055001 0.876323 0.275005
2762300 0.0055001 0.876323 0.275005
2762297 0.0055001 0.876323 0.275005
2762292 0.0055001 0.876323 0.275005
556268 0.0055001 0.876323 0.275005
2717319 0.0055001 0.876323 0.275005
551987 0.0055001 0.876323 0.275005
2320864 0.0055001 0.876323 0.275005
1715466 0.0055001 0.876323 0.275005
321982 0.0055001 0.876323 0.275005
2692179 0.0055001 0.876323 0.275005
2320863 0.0055001 0.876323 0.275005
2849687 0.0055001 0.876323 0.275005
3080276 0.0055001 0.876323 0.275005
2571746 0.0055001 0.876323 0.275005
621374 0.0055001 0.876323 0.275005
1232866 0.0055001 0.876323 0.275005
93219 0.0055001 0.876323 0.275005
1503054 0.0055001 0.876323 0.275005
1384487 0.0055001 0.876323 0.275005
2268024 0.0055001 0.876323 0.275005
1912599 0.0055001 0.876323 0.275005
416943 0.0055001 0.876323 0.275005
2305225 0.0055001 0.876323 0.275005
2599607 0.0055001 0.876323 0.275005
134537 0.0055001 0.876323 0.275005
3016050 0.0055001 0.876323 0.275005
2569760 0.0055001 0.876323 0.275005
3127013 0.0055001 0.876323 0.275005
3127016 0.0055001 0.876323 0.275005
3127014 0.0055001 0.876323 0.275005
3127015 0.0055001 0.876323 0.275005
2088 0.0055001 0.876323 0.275005
315358 0.0055001 0.876323 0.275005
2219043 0.0055001 0.876323 0.275005
661478 0.0055001 0.876323 0.275005
872965 0.0055001 0.876323 0.275005
3127115 0.0055001 0.876323 0.275005
913107 0.0055001 0.876323 0.275005
360411 0.0055001 0.876323 0.275005
229921 0.0055001 0.876323 0.275005
2841698 0.0055001 0.876323 0.275005
2014873 0.0055001 0.876323 0.275005
2778368 0.0055001 0.876323 0.275005
2490863 0.0055001 0.876323 0.275005
2778369 0.0055001 0.876323 0.275005
2778364 0.0055001 0.876323 0.275005
485913 0.0055001 0.876323 0.275005
186479 0.0055001 0.876323 0.275005
70996 0.0055001 0.876323 0.275005
2364212 0.0055001 0.876323 0.275005
2710758 0.0055001 0.876323 0.275005
1802564 0.0055001 0.876323 0.275005
1802583 0.0055001 0.876323 0.275005
1906157 0.0055001 0.876323 0.275005
945734 0.0055001 0.876323 0.275005
2547457 0.0055001 0.876323 0.275005
915328 0.0055001 0.876323 0.275005
2107698 0.0055001 0.876323 0.275005
1666911 0.0055001 0.876323 0.275005
2547451 0.0055001 0.876323 0.275005
1973484 0.0055001 0.876323 0.275005
1574623 0.0055001 0.876323 0.275005
3110306 0.0055001 0.876323 0.275005
1433147 0.0055001 0.876323 0.275005
2292702 0.0055001 0.876323 0.275005
555088 0.0055001 0.876323 0.275005
1390249 0.0055001 0.876323 0.275005
1082276 0.0055001 0.876323 0.275005
1555112 0.0055001 0.876323 0.275005
3109564 0.0055001 0.876323 0.275005
1796635 0.0055001 0.876323 0.275005
2926319 0.0055001 0.876323 0.275005
118967 0.0055001 0.876323 0.275005
2652286 0.0055001 0.876323 0.275005
33025 0.0055001 0.876323 0.275005
1794912 0.0055001 0.876323 0.275005
1351585 0.0055001 0.876323 0.275005
349095 0.0055001 0.876323 0.275005
2582419 0.0055001 0.876323 0.275005
910314 0.0055001 0.876323 0.275005
2652309 0.0055001 0.876323 0.275005
862415 0.0055001 0.876323 0.275005
1123243 0.0055001 0.876323 0.275005
3054208 0.0055001 0.876323 0.275005
244830 0.0055001 0.876323 0.275005
1123286 0.0055001 0.876323 0.275005
1123289 0.0055001 0.876323 0.275005
1121476 0.0055001 0.876323 0.275005
130788 0.0055001 0.876323 0.275005
3133174 0.0055001 0.876323 0.275005
755172 0.0055001 0.876323 0.275005
759412 0.0055001 0.876323 0.275005
1981510 0.0055001 0.876323 0.275005
2763656 0.0055001 0.876323 0.275005
270498 0.0055001 0.876323 0.275005
2763654 0.0055001 0.876323 0.275005
321763 0.0055001 0.876323 0.275005
1413210 0.0055001 0.876323 0.275005
2682810 0.0055001 0.876323 0.275005
29563 0.0055001 0.876323 0.275005
1894989 0.0055001 0.876323 0.275005
1123369 0.0055001 0.876323 0.275005
477974 0.0055001 0.876323 0.275005
1945634 0.0055001 0.876323 0.275005
2841509 0.0055001 0.876323 0.275005
281456 0.0055001 0.876323 0.275005
767817 0.0055001 0.876323 0.275005
2698 0.0055001 0.876323 0.275005
1260629 0.0055001 0.876323 0.275005
2763661 0.0055001 0.876323 0.275005
2763660 0.0055001 0.876323 0.275005
645991 0.0055001 0.876323 0.275005
2018668 0.0055001 0.876323 0.275005
1121270 0.0055001 0.876323 0.275005
2785058 0.0055001 0.876323 0.275005
2840747 0.0055001 0.876323 0.275005
2838606 0.0055001 0.876323 0.275005
2763047 0.0055001 0.876323 0.275005
2840875 0.0055001 0.876323 0.275005
2840825 0.0055001 0.876323 0.275005
453960 0.0055001 0.876323 0.275005
679936 0.0055001 0.876323 0.275005
338644 0.0055001 0.876323 0.275005
867903 0.0055001 0.876323 0.275005
2741 0.0055001 0.876323 0.275005
29376 0.0055001 0.876323 0.275005
1761012 0.0055001 0.876323 0.275005
1712410 0.0055001 0.876323 0.275005
1383067 0.0055001 0.876323 0.275005
349161 0.0055001 0.876323 0.275005
1122155 0.0055001 0.876323 0.275005
489973 0.0055001 0.876323 0.275005
1294142 0.0055001 0.876323 0.275005
1121339 0.0055001 0.876323 0.275005
748727 0.0055001 0.876323 0.275005
1472040 0.0055001 0.876323 0.275005
94869 0.0055001 0.876323 0.275005
1465809 0.0055001 0.876323 0.275005
2184719 0.0055001 0.876323 0.275005
1691940 0.0055001 0.876323 0.275005
339861 0.0055001 0.876323 0.275005
1289519 0.0055001 0.876323 0.275005
2794346 0.0055001 0.876323 0.275005
3381663 0.0055001 0.876323 0.275005
69208 0.0055001 0.876323 0.275005
2886038 0.0055001 0.876323 0.275005
33953 0.0055001 0.876323 0.275005
1123382 0.0055001 0.876323 0.275005
643648 0.0055001 0.876323 0.275005
2293317 0.0055001 0.876323 0.275005
1795816 0.0055001 0.876323 0.275005
690567 0.0055001 0.876323 0.275005
335541 0.0055001 0.876323 0.275005
1330534 0.0055001 0.876323 0.275005
699246 0.0055001 0.876323 0.275005
2838465 0.0055001 0.876323 0.275005
1122930 0.0055001 0.876323 0.275005
663278 0.0055001 0.876323 0.275005
398512 0.0055001 0.876323 0.275005
2763673 0.0055001 0.876323 0.275005
2841504 0.0055001 0.876323 0.275005
1720313 0.0055001 0.876323 0.275005
2763676 0.0055001 0.876323 0.275005
2763659 0.0055001 0.876323 0.275005
2763658 0.0055001 0.876323 0.275005
2763016 0.0055001 0.876323 0.275005
2041842 0.0055001 0.876323 0.275005
1549 0.0055001 0.876323 0.275005
1263080 0.0055001 0.876323 0.275005
2840774 0.0055001 0.876323 0.275005
29343 0.0055001 0.876323 0.275005
411473 0.0055001 0.876323 0.275005
697329 0.0055001 0.876323 0.275005
40518 0.0055001 0.876323 0.275005
2655001 0.0055001 0.876323 0.275005
445971 0.0055001 0.876323 0.275005
42322 0.0055001 0.876323 0.275005
1235802 0.0055001 0.876323 0.275005
2981771 0.0055001 0.876323 0.275005
411472 0.0055001 0.876323 0.275005
2763668 0.0055001 0.876323 0.275005
1812858 0.0055001 0.876323 0.275005
3123317 0.0055001 0.876323 0.275005
1712665 0.0055001 0.876323 0.275005
39482 0.0055001 0.876323 0.275005
1121322 0.0055001 0.876323 0.275005
1121131 0.0055001 0.876323 0.275005
2881262 0.0055001 0.876323 0.275005
1120996 0.0055001 0.876323 0.275005
1796622 0.0055001 0.876323 0.275005
1763509 0.0055001 0.876323 0.275005
1912855 0.0055001 0.876323 0.275005
2949333 0.0055001 0.876323 0.275005
2838549 0.0055001 0.876323 0.275005
2838551 0.0055001 0.876323 0.275005
536633 0.0055001 0.876323 0.275005
2025493 0.0055001 0.876323 0.275005
1348613 0.0055001 0.876323 0.275005
2818044 0.0055001 0.876323 0.275005
2507160 0.0055001 0.876323 0.275005
1776384 0.0055001 0.876323 0.275005
36842 0.0055001 0.876323 0.275005
1417629 0.0055001 0.876323 0.275005
1424294 0.0055001 0.876323 0.275005
1460447 0.0055001 0.876323 0.275005
1123350 0.0055001 0.876323 0.275005
1233171 0.0055001 0.876323 0.275005
312168 0.0055001 0.876323 0.275005
2841507 0.0055001 0.876323 0.275005
1465501 0.0055001 0.876323 0.275005
1465502 0.0055001 0.876323 0.275005
1923877 0.0055001 0.876323 0.275005
208199 0.0055001 0.876323 0.275005
1552123 0.0055001 0.876323 0.275005
169177 0.0055001 0.876323 0.275005
1490290 0.0055001 0.876323 0.275005
2771432 0.0055001 0.876323 0.275005
2690964 0.0055001 0.876323 0.275005
1765683 0.0055001 0.876323 0.275005
1903704 0.0055001 0.876323 0.275005
2931921 0.0055001 0.876323 0.275005
392011 0.0055001 0.876323 0.275005
1123961 0.0055001 0.876323 0.275005
1902580 0.0055001 0.876323 0.275005
2838756 0.0055001 0.876323 0.275005
214473 0.0055001 0.876323 0.275005
1141106 0.0055001 0.876323 0.275005
1293 0.0055001 0.876323 0.275005
1476 0.0055001 0.876323 0.275005
3104292 0.0055001 0.876323 0.275005
200991 0.0055001 0.876323 0.275005
3058394 0.0055001 0.876323 0.275005
444060 0.0055001 0.876323 0.275005
272558 0.0055001 0.876323 0.275005
531815 0.0055001 0.876323 0.275005
2486280 0.0055001 0.876323 0.275005
1193282 0.0055001 0.876323 0.275005
2741433 0.0055001 0.876323 0.275005
1503961 0.0055001 0.876323 0.275005
1548213 0.0055001 0.876323 0.275005
1516104 0.0055001 0.876323 0.275005
2595041 0.0055001 0.876323 0.275005
1236973 0.0055001 0.876323 0.275005
1543965 0.0055001 0.876323 0.275005
283816 0.0055001 0.876323 0.275005
1371 0.0055001 0.876323 0.275005
28031 0.0055001 0.876323 0.275005
1397 0.0055001 0.876323 0.275005
361279 0.0055001 0.876323 0.275005
570945 0.0055001 0.876323 0.275005
2980103 0.0055001 0.876323 0.275005
2880968 0.0055001 0.876323 0.275005
373054 0.0055001 0.876323 0.275005
2593652 0.0055001 0.876323 0.275005
200990 0.0055001 0.876323 0.275005
284582 0.0055001 0.876323 0.275005
1697394 0.0055001 0.876323 0.275005
1385513 0.0055001 0.876323 0.275005
293388 0.0055001 0.876323 0.275005
574376 0.0055001 0.876323 0.275005
587633 0.0055001 0.876323 0.275005
2547811 0.0055001 0.876323 0.275005
86663 0.0055001 0.876323 0.275005
872396 0.0055001 0.876323 0.275005
1808955 0.0055001 0.876323 0.275005
1914933 0.0055001 0.876323 0.275005
1274353 0.0055001 0.876323 0.275005
459527 0.0055001 0.876323 0.275005
1652465 0.0055001 0.876323 0.275005
557555 0.0055001 0.876323 0.275005
1387779 0.0055001 0.876323 0.275005
2163172 0.0055001 0.876323 0.275005
54911 0.0055001 0.876323 0.275005
1300222 0.0055001 0.876323 0.275005
511487 0.0055001 0.876323 0.275005
2547395 0.0055001 0.876323 0.275005
3151385 0.0055001 0.876323 0.275005
1333845 0.0055001 0.876323 0.275005
2774142 0.0055001 0.876323 0.275005
2654978 0.0055001 0.876323 0.275005
1133364 0.0055001 0.876323 0.275005
2798579 0.0055001 0.876323 0.275005
1126833 0.0055001 0.876323 0.275005
1387834 0.0055001 0.876323 0.275005
1616788 0.0055001 0.876323 0.275005
1844972 0.0055001 0.876323 0.275005
2726185 0.0055001 0.876323 0.275005
2527873 0.0055001 0.876323 0.275005
297318 0.0055001 0.876323 0.275005
624147 0.0055001 0.876323 0.275005
1472 0.0055001 0.876323 0.275005
1451 0.0055001 0.876323 0.275005
1737354 0.0055001 0.876323 0.275005
393251 0.0055001 0.876323 0.275005
142588 0.0055001 0.876323 0.275005
119206 0.0055001 0.876323 0.275005
2487350 0.0055001 0.876323 0.275005
1859473 0.0055001 0.876323 0.275005
1365 0.0055001 0.876323 0.275005
1151742 0.0055001 0.876323 0.275005
1307 0.0055001 0.876323 0.275005
1936207 0.0055001 0.876323 0.275005
1834167 0.0055001 0.876323 0.275005
1158614 0.0055001 0.876323 0.275005
2815324 0.0055001 0.876323 0.275005
1303817 0.0055001 0.876323 0.275005
332949 0.0055001 0.876323 0.275005
2794353 0.0055001 0.876323 0.275005
218144 0.0055001 0.876323 0.275005
1296538 0.0055001 0.876323 0.275005
2876789 0.0055001 0.876323 0.275005
1252 0.0055001 0.876323 0.275005
1423739 0.0055001 0.876323 0.275005
1423734 0.0055001 0.876323 0.275005
1218492 0.0055001 0.876323 0.275005
1608957 0.0055001 0.876323 0.275005
1670830 0.0055001 0.876323 0.275005
2754717 0.0055001 0.876323 0.275005
467091 0.0055001 0.876323 0.275005
1313172 0.0055001 0.876323 0.275005
1229780 0.0055001 0.876323 0.275005
2789776 0.0055001 0.876323 0.275005
467976 0.0055001 0.876323 0.275005
2664430 0.0055001 0.876323 0.275005
667306 0.0055001 0.876323 0.275005
1655583 0.0055001 0.876323 0.275005
496014 0.0055001 0.876323 0.275005
2133960 0.0055001 0.876323 0.275005
1404360 0.0055001 0.876323 0.275005
490573 0.0055001 0.876323 0.275005
1097667 0.0055001 0.876323 0.275005
2884022 0.0055001 0.876323 0.275005
912552 0.0055001 0.876323 0.275005
469383 0.0055001 0.876323 0.275005
1940611 0.0055001 0.876323 0.275005
1002870 0.0055001 0.876323 0.275005
348442 0.0055001 0.876323 0.275005
2483799 0.0055001 0.876323 0.275005
2811108 0.0055001 0.876323 0.275005
553191 0.0055001 0.876323 0.275005
1690 0.0055001 0.876323 0.275005
327277 0.0055001 0.876323 0.275005
158787 0.0055001 0.876323 0.275005
2339232 0.0055001 0.876323 0.275005
573489 0.0055001 0.876323 0.275005
795642 0.0055001 0.876323 0.275005
3157996 0.0055001 0.876323 0.275005
3342716 0.0055001 0.876323 0.275005
516124 0.0055001 0.876323 0.275005
159449 0.0055001 0.876323 0.275005
676205 0.0055001 0.876323 0.275005
2908204 0.0055001 0.876323 0.275005
2705255 0.0055001 0.876323 0.275005
1003195 0.0055001 0.876323 0.275005
236510 0.0055001 0.876323 0.275005
310781 0.0055001 0.876323 0.275005
1436133 0.0055001 0.876323 0.275005
659352 0.0055001 0.876323 0.275005
258053 0.0055001 0.876323 0.275005
452652 0.0055001 0.876323 0.275005
258050 0.0055001 0.876323 0.275005
258049 0.0055001 0.876323 0.275005
58350 0.0055001 0.876323 0.275005
281105 0.0055001 0.876323 0.275005
67307 0.0055001 0.876323 0.275005
2065 0.0055001 0.876323 0.275005
67265 0.0055001 0.876323 0.275005
2756131 0.0055001 0.876323 0.275005
698759 0.0055001 0.876323 0.275005
953739 0.0055001 0.876323 0.275005
455632 0.0055001 0.876323 0.275005
749414 0.0055001 0.876323 0.275005
1240678 0.0055001 0.876323 0.275005
1048205 0.0055001 0.876323 0.275005
621382 0.0055001 0.876323 0.275005
1701085 0.0055001 0.876323 0.275005
1274988 0.0055001 0.876323 0.275005
193462 0.0055001 0.876323 0.275005
193461 0.0055001 0.876323 0.275005
2585196 0.0055001 0.876323 0.275005
3043614 0.0055001 0.876323 0.275005
3043613 0.0055001 0.876323 0.275005
551547 0.0055001 0.876323 0.275005
714166 0.0055001 0.876323 0.275005
58344 0.0055001 0.876323 0.275005
2315329 0.0055001 0.876323 0.275005
249580 0.0055001 0.876323 0.275005
2803812 0.0055001 0.876323 0.275005
42237 0.0055001 0.876323 0.275005
2768068 0.0055001 0.876323 0.275005
47763 0.0055001 0.876323 0.275005
3127701 0.0055001 0.876323 0.275005
2798799 0.0055001 0.876323 0.275005
78510 0.0055001 0.876323 0.275005
1387713 0.0055001 0.876323 0.275005
2599401 0.0055001 0.876323 0.275005
3156398 0.0055001 0.876323 0.275005
1616117 0.0055001 0.876323 0.275005
173861 0.0055001 0.876323 0.275005
173858 0.0055001 0.876323 0.275005
2663842 0.0055001 0.876323 0.275005
42238 0.0055001 0.876323 0.275005
402648 0.0055001 0.876323 0.275005
598549 0.0055001 0.876323 0.275005
2903854 0.0055001 0.876323 0.275005
2975659 0.0055001 0.876323 0.275005
2706042 0.0055001 0.876323 0.275005
1678637 0.0055001 0.876323 0.275005
66369 0.0055001 0.876323 0.275005
333384 0.0055001 0.876323 0.275005
1775135 0.0055001 0.876323 0.275005
2494256 0.0055001 0.876323 0.275005
2886947 0.0055001 0.876323 0.275005
35620 0.0055001 0.876323 0.275005
68272 0.0055001 0.876323 0.275005
68245 0.0055001 0.876323 0.275005
68223 0.0055001 0.876323 0.275005
1972 0.0055001 0.876323 0.275005
67348 0.0055001 0.876323 0.275005
67305 0.0055001 0.876323 0.275005
67298 0.0055001 0.876323 0.275005
1377993 0.0055001 0.876323 0.275005
66900 0.0055001 0.876323 0.275005
66904 0.0055001 0.876323 0.275005
66870 0.0055001 0.876323 0.275005
2184053 0.0055001 0.876323 0.275005
1286094 0.0055001 0.876323 0.275005
457427 0.0055001 0.876323 0.275005
459658 0.0055001 0.876323 0.275005
114699 0.0055001 0.876323 0.275005
1441876 0.0055001 0.876323 0.275005
3075547 0.0055001 0.876323 0.275005
2038343 0.0055001 0.876323 0.275005
2944128 0.0055001 0.876323 0.275005
1206085 0.0055001 0.876323 0.275005
1500506 0.0055001 0.876323 0.275005
2593070 0.0055001 0.876323 0.275005
927661 0.0055001 0.876323 0.275005
363630 0.0055001 0.876323 0.275005
1090615 0.0055001 0.876323 0.275005
1783498 0.0055001 0.876323 0.275005
2650750 0.0055001 0.876323 0.275005
561176 0.0055001 0.876323 0.275005
1837743 0.0055001 0.876323 0.275005
171442 0.0055001 0.876323 0.275005
317664 0.0055001 0.876323 0.275005
1926649 0.0055001 0.876323 0.275005
2835133 0.0055001 0.876323 0.275005
84632 0.0055001 0.876323 0.275005
499548 0.0055001 0.876323 0.275005
559628 0.0055001 0.876323 0.275005
37633 0.0055001 0.876323 0.275005
1612552 0.0055001 0.876323 0.275005
43355 0.0055001 0.876323 0.275005
2017 0.0055001 0.876323 0.275005
882081 0.0055001 0.876323 0.275005
1931992 0.0055001 0.876323 0.275005
1892852 0.0055001 0.876323 0.275005
2665642 0.0055001 0.876323 0.275005
1213861 0.0055001 0.876323 0.275005
1045776 0.0055001 0.876323 0.275005
1449976 0.0055001 0.876323 0.275005
1483604 0.0055001 0.876323 0.275005
663608 0.0055001 0.876323 0.275005
2291215 0.0055001 0.876323 0.275005
663603 0.0055001 0.876323 0.275005
185641 0.0055001 0.876323 0.275005
1470180 0.0055001 0.876323 0.275005
577680 0.0055001 0.876323 0.275005
387889 0.0055001 0.876323 0.275005
2800127 0.0055001 0.876323 0.275005
1477506 0.0055001 0.876323 0.275005
68170 0.0055001 0.876323 0.275005
1789439 0.0055001 0.876323 0.275005
1365924 0.0055001 0.876323 0.275005
1497396 0.0055001 0.876323 0.275005
211113 0.0055001 0.876323 0.275005
860235 0.0055001 0.876323 0.275005
2736640 0.0055001 0.876323 0.275005
153376 0.0055001 0.876323 0.275005
75289 0.0055001 0.876323 0.275005
401976 0.0055001 0.876323 0.275005
2792008 0.0055001 0.876323 0.275005
366584 0.0055001 0.876323 0.275005
102227 0.0055001 0.876323 0.275005
1292037 0.0055001 0.876323 0.275005
1081091 0.0055001 0.876323 0.275005
2945988 0.0055001 0.876323 0.275005
450801 0.0055001 0.876323 0.275005
1854586 0.0055001 0.876323 0.275005
1656914 0.0055001 0.876323 0.275005
115433 0.0055001 0.876323 0.275005
112413 0.0055001 0.876323 0.275005
3156488 0.0055001 0.876323 0.275005
337894 0.0055001 0.876323 0.275005
664692 0.0055001 0.876323 0.275005
664691 0.0055001 0.876323 0.275005
2596893 0.0055001 0.876323 0.275005
236508 0.0055001 0.876323 0.275005
102226 0.0055001 0.876323 0.275005
1804986 0.0055001 0.876323 0.275005
330083 0.0055001 0.876323 0.275005
394193 0.0055001 0.876323 0.275005
455193 0.0055001 0.876323 0.275005
455344 0.0055001 0.876323 0.275005
60895 0.0055001 0.876323 0.275005
418495 0.0055001 0.876323 0.275005
1431848 0.0055001 0.876323 0.275005
2997343 0.0055001 0.876323 0.275005
146035 0.0055001 0.876323 0.275005
664693 0.0055001 0.876323 0.275005
2530387 0.0055001 0.876323 0.275005
2530384 0.0055001 0.876323 0.275005
1816 0.0055001 0.876323 0.275005
1193682 0.0055001 0.876323 0.275005
543527 0.0055001 0.876323 0.275005
1179773 0.0055001 0.876323 0.275005
33920 0.0055001 0.876323 0.275005
33919 0.0055001 0.876323 0.275005
53359 0.0055001 0.876323 0.275005
137265 0.0055001 0.876323 0.275005
356852 0.0055001 0.876323 0.275005
439699 0.0055001 0.876323 0.275005
556531 0.0055001 0.876323 0.275005
556532 0.0055001 0.876323 0.275005
519421 0.0055001 0.876323 0.275005
390989 0.0055001 0.876323 0.275005
741659 0.0055001 0.876323 0.275005
65505 0.0055001 0.876323 0.275005
1036182 0.0055001 0.876323 0.275005
571911 0.0055001 0.876323 0.275005
113561 0.0055001 0.876323 0.275005
1416877 0.0055001 0.876323 0.275005
1544735 0.0055001 0.876323 0.275005
1723736 0.0055001 0.876323 0.275005
113562 0.0055001 0.876323 0.275005
3045177 0.0055001 0.876323 0.275005
403638 0.0055001 0.876323 0.275005
765197 0.0055001 0.876323 0.275005
373681 0.0055001 0.876323 0.275005
883069 0.0055001 0.876323 0.275005
131109 0.0055001 0.876323 0.275005
2652290 0.0055001 0.876323 0.275005
1921764 0.0055001 0.876323 0.275005
1508375 0.0055001 0.876323 0.275005
2828514 0.0055001 0.876323 0.275005
2705254 0.0055001 0.876323 0.275005
1708749 0.0055001 0.876323 0.275005
75385 0.0055001 0.876323 0.275005
2045 0.0055001 0.876323 0.275005
560557 0.0055001 0.876323 0.275005
2968086 0.0055001 0.876323 0.275005
2945102 0.0055001 0.876323 0.275005
1045774 0.0055001 0.876323 0.275005
2518372 0.0055001 0.876323 0.275005
2518370 0.0055001 0.876323 0.275005
449461 0.0055001 0.876323 0.275005
1168730 0.0055001 0.876323 0.275005
2575440 0.0055001 0.876323 0.275005
1914755 0.0055001 0.876323 0.275005
2568655 0.0055001 0.876323 0.275005
860243 0.0055001 0.876323 0.275005
433664 0.0055001 0.876323 0.275005
433657 0.0055001 0.876323 0.275005
400774 0.0055001 0.876323 0.275005
1776736 0.0055001 0.876323 0.275005
203799 0.0055001 0.876323 0.275005
363868 0.0055001 0.876323 0.275005
1542737 0.0055001 0.876323 0.275005
1844 0.0055001 0.876323 0.275005
190195 0.0055001 0.876323 0.275005
479435 0.0055001 0.876323 0.275005
1926257 0.0055001 0.876323 0.275005
2512221 0.0055001 0.876323 0.275005
2512215 0.0055001 0.876323 0.275005
236067 0.0055001 0.876323 0.275005
363865 0.0055001 0.876323 0.275005
2016499 0.0055001 0.876323 0.275005
349934 0.0055001 0.876323 0.275005
1347891 0.0055001 0.876323 0.275005
675864 0.0055001 0.876323 0.275005
2072026 0.0055001 0.876323 0.275005
2057246 0.0055001 0.876323 0.275005
1255658 0.0055001 0.876323 0.275005
119981 0.0055001 0.876323 0.275005
3138240 0.0055001 0.876323 0.275005
682979 0.0055001 0.876323 0.275005
1032480 0.0055001 0.876323 0.275005
1036181 0.0055001 0.876323 0.275005
1716077 0.0055001 0.876323 0.275005
2480626 0.0055001 0.876323 0.275005
1144618 0.0055001 0.876323 0.275005
2864039 0.0055001 0.876323 0.275005
2483351 0.0055001 0.876323 0.275005
2604572 0.0055001 0.876323 0.275005
111807 0.0055001 0.876323 0.275005
46160 0.0055001 0.876323 0.275005
1993 0.0055001 0.876323 0.275005
478107 0.0055001 0.876323 0.275005
1080074 0.0055001 0.876323 0.275005
1490222 0.0055001 0.876323 0.275005
502577 0.0055001 0.876323 0.275005
46162 0.0055001 0.876323 0.275005
58109 0.0055001 0.876323 0.275005
645275 0.0055001 0.876323 0.275005
687207 0.0055001 0.876323 0.275005
995084 0.0055001 0.876323 0.275005
3075544 0.0055001 0.876323 0.275005
2498135 0.0055001 0.876323 0.275005
2831968 0.0055001 0.876323 0.275005
2772213 0.0055001 0.876323 0.275005
372655 0.0055001 0.876323 0.275005
1778267 0.0055001 0.876323 0.275005
3075539 0.0055001 0.876323 0.275005
3018444 0.0055001 0.876323 0.275005
1367973 0.0055001 0.876323 0.275005
90975 0.0055001 0.876323 0.275005
1997 0.0055001 0.876323 0.275005
568844 0.0055001 0.876323 0.275005
2614688 0.0055001 0.876323 0.275005
419590 0.0055001 0.876323 0.275005
65515 0.0055001 0.876323 0.275005
2603600 0.0055001 0.876323 0.275005
1291555 0.0055001 0.876323 0.275005
46182 0.0055001 0.876323 0.275005
1581193 0.0055001 0.876323 0.275005
1187855 0.0055001 0.876323 0.275005
2530383 0.0055001 0.876323 0.275005
37484 0.0055001 0.876323 0.275005
1642303 0.0055001 0.876323 0.275005
47479 0.0055001 0.876323 0.275005
1260955 0.0055001 0.876323 0.275005
1706840 0.0055001 0.876323 0.275005
3030830 0.0055001 0.876323 0.275005
13243 0.0055001 0.876323 0.275005
3075620 0.0055001 0.876323 0.275005
592308 0.0055001 0.876323 0.275005
471853 0.0055001 0.876323 0.275005
264297 0.0055001 0.876323 0.275005
931535 0.0055001 0.876323 0.275005
1712 0.0055001 0.876323 0.275005
1541174 0.0055001 0.876323 0.275005
2017485 0.0055001 0.876323 0.275005
2593973 0.0055001 0.876323 0.275005
767452 0.0055001 0.876323 0.275005
1184609 0.0055001 0.876323 0.275005
1859295 0.0055001 0.876323 0.275005
2953743 0.0055001 0.876323 0.275005
1616110 0.0055001 0.876323 0.275005
88382 0.0055001 0.876323 0.275005
526729 0.0055001 0.876323 0.275005
1774748 0.0055001 0.876323 0.275005
2909229 0.0055001 0.876323 0.275005
1280376 0.0055001 0.876323 0.275005
1403566 0.0055001 0.876323 0.275005
1229781 0.0055001 0.876323 0.275005
2909672 0.0055001 0.876323 0.275005
1136497 0.0055001 0.876323 0.275005
53364 0.0055001 0.876323 0.275005
273384 0.0055001 0.876323 0.275005
629680 0.0055001 0.876323 0.275005
366888 0.0055001 0.876323 0.275005
232444 0.0055001 0.876323 0.275005
1698 0.0055001 0.876323 0.275005
1631356 0.0055001 0.876323 0.275005
908252 0.0055001 0.876323 0.275005
1794944 0.0055001 0.876323 0.275005
1660198 0.0055001 0.876323 0.275005
1656884 0.0055001 0.876323 0.275005
1874116 0.0055001 0.876323 0.275005
657409 0.0055001 0.876323 0.275005
173053 0.0055001 0.876323 0.275005
650104 0.0055001 0.876323 0.275005
673954 0.0055001 0.876323 0.275005
53356 0.0055001 0.876323 0.275005
622664 0.0055001 0.876323 0.275005
1193518 0.0055001 0.876323 0.275005
1194083 0.0055001 0.876323 0.275005
857417 0.0055001 0.876323 0.275005
1285192 0.0055001 0.876323 0.275005
547018 0.0055001 0.876323 0.275005
1882339 0.0055001 0.876323 0.275005
1645614 0.0055001 0.876323 0.275005
410837 0.0055001 0.876323 0.275005
287930 0.0055001 0.876323 0.275005
2676122 0.0055001 0.876323 0.275005
2676123 0.0055001 0.876323 0.275005
211146 0.0055001 0.876323 0.275005
29320 0.0055001 0.876323 0.275005
1338436 0.0055001 0.876323 0.275005
3110330 0.0055001 0.876323 0.275005
322009 0.0055001 0.876323 0.275005
496857 0.0055001 0.876323 0.275005
1463631 0.0055001 0.876323 0.275005
3074079 0.0055001 0.876323 0.275005
2838701 0.0055001 0.876323 0.275005
1882340 0.0055001 0.876323 0.275005
469799 0.0055001 0.876323 0.275005
37922 0.0055001 0.876323 0.275005
670079 0.0055001 0.876323 0.275005
257454 0.0055001 0.876323 0.275005
2723403 0.0055001 0.876323 0.275005
494023 0.0055001 0.876323 0.275005
592307 0.0055001 0.876323 0.275005
169134 0.0055001 0.876323 0.275005
574650 0.0055001 0.876323 0.275005
384602 0.0055001 0.876323 0.275005
683150 0.0055001 0.876323 0.275005
1077972 0.0055001 0.876323 0.275005
1338426 0.0055001 0.876323 0.275005
156980 0.0055001 0.876323 0.275005
1630594 0.0055001 0.876323 0.275005
2904801 0.0055001 0.876323 0.275005
1461584 0.0055001 0.876323 0.275005
2966350 0.0055001 0.876323 0.275005
670078 0.0055001 0.876323 0.275005
1672 0.0055001 0.876323 0.275005
257984 0.0055001 0.876323 0.275005
162496 0.0055001 0.876323 0.275005
453836 0.0055001 0.876323 0.275005
43667 0.0055001 0.876323 0.275005
1933880 0.0055001 0.876323 0.275005
1812262 0.0055001 0.876323 0.275005
85336 0.0055001 0.876323 0.275005
169480 0.0055001 0.876323 0.275005
37923 0.0055001 0.876323 0.275005
396015 0.0055001 0.876323 0.275005
1049583 0.0055001 0.876323 0.275005
136273 0.0055001 0.876323 0.275005
1236550 0.0055001 0.876323 0.275005
2485125 0.0055001 0.876323 0.275005
592377 0.0055001 0.876323 0.275005
1987356 0.0055001 0.876323 0.275005
535712 0.0055001 0.876323 0.275005
2880260 0.0055001 0.876323 0.275005
1162966 0.0055001 0.876323 0.275005
205941 0.0055001 0.876323 0.275005
715785 0.0055001 0.876323 0.275005
640635 0.0055001 0.876323 0.275005
433641 0.0055001 0.876323 0.275005
993087 0.0055001 0.876323 0.275005
2419774 0.0055001 0.876323 0.275005
76635 0.0055001 0.876323 0.275005
199708 0.0055001 0.876323 0.275005
1477021 0.0055001 0.876323 0.275005
2590779 0.0055001 0.876323 0.275005
69373 0.0055001 0.876323 0.275005
1930060 0.0055001 0.876323 0.275005
3042517 0.0055001 0.876323 0.275005
1365628 0.0055001 0.876323 0.275005
2599293 0.0055001 0.876323 0.275005
433643 0.0055001 0.876323 0.275005
1640652 0.0055001 0.876323 0.275005
120298 0.0055001 0.876323 0.275005
2056433 0.0055001 0.876323 0.275005
670054 0.0055001 0.876323 0.275005
475957 0.0055001 0.876323 0.275005
3035919 0.0055001 0.876323 0.275005
1358026 0.0055001 0.876323 0.275005
256821 0.0055001 0.876323 0.275005
979746 0.0055001 0.876323 0.275005
1259247 0.0055001 0.876323 0.275005
1001240 0.0055001 0.876323 0.275005
1259236 0.0055001 0.876323 0.275005
1259150 0.0055001 0.876323 0.275005
995039 0.0055001 0.876323 0.275005
908846 0.0055001 0.876323 0.275005
587635 0.0055001 0.876323 0.275005
1530195 0.0055001 0.876323 0.275005
272241 0.0055001 0.876323 0.275005
637393 0.0055001 0.876323 0.275005
2970914 0.0055001 0.876323 0.275005
153730 0.0055001 0.876323 0.275005
1255656 0.0055001 0.876323 0.275005
2838429 0.0055001 0.876323 0.275005
84643 0.0055001 0.876323 0.275005
399736 0.0055001 0.876323 0.275005
279828 0.0055001 0.876323 0.275005
424758 0.0055001 0.876323 0.275005
2714933 0.0055001 0.876323 0.275005
2714934 0.0055001 0.876323 0.275005
2812850 0.0055001 0.876323 0.275005
55969 0.0055001 0.876323 0.275005
2932247 0.0055001 0.876323 0.275005
2932245 0.0055001 0.876323 0.275005
1784719 0.0055001 0.876323 0.275005
340320 0.0055001 0.876323 0.275005
2796472 0.0055001 0.876323 0.275005
272210 0.0055001 0.876323 0.275005
501483 0.0055001 0.876323 0.275005
662960 0.0055001 0.876323 0.275005
333963 0.0055001 0.876323 0.275005
660067 0.0055001 0.876323 0.275005
398235 0.0055001 0.876323 0.275005
1935379 0.0055001 0.876323 0.275005
3075993 0.0055001 0.876323 0.275005
2781186 0.0055001 0.876323 0.275005
3075992 0.0055001 0.876323 0.275005
156977 0.0055001 0.876323 0.275005
1336204 0.0055001 0.876323 0.275005
57043 0.0055001 0.876323 0.275005
284570 0.0055001 0.876323 0.275005
415214 0.0055001 0.876323 0.275005
415209 0.0055001 0.876323 0.275005
936337 0.0055001 0.876323 0.275005
82380 0.0055001 0.876323 0.275005
985759 0.0055001 0.876323 0.275005
273677 0.0055001 0.876323 0.275005
661398 0.0055001 0.876323 0.275005
104336 0.0055001 0.876323 0.275005
1348253 0.0055001 0.876323 0.275005
36805 0.0055001 0.876323 0.275005
462710 0.0055001 0.876323 0.275005
69368 0.0055001 0.876323 0.275005
33917 0.0055001 0.876323 0.275005
286438 0.0055001 0.876323 0.275005
424795 0.0055001 0.876323 0.275005
88374 0.0055001 0.876323 0.275005
41986 0.0055001 0.876323 0.275005
2662446 0.0055001 0.876323 0.275005
2662258 0.0055001 0.876323 0.275005
2710754 0.0055001 0.876323 0.275005
644556 0.0055001 0.876323 0.275005
1528099 0.0055001 0.876323 0.275005
983873 0.0055001 0.876323 0.275005
321318 0.0055001 0.876323 0.275005
2487892 0.0055001 0.876323 0.275005
1224163 0.0055001 0.876323 0.275005
2913499 0.0055001 0.876323 0.275005
3139423 0.0055001 0.876323 0.275005
2838530 0.0055001 0.876323 0.275005
1783348 0.0055001 0.876323 0.275005
699041 0.0055001 0.876323 0.275005
3049799 0.0055001 0.876323 0.275005
99807 0.0055001 0.876323 0.275005
435914 0.0055001 0.876323 0.275005
2597660 0.0055001 0.876323 0.275005
1075090 0.0055001 0.876323 0.275005
1112204 0.0055001 0.876323 0.275005
1220583 0.0055001 0.876323 0.275005
122202 0.0055001 0.876323 0.275005
1517702 0.0055001 0.876323 0.275005
2725283 0.0055001 0.876323 0.275005
39122 0.0055001 0.876323 0.275005
1534349 0.0055001 0.876323 0.275005
28047 0.0055001 0.876323 0.275005
85968 0.0055001 0.876323 0.275005
117567 0.0055001 0.876323 0.275005
43304 0.0055001 0.876323 0.275005
1779 0.0055001 0.876323 0.275005
39692 0.0055001 0.876323 0.275005
39691 0.0055001 0.876323 0.275005
36811 0.0055001 0.876323 0.275005
134601 0.0055001 0.876323 0.275005
83262 0.0055001 0.876323 0.275005
164757 0.0055001 0.876323 0.275005
154654 0.0055001 0.876323 0.275005
482462 0.0055001 0.876323 0.275005
1719132 0.0055001 0.876323 0.275005
2994102 0.0055001 0.876323 0.275005
368477 0.0055001 0.876323 0.275005
398843 0.0055001 0.876323 0.275005
908250 0.0055001 0.876323 0.275005
2495913 0.0055001 0.876323 0.275005
1543852 0.0055001 0.876323 0.275005
525370 0.0055001 0.876323 0.275005
228602 0.0055001 0.876323 0.275005
1415166 0.0055001 0.876323 0.275005
96468 0.0055001 0.876323 0.275005
455432 0.0055001 0.876323 0.275005
2585199 0.0055001 0.876323 0.275005
2585198 0.0055001 0.876323 0.275005
2675851 0.0055001 0.876323 0.275005
2675850 0.0055001 0.876323 0.275005
53431 0.0055001 0.876323 0.275005
1691571 0.0055001 0.876323 0.275005
85688 0.0055001 0.876323 0.275005
238964 0.0055001 0.876323 0.275005
1823 0.0055001 0.876323 0.275005
1603258 0.0055001 0.876323 0.275005
391736 0.0055001 0.876323 0.275005
1344003 0.0055001 0.876323 0.275005
1273125 0.0055001 0.876323 0.275005
1219028 0.0055001 0.876323 0.275005
632772 0.0055001 0.876323 0.275005
1114960 0.0055001 0.876323 0.275005
935266 0.0055001 0.876323 0.275005
1960308 0.0055001 0.876323 0.275005
2811421 0.0055001 0.876323 0.275005
1805840 0.0055001 0.876323 0.275005
33008 0.0055001 0.876323 0.275005
504800 0.0055001 0.876323 0.275005
1052260 0.0055001 0.876323 0.275005
1608614 0.0055001 0.876323 0.275005
429133 0.0055001 0.876323 0.275005
1938746 0.0055001 0.876323 0.275005
3075546 0.0055001 0.876323 0.275005
1629062 0.0055001 0.876323 0.275005
Node_2565781_519541_0 0.0055001 0.876323 0.275005
Node_2565781_439481_0 0.0055001 0.876323 0.275005
Node_2565781_1874277_0 0.0055001 0.876323 0.275005
Node_2565781_1841599_0 0.0055001 0.876323 0.275005
Node_2565781_1920749_0 0.0055001 0.876323 0.275005
Node_2565781_1940235_0 0.0055001 0.876323 0.275005
Node_2565781_2898728_0 0.0055001 0.876323 0.275005
Node_2565781_2756139_0 0.0055001 0.876323 0.275005
Node_2565781_1803513_0 0.0055001 0.876323 0.275005
Node_2565781_3101447_0 0.0055001 0.876323 0.275005
Node_2756139_2756141_0 0.0055001 0.876323 0.275005
Node_2898728_662760_0 0.0055001 0.876323 0.275005
Node_1940235_1294122_0 0.0055001 0.876323 0.275005
Node_1940235_2586965_0 0.0055001 0.876323 0.275005
Node_1294122_228908_0 0.0055001 0.876323 0.275005
Node_1920749_2885759_0 0.0055001 0.876323 0.275005
Node_1920749_2795018_0 0.0055001 0.876323 0.275005
Node_2885759_425595_0 0.0055001 0.876323 0.275005
Node_1841599_2594042_0 0.0055001 0.876323 0.275005
Node_1841599_2876572_0 0.0055001 0.876323 0.275005
Node_2594042_2951803_0 0.0055001 0.876323 0.275005
Node_1874277_1978156_0 0.0055001 0.876323 0.275005
Node_1874277_1685127_0 0.0055001 0.876323 0.275005
Node_1874277_2511932_0 0.0055001 0.876323 0.275005
Node_1874277_859192_0 0.0055001 0.876323 0.275005
Node_1874277_414004_0 0.0055001 0.876323 0.275005
Node_859192_1353260_0 0.0055001 0.876323 0.275005
Node_859192_1499975_0 0.0055001 0.876323 0.275005
Node_859192_2058097_0 0.0055001 0.876323 0.275005
Node_859192_1470067_0 0.0055001 0.876323 0.275005
Node_1499975_1078905_0 0.0055001 0.876323 0.275005
Node_1353260_1459636_0 0.0055001 0.876323 0.275005
Node_1353260_1798806_0 0.0055001 0.876323 0.275005
Node_1459636_1237085_0 0.0055001 0.876323 0.275005
Node_2511932_1410606_0 0.0055001 0.876323 0.275005
Node_2511932_1980982_0 0.0055001 0.876323 0.275005
Node_2511932_311458_0 0.0055001 0.876323 0.275005
Node_2511932_1603555_0 0.0055001 0.876323 0.275005
Node_1685127_1685124_0 0.0055001 0.876323 0.275005
Node_1978156_985053_0 0.0055001 0.876323 0.275005
Node_1978156_2478471_0 0.0055001 0.876323 0.275005
Node_1978156_1978157_0 0.0055001 0.876323 0.275005
Node_1978156_2056631_0 0.0055001 0.876323 0.275005
Node_1978156_1867258_0 0.0055001 0.876323 0.275005
Node_1978157_1978158_0 0.0055001 0.876323 0.275005
Node_2478471_374847_0 0.0055001 0.876323 0.275005
Node_985053_768672_0 0.0055001 0.876323 0.275005
Node_985053_1056495_0 0.0055001 0.876323 0.275005
Node_985053_273063_0 0.0055001 0.876323 0.275005
Node_985053_1550241_0 0.0055001 0.876323 0.275005
Node_985053_62609_0 0.0055001 0.876323 0.275005
Node_985053_768679_0 0.0055001 0.876323 0.275005
Node_1550241_368408_0 0.0055001 0.876323 0.275005
Node_1550241_2776706_0 0.0055001 0.876323 0.275005
Node_273063_1702097_0 0.0055001 0.876323 0.275005
Node_273063_41673_0 0.0055001 0.876323 0.275005
Node_273063_671065_0 0.0055001 0.876323 0.275005
Node_273063_1670455_0 0.0055001 0.876323 0.275005
Node_273063_2824673_0 0.0055001 0.876323 0.275005
Node_671065_47304_0 0.0055001 0.876323 0.275005
Node_671065_1006006_0 0.0055001 0.876323 0.275005
Node_41673_12915_0 0.0055001 0.876323 0.275005
Node_1702097_419942_0 0.0055001 0.876323 0.275005
Node_1056495_666510_0 0.0055001 0.876323 0.275005
Node_768672_54256_0 0.0055001 0.876323 0.275005
Node_768672_940294_0 0.0055001 0.876323 0.275005
Node_768672_1973259_0 0.0055001 0.876323 0.275005
Node_768672_399550_0 0.0055001 0.876323 0.275005
Node_768672_583356_0 0.0055001 0.876323 0.275005
Node_768672_3402707_0 0.0055001 0.876323 0.275005
Node_768672_1184251_0 0.0055001 0.876323 0.275005
Node_940294_453591_0 0.0055001 0.876323 0.275005
Node_439481_1903181_0 0.0055001 0.876323 0.275005
Node_439481_1776334_0 0.0055001 0.876323 0.275005
Node_439481_2173149_0 0.0055001 0.876323 0.275005
Node_439481_2599289_0 0.0055001 0.876323 0.275005
Node_2173149_399579_0 0.0055001 0.876323 0.275005
Node_2173149_1295009_0 0.0055001 0.876323 0.275005
Node_2173149_2823368_0 0.0055001 0.876323 0.275005
Node_2173149_1889001_0 0.0055001 0.876323 0.275005
Node_1295009_1236689_0 0.0055001 0.876323 0.275005
Node_399579_74969_0 0.0055001 0.876323 0.275005
Node_399579_273075_0 0.0055001 0.876323 0.275005
Node_399579_1673428_0 0.0055001 0.876323 0.275005
Node_399579_1122961_0 0.0055001 0.876323 0.275005
Node_273075_3073602_0 0.0055001 0.876323 0.275005
Node_273075_273116_0 0.0055001 0.876323 0.275005
Node_74969_507754_0 0.0055001 0.876323 0.275005
Node_1903181_456320_0 0.0055001 0.876323 0.275005
Node_1903181_351160_0 0.0055001 0.876323 0.275005
Node_1903181_1698275_0 0.0055001 0.876323 0.275005
Node_1903181_589924_0 0.0055001 0.876323 0.275005
Node_1903181_523849_0 0.0055001 0.876323 0.275005
Node_1903181_2491083_0 0.0055001 0.876323 0.275005
Node_1903181_1927129_0 0.0055001 0.876323 0.275005
Node_523849_186497_0 0.0055001 0.876323 0.275005
Node_523849_72803_0 0.0055001 0.876323 0.275005
Node_523849_2866384_0 0.0055001 0.876323 0.275005
Node_523849_53952_0 0.0055001 0.876323 0.275005
Node_523849_582419_0 0.0055001 0.876323 0.275005
Node_523849_1432656_0 0.0055001 0.876323 0.275005
Node_523849_604354_0 0.0055001 0.876323 0.275005
Node_589924_693661_0 0.0055001 0.876323 0.275005
Node_589924_113653_0 0.0055001 0.876323 0.275005
Node_693661_387631_0 0.0055001 0.876323 0.275005
Node_1698275_1698280_0 0.0055001 0.876323 0.275005
Node_1698275_1698267_0 0.0055001 0.876323 0.275005
Node_1698275_1698270_0 0.0055001 0.876323 0.275005
Node_1698275_1698279_0 0.0055001 0.876323 0.275005
Node_351160_268739_0 0.0055001 0.876323 0.275005
Node_351160_1705564_0 0.0055001 0.876323 0.275005
Node_351160_1277351_0 0.0055001 0.876323 0.275005
Node_351160_660064_0 0.0055001 0.876323 0.275005
Node_351160_2759912_0 0.0055001 0.876323 0.275005
Node_351160_349307_0 0.0055001 0.876323 0.275005
Node_351160_2052831_0 0.0055001 0.876323 0.275005
Node_351160_1041930_0 0.0055001 0.876323 0.275005
Node_2759912_2759913_0 0.0055001 0.876323 0.275005
Node_660064_867904_0 0.0055001 0.876323 0.275005
Node_660064_2759911_0 0.0055001 0.876323 0.275005
Node_660064_2608793_0 0.0055001 0.876323 0.275005
Node_2759911_1392998_0 0.0055001 0.876323 0.275005
Node_2759911_1839936_0 0.0055001 0.876323 0.275005
Node_867904_3028293_0 0.0055001 0.876323 0.275005
Node_1277351_937775_0 0.0055001 0.876323 0.275005
Node_1277351_3028299_0 0.0055001 0.876323 0.275005
Node_1277351_456442_0 0.0055001 0.876323 0.275005
Node_1277351_156457_0 0.0055001 0.876323 0.275005
Node_937775_2735141_0 0.0055001 0.876323 0.275005
Node_268739_2487751_0 0.0055001 0.876323 0.275005
Node_268739_869891_0 0.0055001 0.876323 0.275005
Node_268739_1095778_0 0.0055001 0.876323 0.275005
Node_268739_2917711_0 0.0055001 0.876323 0.275005
Node_268739_2841257_0 0.0055001 0.876323 0.275005
Node_268739_755308_0 0.0055001 0.876323 0.275005
Node_268739_2692200_0 0.0055001 0.876323 0.275005
Node_268739_2937524_0 0.0055001 0.876323 0.275005
Node_268739_175632_0 0.0055001 0.876323 0.275005
Node_268739_2071873_0 0.0055001 0.876323 0.275005
Node_268739_2934340_0 0.0055001 0.876323 0.275005
Node_268739_1364945_0 0.0055001 0.876323 0.275005
Node_268739_2212850_0 0.0055001 0.876323 0.275005
Node_2934340_2934937_0 0.0055001 0.876323 0.275005
Node_2071873_671145_0 0.0055001 0.876323 0.275005
Node_175632_1227456_0 0.0055001 0.876323 0.275005
Node_175632_795797_0 0.0055001 0.876323 0.275005
Node_1227456_1227457_0 0.0055001 0.876323 0.275005
Node_2937524_1008152_0 0.0055001 0.876323 0.275005
Node_2937524_2938695_0 0.0055001 0.876323 0.275005
Node_2692200_1383812_0 0.0055001 0.876323 0.275005
Node_2692200_555573_0 0.0055001 0.876323 0.275005
Node_2692200_489912_0 0.0055001 0.876323 0.275005
Node_755308_755306_0 0.0055001 0.876323 0.275005
Node_2841257_2950539_0 0.0055001 0.876323 0.275005
Node_2841257_2692199_0 0.0055001 0.876323 0.275005
Node_2841257_1679096_0 0.0055001 0.876323 0.275005
Node_2841257_869886_0 0.0055001 0.876323 0.275005
Node_2841257_767519_0 0.0055001 0.876323 0.275005
Node_2841257_1033806_0 0.0055001 0.876323 0.275005
Node_2692199_869890_0 0.0055001 0.876323 0.275005
Node_2950539_2950534_0 0.0055001 0.876323 0.275005
Node_2950539_43776_0 0.0055001 0.876323 0.275005
Node_2917711_926360_0 0.0055001 0.876323 0.275005
Node_1095778_2691917_0 0.0055001 0.876323 0.275005
Node_1095778_1710539_0 0.0055001 0.876323 0.275005
Node_1095778_2741724_0 0.0055001 0.876323 0.275005
Node_1095778_2448032_0 0.0055001 0.876323 0.275005
Node_1095778_1849069_0 0.0055001 0.876323 0.275005
Node_1095778_2419781_0 0.0055001 0.876323 0.275005
Node_1095778_2979988_0 0.0055001 0.876323 0.275005
Node_1095778_2055836_0 0.0055001 0.876323 0.275005
Node_1095778_1679083_0 0.0055001 0.876323 0.275005
Node_1095778_797299_0 0.0055001 0.876323 0.275005
Node_1095778_745377_0 0.0055001 0.876323 0.275005
Node_2448032_1227493_0 0.0055001 0.876323 0.275005
Node_2741724_2816475_0 0.0055001 0.876323 0.275005
Node_1710539_797303_0 0.0055001 0.876323 0.275005
Node_2691917_588898_0 0.0055001 0.876323 0.275005
Node_869891_1748331_0 0.0055001 0.876323 0.275005
Node_869891_1515593_0 0.0055001 0.876323 0.275005
Node_869891_2743089_0 0.0055001 0.876323 0.275005
Node_869891_2917812_0 0.0055001 0.876323 0.275005
Node_869891_1126234_0 0.0055001 0.876323 0.275005
Node_869891_1364933_0 0.0055001 0.876323 0.275005
Node_869891_43928_0 0.0055001 0.876323 0.275005
Node_869891_699433_0 0.0055001 0.876323 0.275005
Node_869891_1776492_0 0.0055001 0.876323 0.275005
Node_869891_1048396_0 0.0055001 0.876323 0.275005
Node_869891_1238424_0 0.0055001 0.876323 0.275005
Node_2743089_2743090_0 0.0055001 0.876323 0.275005
Node_1515593_699431_0 0.0055001 0.876323 0.275005
Node_1748331_523841_0 0.0055001 0.876323 0.275005
Node_456320_49547_0 0.0055001 0.876323 0.275005
Node_456320_243232_0 0.0055001 0.876323 0.275005
Node_49547_868131_0 0.0055001 0.876323 0.275005
Node_519541_37863_0 0.0055001 0.876323 0.275005
Node_1974546_3016050_0 0.0055001 0.876323 0.275005
Node_1974546_717231_0 0.0055001 0.876323 0.275005
Node_1974546_1223518_0 0.0055001 0.876323 0.275005
Node_1974546_1627895_0 0.0055001 0.876323 0.275005
Node_1974546_1499967_0 0.0055001 0.876323 0.275005
Node_1974546_2841693_0 0.0055001 0.876323 0.275005
Node_1974546_1817863_0 0.0055001 0.876323 0.275005
Node_1974546_2212470_0 0.0055001 0.876323 0.275005
Node_1974546_2030807_0 0.0055001 0.876323 0.275005
Node_1974546_2268124_0 0.0055001 0.876323 0.275005
Node_1974546_2250252_0 0.0055001 0.876323 0.275005
Node_1974546_1817865_0 0.0055001 0.876323 0.275005
Node_1974546_1801733_0 0.0055001 0.876323 0.275005
Node_2841693_2024889_0 0.0055001 0.876323 0.275005
Node_1627895_3239303_0 0.0055001 0.876323 0.275005
Node_1223518_1005740_0 0.0055001 0.876323 0.275005
Node_1223518_1227551_0 0.0055001 0.876323 0.275005
Node_1223518_649638_0 0.0055001 0.876323 0.275005
Node_1223518_1706855_0 0.0055001 0.876323 0.275005
Node_1223518_1211322_0 0.0055001 0.876323 0.275005
Node_1223518_693977_0 0.0055001 0.876323 0.275005
Node_1223518_546414_0 0.0055001 0.876323 0.275005
Node_1227551_526227_0 0.0055001 0.876323 0.275005
Node_1227551_1408545_0 0.0055001 0.876323 0.275005
Node_1005740_2754_0 0.0055001 0.876323 0.275005
Node_1005740_133532_0 0.0055001 0.876323 0.275005
Node_1005740_3029084_0 0.0055001 0.876323 0.275005
Node_1005740_580340_0 0.0055001 0.876323 0.275005
Node_133532_469381_0 0.0055001 0.876323 0.275005
Node_2754_508460_0 0.0055001 0.876323 0.275005
Node_2754_584708_0 0.0055001 0.876323 0.275005
Node_508460_1197717_0 0.0055001 0.876323 0.275005
Node_717231_297_0 0.0055001 0.876323 0.275005
Node_717231_1639882_0 0.0055001 0.876323 0.275005
Node_717231_2316731_0 0.0055001 0.876323 0.275005
Node_717231_1969733_0 0.0055001 0.876323 0.275005
Node_717231_1312852_0 0.0055001 0.876323 0.275005
Node_717231_1974746_0 0.0055001 0.876323 0.275005
Node_717231_959_0 0.0055001 0.876323 0.275005
Node_717231_156_0 0.0055001 0.876323 0.275005
Node_717231_187145_0 0.0055001 0.876323 0.275005
Node_717231_479434_0 0.0055001 0.876323 0.275005
Node_717231_2528274_0 0.0055001 0.876323 0.275005
Node_717231_747365_0 0.0055001 0.876323 0.275005
Node_156_869212_0 0.0055001 0.876323 0.275005
Node_156_1963862_0 0.0055001 0.876323 0.275005
Node_156_2840669_0 0.0055001 0.876323 0.275005
Node_156_545694_0 0.0055001 0.876323 0.275005
Node_1963862_252967_0 0.0055001 0.876323 0.275005
Node_1963862_2518645_0 0.0055001 0.876323 0.275005
Node_1963862_573413_0 0.0055001 0.876323 0.275005
Node_959_1513793_0 0.0055001 0.876323 0.275005
Node_959_1184267_0 0.0055001 0.876323 0.275005
Node_1974746_2707525_0 0.0055001 0.876323 0.275005
Node_1974746_1936003_0 0.0055001 0.876323 0.275005
Node_1974746_313628_0 0.0055001 0.876323 0.275005
Node_1974746_2093366_0 0.0055001 0.876323 0.275005
Node_1974746_2697043_0 0.0055001 0.876323 0.275005
Node_313628_760260_0 0.0055001 0.876323 0.275005
Node_313628_2606640_0 0.0055001 0.876323 0.275005
Node_1936003_1930276_0 0.0055001 0.876323 0.275005
Node_1936003_247490_0 0.0055001 0.876323 0.275005
Node_1930276_2528011_0 0.0055001 0.876323 0.275005
Node_1930276_980251_0 0.0055001 0.876323 0.275005
Node_2707525_2706888_0 0.0055001 0.876323 0.275005
Node_2707525_1041768_0 0.0055001 0.876323 0.275005
Node_2707525_1324935_0 0.0055001 0.876323 0.275005
Node_2707525_1655635_0 0.0055001 0.876323 0.275005
Node_2707525_2989719_0 0.0055001 0.876323 0.275005
Node_2706888_2576891_0 0.0055001 0.876323 0.275005
Node_1312852_2818388_0 0.0055001 0.876323 0.275005
Node_1312852_1002689_0 0.0055001 0.876323 0.275005
Node_1312852_1855912_0 0.0055001 0.876323 0.275005
Node_1002689_2741543_0 0.0055001 0.876323 0.275005
Node_1002689_1473598_0 0.0055001 0.876323 0.275005
Node_1002689_741063_0 0.0055001 0.876323 0.275005
Node_1002689_3036704_0 0.0055001 0.876323 0.275005
Node_741063_474949_0 0.0055001 0.876323 0.275005
Node_741063_474952_0 0.0055001 0.876323 0.275005
Node_741063_682795_0 0.0055001 0.876323 0.275005
Node_2818388_2927978_0 0.0055001 0.876323 0.275005
Node_2818388_442870_0 0.0055001 0.876323 0.275005
Node_2927978_2927979_0 0.0055001 0.876323 0.275005
Node_1969733_1592317_0 0.0055001 0.876323 0.275005
Node_1969733_3060442_0 0.0055001 0.876323 0.275005
Node_1969733_91360_0 0.0055001 0.876323 0.275005
Node_1969733_3058419_0 0.0055001 0.876323 0.275005
Node_1969733_43775_0 0.0055001 0.876323 0.275005
Node_1969733_1621989_0 0.0055001 0.876323 0.275005
Node_1969733_571177_0 0.0055001 0.876323 0.275005
Node_1969733_1121391_0 0.0055001 0.876323 0.275005
Node_1969733_213224_0 0.0055001 0.876323 0.275005
Node_571177_2292_0 0.0055001 0.876323 0.275005
Node_571177_419481_0 0.0055001 0.876323 0.275005
Node_2292_1246637_0 0.0055001 0.876323 0.275005
Node_2292_177437_0 0.0055001 0.876323 0.275005
Node_2292_1286635_0 0.0055001 0.876323 0.275005
Node_43775_56780_0 0.0055001 0.876323 0.275005
Node_3058419_1429043_0 0.0055001 0.876323 0.275005
Node_91360_2772557_0 0.0055001 0.876323 0.275005
Node_91360_1121416_0 0.0055001 0.876323 0.275005
Node_3060442_1795632_0 0.0055001 0.876323 0.275005
Node_3060442_1936021_0 0.0055001 0.876323 0.275005
Node_3060442_2047767_0 0.0055001 0.876323 0.275005
Node_1592317_1121442_0 0.0055001 0.876323 0.275005
Node_1592317_206665_0 0.0055001 0.876323 0.275005
Node_1592317_888061_0 0.0055001 0.876323 0.275005
Node_1121442_415242_0 0.0055001 0.876323 0.275005
Node_1121442_1721087_0 0.0055001 0.876323 0.275005
Node_1121442_1121439_0 0.0055001 0.876323 0.275005
Node_1121442_1121449_0 0.0055001 0.876323 0.275005
Node_1121442_563192_0 0.0055001 0.876323 0.275005
Node_1121442_1262666_0 0.0055001 0.876323 0.275005
Node_1721087_3126690_0 0.0055001 0.876323 0.275005
Node_1721087_2678688_0 0.0055001 0.876323 0.275005
Node_415242_241368_0 0.0055001 0.876323 0.275005
Node_415242_2838536_0 0.0055001 0.876323 0.275005
Node_415242_58621_0 0.0055001 0.876323 0.275005
Node_2316731_927083_0 0.0055001 0.876323 0.275005
Node_2316731_2905690_0 0.0055001 0.876323 0.275005
Node_2316731_83450_0 0.0055001 0.876323 0.275005
Node_2316731_2316724_0 0.0055001 0.876323 0.275005
Node_1639882_860790_0 0.0055001 0.876323 0.275005
Node_1639882_2093360_0 0.0055001 0.876323 0.275005
Node_1639882_3056748_0 0.0055001 0.876323 0.275005
Node_1639882_3119007_0 0.0055001 0.876323 0.275005
Node_860790_2173829_0 0.0055001 0.876323 0.275005
Node_860790_716817_0 0.0055001 0.876323 0.275005
Node_860790_1895771_0 0.0055001 0.876323 0.275005
Node_860790_290318_0 0.0055001 0.876323 0.275005
Node_860790_2053187_0 0.0055001 0.876323 0.275005
Node_716817_1469170_0 0.0055001 0.876323 0.275005
Node_716817_1196024_0 0.0055001 0.876323 0.275005
Node_2173829_2518605_0 0.0055001 0.876323 0.275005
Node_2173829_1046115_0 0.0055001 0.876323 0.275005
Node_2173829_1227546_0 0.0055001 0.876323 0.275005
Node_2173829_2793269_0 0.0055001 0.876323 0.275005
Node_2173829_423350_0 0.0055001 0.876323 0.275005
Node_2173829_2965509_0 0.0055001 0.876323 0.275005
Node_2173829_867902_0 0.0055001 0.876323 0.275005
Node_2173829_2058658_0 0.0055001 0.876323 0.275005
Node_2173829_2829795_0 0.0055001 0.876323 0.275005
Node_2173829_1294296_0 0.0055001 0.876323 0.275005
Node_2173829_926562_0 0.0055001 0.876323 0.275005
Node_2173829_1577780_0 0.0055001 0.876323 0.275005
Node_2058658_574963_0 0.0055001 0.876323 0.275005
Node_2058658_2219161_0 0.0055001 0.876323 0.275005
Node_2058658_755732_0 0.0055001 0.876323 0.275005
Node_867902_395936_0 0.0055001 0.876323 0.275005
Node_867902_1434701_0 0.0055001 0.876323 0.275005
Node_867902_238_0 0.0055001 0.876323 0.275005
Node_867902_343874_0 0.0055001 0.876323 0.275005
Node_867902_1585976_0 0.0055001 0.876323 0.275005
Node_867902_2509004_0 0.0055001 0.876323 0.275005
Node_395936_216903_0 0.0055001 0.876323 0.275005
Node_395936_1423959_0 0.0055001 0.876323 0.275005
Node_2965509_2026654_0 0.0055001 0.876323 0.275005
Node_2965509_1578017_0 0.0055001 0.876323 0.275005
Node_2965509_1383885_0 0.0055001 0.876323 0.275005
Node_2965509_1526574_0 0.0055001 0.876323 0.275005
Node_2965509_1052145_0 0.0055001 0.876323 0.275005
Node_2965509_1123758_0 0.0055001 0.876323 0.275005
Node_2965509_1628250_0 0.0055001 0.876323 0.275005
Node_2965509_313594_0 0.0055001 0.876323 0.275005
Node_2965509_1884876_0 0.0055001 0.876323 0.275005
Node_2965509_558155_0 0.0055001 0.876323 0.275005
Node_2965509_1656093_0 0.0055001 0.876323 0.275005
Node_2965509_1159016_0 0.0055001 0.876323 0.275005
Node_2965509_691689_0 0.0055001 0.876323 0.275005
Node_2965509_1080224_0 0.0055001 0.876323 0.275005
Node_2965509_400055_0 0.0055001 0.876323 0.275005
Node_2965509_865937_0 0.0055001 0.876323 0.275005
Node_2965509_3076079_0 0.0055001 0.876323 0.275005
Node_1526574_1155689_0 0.0055001 0.876323 0.275005
Node_1526574_313595_0 0.0055001 0.876323 0.275005
Node_1383885_2915619_0 0.0055001 0.876323 0.275005
Node_1578017_1317122_0 0.0055001 0.876323 0.275005
Node_1578017_2047982_0 0.0055001 0.876323 0.275005
Node_2026654_271156_0 0.0055001 0.876323 0.275005
Node_2026654_2502784_0 0.0055001 0.876323 0.275005
Node_2026654_229205_0 0.0055001 0.876323 0.275005
Node_423350_1346330_0 0.0055001 0.876323 0.275005
Node_423350_425514_0 0.0055001 0.876323 0.275005
Node_423350_929556_0 0.0055001 0.876323 0.275005
Node_423350_398050_0 0.0055001 0.876323 0.275005
Node_423350_2793071_0 0.0055001 0.876323 0.275005
Node_423350_2597670_0 0.0055001 0.876323 0.275005
Node_423350_2303333_0 0.0055001 0.876323 0.275005
Node_423350_538021_0 0.0055001 0.876323 0.275005
Node_423350_2967225_0 0.0055001 0.876323 0.275005
Node_423350_2682091_0 0.0055001 0.876323 0.275005
Node_423350_1176721_0 0.0055001 0.876323 0.275005
Node_423350_714943_0 0.0055001 0.876323 0.275005
Node_425514_3113906_0 0.0055001 0.876323 0.275005
Node_425514_1476464_0 0.0055001 0.876323 0.275005
Node_425514_363852_0 0.0055001 0.876323 0.275005
Node_425514_430522_0 0.0055001 0.876323 0.275005
Node_425514_2530454_0 0.0055001 0.876323 0.275005
Node_425514_2530453_0 0.0055001 0.876323 0.275005
Node_425514_2530456_0 0.0055001 0.876323 0.275005
Node_425514_2203212_0 0.0055001 0.876323 0.275005
Node_425514_2571272_0 0.0055001 0.876323 0.275005
Node_425514_151894_0 0.0055001 0.876323 0.275005
Node_425514_1069985_0 0.0055001 0.876323 0.275005
Node_425514_188932_0 0.0055001 0.876323 0.275005
Node_425514_2679964_0 0.0055001 0.876323 0.275005
Node_425514_1241337_0 0.0055001 0.876323 0.275005
Node_425514_390241_0 0.0055001 0.876323 0.275005
Node_425514_425511_0 0.0055001 0.876323 0.275005
Node_425514_425512_0 0.0055001 0.876323 0.275005
Node_425514_425513_0 0.0055001 0.876323 0.275005
Node_425514_485917_0 0.0055001 0.876323 0.275005
Node_1346330_259_0 0.0055001 0.876323 0.275005
Node_1346330_1686402_0 0.0055001 0.876323 0.275005
Node_1346330_1437280_0 0.0055001 0.876323 0.275005
Node_1346330_743722_0 0.0055001 0.876323 0.275005
Node_2793269_1233460_0 0.0055001 0.876323 0.275005
Node_2793269_670293_0 0.0055001 0.876323 0.275005
Node_2793269_1856322_0 0.0055001 0.876323 0.275005
Node_2793269_2545455_0 0.0055001 0.876323 0.275005
Node_2793269_2676868_0 0.0055001 0.876323 0.275005
Node_2793269_1792502_0 0.0055001 0.876323 0.275005
Node_2793269_1302690_0 0.0055001 0.876323 0.275005
Node_2793269_1539049_0 0.0055001 0.876323 0.275005
Node_2793269_3044211_0 0.0055001 0.876323 0.275005
Node_2793269_1285928_0 0.0055001 0.876323 0.275005
Node_2793269_1978412_0 0.0055001 0.876323 0.275005
Node_2793269_1834163_0 0.0055001 0.876323 0.275005
Node_2793269_2908004_0 0.0055001 0.876323 0.275005
Node_1233460_2991709_0 0.0055001 0.876323 0.275005
Node_1233460_3133966_0 0.0055001 0.876323 0.275005
Node_1233460_2683588_0 0.0055001 0.876323 0.275005
Node_1227546_760192_0 0.0055001 0.876323 0.275005
Node_1227546_2982028_0 0.0055001 0.876323 0.275005
Node_1227546_2864201_0 0.0055001 0.876323 0.275005
Node_760192_1099794_0 0.0055001 0.876323 0.275005
Node_760192_1564516_0 0.0055001 0.876323 0.275005
Node_1046115_1610492_0 0.0055001 0.876323 0.275005
Node_1046115_2183553_0 0.0055001 0.876323 0.275005
Node_1046115_1079859_0 0.0055001 0.876323 0.275005
Node_1046115_413964_0 0.0055001 0.876323 0.275005
Node_1046115_692418_0 0.0055001 0.876323 0.275005
Node_1046115_3051825_0 0.0055001 0.876323 0.275005
Node_1046115_247481_0 0.0055001 0.876323 0.275005
Node_1046115_3058365_0 0.0055001 0.876323 0.275005
Node_1046115_28195_0 0.0055001 0.876323 0.275005
Node_1046115_1279009_0 0.0055001 0.876323 0.275005
Node_1046115_408657_0 0.0055001 0.876323 0.275005
Node_1046115_455078_0 0.0055001 0.876323 0.275005
Node_1046115_2810512_0 0.0055001 0.876323 0.275005
Node_1046115_237019_0 0.0055001 0.876323 0.275005
Node_1046115_866807_0 0.0055001 0.876323 0.275005
Node_1046115_1028214_0 0.0055001 0.876323 0.275005
Node_1046115_2867963_0 0.0055001 0.876323 0.275005
Node_1046115_2782350_0 0.0055001 0.876323 0.275005
Node_1046115_1267423_0 0.0055001 0.876323 0.275005
Node_2810512_2494733_0 0.0055001 0.876323 0.275005
Node_2810512_2879465_0 0.0055001 0.876323 0.275005
Node_408657_2259619_0 0.0055001 0.876323 0.275005
Node_247481_452471_0 0.0055001 0.876323 0.275005
Node_3051825_3051826_0 0.0055001 0.876323 0.275005
Node_692418_861051_0 0.0055001 0.876323 0.275005
Node_413964_2729599_0 0.0055001 0.876323 0.275005
Node_413964_1162670_0 0.0055001 0.876323 0.275005
Node_413964_379075_0 0.0055001 0.876323 0.275005
Node_413964_367791_0 0.0055001 0.876323 0.275005
Node_1079859_2516557_0 0.0055001 0.876323 0.275005
Node_2183553_563176_0 0.0055001 0.876323 0.275005
Node_1610492_1051626_0 0.0055001 0.876323 0.275005
Node_2518605_1117708_0 0.0055001 0.876323 0.275005
Node_2518605_1350067_0 0.0055001 0.876323 0.275005
Node_2518605_1678841_0 0.0055001 0.876323 0.275005
Node_2518605_1307839_0 0.0055001 0.876323 0.275005
Node_2518605_2094150_0 0.0055001 0.876323 0.275005
Node_2518605_702438_0 0.0055001 0.876323 0.275005
Node_1350067_3137470_0 0.0055001 0.876323 0.275005
Node_1117708_1628157_0 0.0055001 0.876323 0.275005
Node_1117708_1168034_0 0.0055001 0.876323 0.275005
Node_1628157_2992111_0 0.0055001 0.876323 0.275005
Node_297_1223802_0 0.0055001 0.876323 0.275005
Node_297_3133430_0 0.0055001 0.876323 0.275005
Node_297_1675686_0 0.0055001 0.876323 0.275005
Node_297_2083153_0 0.0055001 0.876323 0.275005
Node_297_1867749_0 0.0055001 0.876323 0.275005
Node_1675686_2724191_0 0.0055001 0.876323 0.275005
Node_1675686_1465635_0 0.0055001 0.876323 0.275005
Node_1675686_84531_0 0.0055001 0.876323 0.275005
Node_1675686_349521_0 0.0055001 0.876323 0.275005
Node_1675686_434086_0 0.0055001 0.876323 0.275005
Node_1675686_2116700_0 0.0055001 0.876323 0.275005
Node_1675686_374931_0 0.0055001 0.876323 0.275005
Node_1675686_2654998_0 0.0055001 0.876323 0.275005
Node_1675686_1543721_0 0.0055001 0.876323 0.275005
Node_1675686_1133106_0 0.0055001 0.876323 0.275005
Node_1675686_1219070_0 0.0055001 0.876323 0.275005
Node_1675686_2565531_0 0.0055001 0.876323 0.275005
Node_1675686_2714601_0 0.0055001 0.876323 0.275005
Node_1675686_2741544_0 0.0055001 0.876323 0.275005
Node_1675686_1842136_0 0.0055001 0.876323 0.275005
Node_1675686_1329800_0 0.0055001 0.876323 0.275005
Node_1675686_1548547_0 0.0055001 0.876323 0.275005
Node_1675686_585455_0 0.0055001 0.876323 0.275005
Node_1675686_1510150_0 0.0055001 0.876323 0.275005
Node_1675686_634765_0 0.0055001 0.876323 0.275005
Node_1675686_28085_0 0.0055001 0.876323 0.275005
Node_1675686_2707345_0 0.0055001 0.876323 0.275005
Node_1675686_647384_0 0.0055001 0.876323 0.275005
Node_634765_1247513_0 0.0055001 0.876323 0.275005
Node_634765_2891210_0 0.0055001 0.876323 0.275005
Node_1247513_1481894_0 0.0055001 0.876323 0.275005
Node_1510150_2942633_0 0.0055001 0.876323 0.275005
Node_1510150_2213226_0 0.0055001 0.876323 0.275005
Node_2942633_47885_0 0.0055001 0.876323 0.275005
Node_2942633_2666183_0 0.0055001 0.876323 0.275005
Node_2942633_2607908_0 0.0055001 0.876323 0.275005
Node_2942633_53407_0 0.0055001 0.876323 0.275005
Node_2942633_81036_0 0.0055001 0.876323 0.275005
Node_47885_1227924_0 0.0055001 0.876323 0.275005
Node_1329800_644221_0 0.0055001 0.876323 0.275005
Node_1842136_732238_0 0.0055001 0.876323 0.275005
Node_1842136_2695856_0 0.0055001 0.876323 0.275005
Node_2741544_1970738_0 0.0055001 0.876323 0.275005
Node_2714601_2029166_0 0.0055001 0.876323 0.275005
Node_2714601_490188_0 0.0055001 0.876323 0.275005
Node_2565531_1392540_0 0.0055001 0.876323 0.275005
Node_2565531_2904122_0 0.0055001 0.876323 0.275005
Node_1392540_1530123_0 0.0055001 0.876323 0.275005
Node_1392540_1789224_0 0.0055001 0.876323 0.275005
Node_1392540_2126983_0 0.0055001 0.876323 0.275005
Node_1392540_1217662_0 0.0055001 0.876323 0.275005
Node_1530123_405416_0 0.0055001 0.876323 0.275005
Node_1219070_320778_0 0.0055001 0.876323 0.275005
Node_1219070_1278244_0 0.0055001 0.876323 0.275005
Node_1219070_1755811_0 0.0055001 0.876323 0.275005
Node_1219070_685_0 0.0055001 0.876323 0.275005
Node_1219070_265668_0 0.0055001 0.876323 0.275005
Node_1219070_1117707_0 0.0055001 0.876323 0.275005
Node_1219070_3020714_0 0.0055001 0.876323 0.275005
Node_1219070_861298_0 0.0055001 0.876323 0.275005
Node_1219070_474394_0 0.0055001 0.876323 0.275005
Node_1219070_2711221_0 0.0055001 0.876323 0.275005
Node_1219070_2487322_0 0.0055001 0.876323 0.275005
Node_1219070_2695891_0 0.0055001 0.876323 0.275005
Node_1278244_1080227_0 0.0055001 0.876323 0.275005
Node_320778_265726_0 0.0055001 0.876323 0.275005
Node_320778_1654360_0 0.0055001 0.876323 0.275005
Node_320778_388278_0 0.0055001 0.876323 0.275005
Node_1133106_1125411_0 0.0055001 0.876323 0.275005
Node_1133106_2200908_0 0.0055001 0.876323 0.275005
Node_1133106_2030880_0 0.0055001 0.876323 0.275005
Node_1133106_412034_0 0.0055001 0.876323 0.275005
Node_1543721_547122_0 0.0055001 0.876323 0.275005
Node_1543721_1317117_0 0.0055001 0.876323 0.275005
Node_1543721_1192854_0 0.0055001 0.876323 0.275005
Node_1543721_1834037_0 0.0055001 0.876323 0.275005
Node_1543721_3119006_0 0.0055001 0.876323 0.275005
Node_1543721_191960_0 0.0055001 0.876323 0.275005
Node_547122_1750597_0 0.0055001 0.876323 0.275005
Node_547122_2182432_0 0.0055001 0.876323 0.275005
Node_547122_414046_0 0.0055001 0.876323 0.275005
Node_547122_1765967_0 0.0055001 0.876323 0.275005
Node_2654998_2923279_0 0.0055001 0.876323 0.275005
Node_2654998_797473_0 0.0055001 0.876323 0.275005
Node_2923279_1157986_0 0.0055001 0.876323 0.275005
Node_2923279_472583_0 0.0055001 0.876323 0.275005
Node_374931_2028574_0 0.0055001 0.876323 0.275005
Node_374931_28159_0 0.0055001 0.876323 0.275005
Node_374931_97481_0 0.0055001 0.876323 0.275005
Node_2116700_179995_0 0.0055001 0.876323 0.275005
Node_2116700_218936_0 0.0055001 0.876323 0.275005
Node_2116700_914151_0 0.0055001 0.876323 0.275005
Node_2116700_347534_0 0.0055001 0.876323 0.275005
Node_218936_440079_0 0.0055001 0.876323 0.275005
Node_218936_1268236_0 0.0055001 0.876323 0.275005
Node_179995_2820300_0 0.0055001 0.876323 0.275005
Node_179995_867_0 0.0055001 0.876323 0.275005
Node_179995_762983_0 0.0055001 0.876323 0.275005
Node_2820300_1123324_0 0.0055001 0.876323 0.275005
Node_434086_2601894_0 0.0055001 0.876323 0.275005
Node_434086_1641715_0 0.0055001 0.876323 0.275005
Node_434086_1470433_0 0.0055001 0.876323 0.275005
Node_434086_2944933_0 0.0055001 0.876323 0.275005
Node_434086_1655626_0 0.0055001 0.876323 0.275005
Node_1470433_2591008_0 0.0055001 0.876323 0.275005
Node_1470433_1444977_0 0.0055001 0.876323 0.275005
Node_1470433_569599_0 0.0055001 0.876323 0.275005
Node_1470433_570281_0 0.0055001 0.876323 0.275005
Node_1470433_2904075_0 0.0055001 0.876323 0.275005
Node_1470433_1492769_0 0.0055001 0.876323 0.275005
Node_1641715_2950436_0 0.0055001 0.876323 0.275005
Node_1641715_716816_0 0.0055001 0.876323 0.275005
Node_1641715_2721624_0 0.0055001 0.876323 0.275005
Node_1641715_1470434_0 0.0055001 0.876323 0.275005
Node_2601894_1132028_0 0.0055001 0.876323 0.275005
Node_2601894_287487_0 0.0055001 0.876323 0.275005
Node_2601894_2518994_0 0.0055001 0.876323 0.275005
Node_2601894_651086_0 0.0055001 0.876323 0.275005
Node_349521_1815562_0 0.0055001 0.876323 0.275005
Node_349521_1949085_0 0.0055001 0.876323 0.275005
Node_349521_314283_0 0.0055001 0.876323 0.275005
Node_349521_305900_0 0.0055001 0.876323 0.275005
Node_349521_2528527_0 0.0055001 0.876323 0.275005
Node_349521_418701_0 0.0055001 0.876323 0.275005
Node_349521_2080658_0 0.0055001 0.876323 0.275005
Node_349521_2592383_0 0.0055001 0.876323 0.275005
Node_349521_2994640_0 0.0055001 0.876323 0.275005
Node_349521_75684_0 0.0055001 0.876323 0.275005
Node_2592383_3162458_0 0.0055001 0.876323 0.275005
Node_305900_2942213_0 0.0055001 0.876323 0.275005
Node_314283_1445510_0 0.0055001 0.876323 0.275005
Node_314283_418750_0 0.0055001 0.876323 0.275005
Node_1949085_376489_0 0.0055001 0.876323 0.275005
Node_1949085_33074_0 0.0055001 0.876323 0.275005
Node_1949085_2259590_0 0.0055001 0.876323 0.275005
Node_1949085_504092_0 0.0055001 0.876323 0.275005
Node_1815562_383750_0 0.0055001 0.876323 0.275005
Node_1815562_1698799_0 0.0055001 0.876323 0.275005
Node_1815562_207954_0 0.0055001 0.876323 0.275005
Node_1815562_1834034_0 0.0055001 0.876323 0.275005
Node_383750_491948_0 0.0055001 0.876323 0.275005
Node_383750_2984494_0 0.0055001 0.876323 0.275005
Node_383750_3004091_0 0.0055001 0.876323 0.275005
Node_383750_717774_0 0.0055001 0.876323 0.275005
Node_84531_2250595_0 0.0055001 0.876323 0.275005
Node_84531_644220_0 0.0055001 0.876323 0.275005
Node_84531_48664_0 0.0055001 0.876323 0.275005
Node_84531_1132694_0 0.0055001 0.876323 0.275005
Node_84531_2269504_0 0.0055001 0.876323 0.275005
Node_84531_1453541_0 0.0055001 0.876323 0.275005
Node_2269504_2546226_0 0.0055001 0.876323 0.275005
Node_1132694_2752306_0 0.0055001 0.876323 0.275005
Node_48664_56455_0 0.0055001 0.876323 0.275005
Node_2250595_2775866_0 0.0055001 0.876323 0.275005
Node_2250595_2983605_0 0.0055001 0.876323 0.275005
Node_1465635_580_0 0.0055001 0.876323 0.275005
Node_1465635_1917880_0 0.0055001 0.876323 0.275005
Node_1465635_2590031_0 0.0055001 0.876323 0.275005
Node_1465635_1123402_0 0.0055001 0.876323 0.275005
Node_1465635_1891675_0 0.0055001 0.876323 0.275005
Node_2590031_579405_0 0.0055001 0.876323 0.275005
Node_1917880_2890317_0 0.0055001 0.876323 0.275005
Node_580_486993_0 0.0055001 0.876323 0.275005
Node_580_574_0 0.0055001 0.876323 0.275005
Node_580_61646_0 0.0055001 0.876323 0.275005
Node_2724191_751969_0 0.0055001 0.876323 0.275005
Node_2724191_641665_0 0.0055001 0.876323 0.275005
Node_2724191_212020_0 0.0055001 0.876323 0.275005
Node_2724191_1117314_0 0.0055001 0.876323 0.275005
Node_2724191_80854_0 0.0055001 0.876323 0.275005
Node_2724191_718193_0 0.0055001 0.876323 0.275005
Node_1117314_151081_0 0.0055001 0.876323 0.275005
Node_1117314_1365257_0 0.0055001 0.876323 0.275005
Node_212020_220752_0 0.0055001 0.876323 0.275005
Node_641665_3065648_0 0.0055001 0.876323 0.275005
Node_641665_137584_0 0.0055001 0.876323 0.275005
Node_3065648_349064_0 0.0055001 0.876323 0.275005
Node_751969_3075602_0 0.0055001 0.876323 0.275005
Node_751969_1563703_0 0.0055001 0.876323 0.275005
Node_751969_634436_0 0.0055001 0.876323 0.275005
Node_751969_2987522_0 0.0055001 0.876323 0.275005
Node_751969_493475_0 0.0055001 0.876323 0.275005
Node_751969_1121922_0 0.0055001 0.876323 0.275005
Node_751969_1127673_0 0.0055001 0.876323 0.275005
Node_2987522_2259342_0 0.0055001 0.876323 0.275005
Node_1563703_680279_0 0.0055001 0.876323 0.275005
Node_3075602_521012_0 0.0055001 0.876323 0.275005
Node_3133430_1079_0 0.0055001 0.876323 0.275005
Node_3133430_3075590_0 0.0055001 0.876323 0.275005
Node_3133430_1128113_0 0.0055001 0.876323 0.275005
Node_3133430_1123362_0 0.0055001 0.876323 0.275005
Node_3133430_1550728_0 0.0055001 0.876323 0.275005
Node_3133430_1922313_0 0.0055001 0.876323 0.275005
Node_3133430_2030921_0 0.0055001 0.876323 0.275005
Node_3133430_3024400_0 0.0055001 0.876323 0.275005
Node_3133430_2043170_0 0.0055001 0.876323 0.275005
Node_3133430_3143536_0 0.0055001 0.876323 0.275005
Node_3133430_1199156_0 0.0055001 0.876323 0.275005
Node_3133430_2959716_0 0.0055001 0.876323 0.275005
Node_3133430_2576439_0 0.0055001 0.876323 0.275005
Node_3133430_488538_0 0.0055001 0.876323 0.275005
Node_3133430_2686094_0 0.0055001 0.876323 0.275005
Node_3133430_1399147_0 0.0055001 0.876323 0.275005
Node_3133430_2606216_0 0.0055001 0.876323 0.275005
Node_3133430_480070_0 0.0055001 0.876323 0.275005
Node_2606216_2950108_0 0.0055001 0.876323 0.275005
Node_2606216_349750_0 0.0055001 0.876323 0.275005
Node_2686094_1813876_0 0.0055001 0.876323 0.275005
Node_2686094_363631_0 0.0055001 0.876323 0.275005
Node_2686094_366602_0 0.0055001 0.876323 0.275005
Node_2686094_3061083_0 0.0055001 0.876323 0.275005
Node_2686094_715226_0 0.0055001 0.876323 0.275005
Node_366602_3161137_0 0.0055001 0.876323 0.275005
Node_366602_565050_0 0.0055001 0.876323 0.275005
Node_363631_2813778_0 0.0055001 0.876323 0.275005
Node_1813876_98513_0 0.0055001 0.876323 0.275005
Node_1813876_1298959_0 0.0055001 0.876323 0.275005
Node_1199156_1280953_0 0.0055001 0.876323 0.275005
Node_1199156_1608422_0 0.0055001 0.876323 0.275005
Node_1199156_582402_0 0.0055001 0.876323 0.275005
Node_1280953_1280950_0 0.0055001 0.876323 0.275005
Node_1280953_1280951_0 0.0055001 0.876323 0.275005
Node_1280953_1280952_0 0.0055001 0.876323 0.275005
Node_1280953_1280954_0 0.0055001 0.876323 0.275005
Node_3143536_2292771_0 0.0055001 0.876323 0.275005
Node_3143536_2666033_0 0.0055001 0.876323 0.275005
Node_3143536_1866326_0 0.0055001 0.876323 0.275005
Node_2043170_2975056_0 0.0055001 0.876323 0.275005
Node_2043170_1505037_0 0.0055001 0.876323 0.275005
Node_3024400_637679_0 0.0055001 0.876323 0.275005
Node_3024400_1456591_0 0.0055001 0.876323 0.275005
Node_637679_911205_0 0.0055001 0.876323 0.275005
Node_637679_2161677_0 0.0055001 0.876323 0.275005
Node_2030921_1397666_0 0.0055001 0.876323 0.275005
Node_1922313_104100_0 0.0055001 0.876323 0.275005
Node_1922313_693023_0 0.0055001 0.876323 0.275005
Node_1922313_2802395_0 0.0055001 0.876323 0.275005
Node_1922313_1303579_0 0.0055001 0.876323 0.275005
Node_693023_568898_0 0.0055001 0.876323 0.275005
Node_693023_2835040_0 0.0055001 0.876323 0.275005
Node_568898_257708_0 0.0055001 0.876323 0.275005
Node_104100_65958_0 0.0055001 0.876323 0.275005
Node_104100_142834_0 0.0055001 0.876323 0.275005
Node_104100_1223520_0 0.0055001 0.876323 0.275005
Node_104100_1071_0 0.0055001 0.876323 0.275005
Node_104100_2984322_0 0.0055001 0.876323 0.275005
Node_104100_1216886_0 0.0055001 0.876323 0.275005
Node_104100_2991712_0 0.0055001 0.876323 0.275005
Node_104100_2959299_0 0.0055001 0.876323 0.275005
Node_104100_2320859_0 0.0055001 0.876323 0.275005
Node_104100_2812733_0 0.0055001 0.876323 0.275005
Node_104100_2683649_0 0.0055001 0.876323 0.275005
Node_104100_1123227_0 0.0055001 0.876323 0.275005
Node_104100_1346889_0 0.0055001 0.876323 0.275005
Node_1223520_1223519_0 0.0055001 0.876323 0.275005
Node_142834_272568_0 0.0055001 0.876323 0.275005
Node_65958_2766578_0 0.0055001 0.876323 0.275005
Node_1550728_3121345_0 0.0055001 0.876323 0.275005
Node_1550728_1739690_0 0.0055001 0.876323 0.275005
Node_1550728_1490041_0 0.0055001 0.876323 0.275005
Node_1550728_1771310_0 0.0055001 0.876323 0.275005
Node_1550728_2782607_0 0.0055001 0.876323 0.275005
Node_1550728_2950949_0 0.0055001 0.876323 0.275005
Node_1550728_2054227_0 0.0055001 0.876323 0.275005
Node_1550728_1850238_0 0.0055001 0.876323 0.275005
Node_1550728_264203_0 0.0055001 0.876323 0.275005
Node_1850238_392499_0 0.0055001 0.876323 0.275005
Node_2054227_33050_0 0.0055001 0.876323 0.275005
Node_2054227_651663_0 0.0055001 0.876323 0.275005
Node_2782607_3063954_0 0.0055001 0.876323 0.275005
Node_2782607_690566_0 0.0055001 0.876323 0.275005
Node_1771310_3050082_0 0.0055001 0.876323 0.275005
Node_1771310_1715348_0 0.0055001 0.876323 0.275005
Node_1771310_2827236_0 0.0055001 0.876323 0.275005
Node_3050082_333708_0 0.0055001 0.876323 0.275005
Node_1490041_394733_0 0.0055001 0.876323 0.275005
Node_1490041_1913578_0 0.0055001 0.876323 0.275005
Node_1490041_2292257_0 0.0055001 0.876323 0.275005
Node_1739690_2306996_0 0.0055001 0.876323 0.275005
Node_1739690_2793064_0 0.0055001 0.876323 0.275005
Node_1739690_3075597_0 0.0055001 0.876323 0.275005
Node_1739690_2182384_0 0.0055001 0.876323 0.275005
Node_1739690_1509367_0 0.0055001 0.876323 0.275005
Node_1739690_2867238_0 0.0055001 0.876323 0.275005
Node_2182384_2739433_0 0.0055001 0.876323 0.275005
Node_2182384_2584124_0 0.0055001 0.876323 0.275005
Node_3075597_1703339_0 0.0055001 0.876323 0.275005
Node_2793064_1648404_0 0.0055001 0.876323 0.275005
Node_2306996_2055955_0 0.0055001 0.876323 0.275005
Node_3121345_1211806_0 0.0055001 0.876323 0.275005
Node_3121345_2949094_0 0.0055001 0.876323 0.275005
Node_3121345_463200_0 0.0055001 0.876323 0.275005
Node_3121345_13656_0 0.0055001 0.876323 0.275005
Node_463200_2711215_0 0.0055001 0.876323 0.275005
Node_2949094_2722791_0 0.0055001 0.876323 0.275005
Node_2949094_1609977_0 0.0055001 0.876323 0.275005
Node_2949094_2594473_0 0.0055001 0.876323 0.275005
Node_2949094_563996_0 0.0055001 0.876323 0.275005
Node_2949094_370959_0 0.0055001 0.876323 0.275005
Node_2949094_1813879_0 0.0055001 0.876323 0.275005
Node_2949094_1848973_0 0.0055001 0.876323 0.275005
Node_2949094_1259676_0 0.0055001 0.876323 0.275005
Node_2949094_3063997_0 0.0055001 0.876323 0.275005
Node_2949094_2606412_0 0.0055001 0.876323 0.275005
Node_2949094_1166337_0 0.0055001 0.876323 0.275005
Node_2949094_2904799_0 0.0055001 0.876323 0.275005
Node_2949094_2283317_0 0.0055001 0.876323 0.275005
Node_2949094_1123269_0 0.0055001 0.876323 0.275005
Node_1211806_428990_0 0.0055001 0.876323 0.275005
Node_1211806_3056842_0 0.0055001 0.876323 0.275005
Node_1211806_3024215_0 0.0055001 0.876323 0.275005
Node_1211806_2698673_0 0.0055001 0.876323 0.275005
Node_1211806_2839843_0 0.0055001 0.876323 0.275005
Node_1211806_1096930_0 0.0055001 0.876323 0.275005
Node_1123362_1981099_0 0.0055001 0.876323 0.275005
Node_1123362_80876_0 0.0055001 0.876323 0.275005
Node_1123362_140057_0 0.0055001 0.876323 0.275005
Node_1123362_374515_0 0.0055001 0.876323 0.275005
Node_1123362_2729598_0 0.0055001 0.876323 0.275005
Node_1123362_2602015_0 0.0055001 0.876323 0.275005
Node_1123362_502049_0 0.0055001 0.876323 0.275005
Node_1123362_1244869_0 0.0055001 0.876323 0.275005
Node_1123362_1489064_0 0.0055001 0.876323 0.275005
Node_1123362_2812848_0 0.0055001 0.876323 0.275005
Node_1123362_1773489_0 0.0055001 0.876323 0.275005
Node_1123362_1634917_0 0.0055001 0.876323 0.275005
Node_1489064_1549748_0 0.0055001 0.876323 0.275005
Node_1489064_1550907_0 0.0055001 0.876323 0.275005
Node_1489064_454162_0 0.0055001 0.876323 0.275005
Node_1244869_342108_0 0.0055001 0.876323 0.275005
Node_502049_3037796_0 0.0055001 0.876323 0.275005
Node_2602015_3064282_0 0.0055001 0.876323 0.275005
Node_2602015_1867774_0 0.0055001 0.876323 0.275005
Node_2602015_2602016_0 0.0055001 0.876323 0.275005
Node_3064282_600628_0 0.0055001 0.876323 0.275005
Node_3064282_940149_0 0.0055001 0.876323 0.275005
Node_2729598_2039722_0 0.0055001 0.876323 0.275005
Node_2729598_2500179_0 0.0055001 0.876323 0.275005
Node_2729598_1461337_0 0.0055001 0.876323 0.275005
Node_374515_2661937_0 0.0055001 0.876323 0.275005
Node_374515_560819_0 0.0055001 0.876323 0.275005
Node_140057_2591009_0 0.0055001 0.876323 0.275005
Node_140057_1168082_0 0.0055001 0.876323 0.275005
Node_140057_1766165_0 0.0055001 0.876323 0.275005
Node_140057_2594003_0 0.0055001 0.876323 0.275005
Node_140057_269796_0 0.0055001 0.876323 0.275005
Node_140057_2022747_0 0.0055001 0.876323 0.275005
Node_80876_189_0 0.0055001 0.876323 0.275005
Node_80876_414052_0 0.0055001 0.876323 0.275005
Node_1981099_1064539_0 0.0055001 0.876323 0.275005
Node_1981099_1385369_0 0.0055001 0.876323 0.275005
Node_1981099_28077_0 0.0055001 0.876323 0.275005
Node_1064539_192_0 0.0055001 0.876323 0.275005
Node_1064539_2496639_0 0.0055001 0.876323 0.275005
Node_1064539_2202148_0 0.0055001 0.876323 0.275005
Node_1064539_1226968_0 0.0055001 0.876323 0.275005
Node_1064539_2735135_0 0.0055001 0.876323 0.275005
Node_1064539_286727_0 0.0055001 0.876323 0.275005
Node_1128113_1736751_0 0.0055001 0.876323 0.275005
Node_1128113_1220491_0 0.0055001 0.876323 0.275005
Node_1736751_3116575_0 0.0055001 0.876323 0.275005
Node_3075590_2705421_0 0.0055001 0.876323 0.275005
Node_3075590_2306993_0 0.0055001 0.876323 0.275005
Node_3075590_1049199_0 0.0055001 0.876323 0.275005
Node_3075590_475083_0 0.0055001 0.876323 0.275005
Node_3075590_254406_0 0.0055001 0.876323 0.275005
Node_3075590_1651082_0 0.0055001 0.876323 0.275005
Node_3075590_2602289_0 0.0055001 0.876323 0.275005
Node_3075590_1461693_0 0.0055001 0.876323 0.275005
Node_3075590_1524259_0 0.0055001 0.876323 0.275005
Node_3075590_2614809_0 0.0055001 0.876323 0.275005
Node_3075590_1652492_0 0.0055001 0.876323 0.275005
Node_3075590_2072972_0 0.0055001 0.876323 0.275005
Node_3075590_943940_0 0.0055001 0.876323 0.275005
Node_3075590_658057_0 0.0055001 0.876323 0.275005
Node_3075590_1529041_0 0.0055001 0.876323 0.275005
Node_3075590_1123237_0 0.0055001 0.876323 0.275005
Node_3075590_1037362_0 0.0055001 0.876323 0.275005
Node_3075590_1323742_0 0.0055001 0.876323 0.275005
Node_3075590_3029062_0 0.0055001 0.876323 0.275005
Node_3075590_1387277_0 0.0055001 0.876323 0.275005
Node_3075590_441119_0 0.0055001 0.876323 0.275005
Node_1461693_1614693_0 0.0055001 0.876323 0.275005
Node_1461693_1454373_0 0.0055001 0.876323 0.275005
Node_2602289_1537242_0 0.0055001 0.876323 0.275005
Node_1651082_576117_0 0.0055001 0.876323 0.275005
Node_254406_420403_0 0.0055001 0.876323 0.275005
Node_475083_1312363_0 0.0055001 0.876323 0.275005
Node_475083_1247867_0 0.0055001 0.876323 0.275005
Node_475083_74031_0 0.0055001 0.876323 0.275005
Node_475083_2980108_0 0.0055001 0.876323 0.275005
Node_1049199_1510457_0 0.0055001 0.876323 0.275005
Node_2306993_1641972_0 0.0055001 0.876323 0.275005
Node_2705421_913252_0 0.0055001 0.876323 0.275005
Node_2705421_396013_0 0.0055001 0.876323 0.275005
Node_2705421_3231483_0 0.0055001 0.876323 0.275005
Node_2705421_2662264_0 0.0055001 0.876323 0.275005
Node_2705421_1475483_0 0.0055001 0.876323 0.275005
Node_2705421_2035344_0 0.0055001 0.876323 0.275005
Node_2705421_1317121_0 0.0055001 0.876323 0.275005
Node_2705421_2171755_0 0.0055001 0.876323 0.275005
Node_2705421_2599296_0 0.0055001 0.876323 0.275005
Node_2705421_2841044_0 0.0055001 0.876323 0.275005
Node_2705421_2743469_0 0.0055001 0.876323 0.275005
Node_2705421_89524_0 0.0055001 0.876323 0.275005
Node_2705421_2583821_0 0.0055001 0.876323 0.275005
Node_2705421_2748098_0 0.0055001 0.876323 0.275005
Node_2705421_2030798_0 0.0055001 0.876323 0.275005
Node_2705421_666509_0 0.0055001 0.876323 0.275005
Node_2705421_1508389_0 0.0055001 0.876323 0.275005
Node_2705421_2789856_0 0.0055001 0.876323 0.275005
Node_2705421_3066345_0 0.0055001 0.876323 0.275005
Node_2705421_3050036_0 0.0055001 0.876323 0.275005
Node_2705421_35806_0 0.0055001 0.876323 0.275005
Node_2705421_2710650_0 0.0055001 0.876323 0.275005
Node_2705421_2306023_0 0.0055001 0.876323 0.275005
Node_2705421_2761955_0 0.0055001 0.876323 0.275005
Node_2705421_1775175_0 0.0055001 0.876323 0.275005
Node_2705421_1185766_0 0.0055001 0.876323 0.275005
Node_2705421_521013_0 0.0055001 0.876323 0.275005
Node_2705421_2662447_0 0.0055001 0.876323 0.275005
Node_2705421_404875_0 0.0055001 0.876323 0.275005
Node_2705421_1651968_0 0.0055001 0.876323 0.275005
Node_2705421_2483033_0 0.0055001 0.876323 0.275005
Node_2705421_2480588_0 0.0055001 0.876323 0.275005
Node_2662264_1265309_0 0.0055001 0.876323 0.275005
Node_3231483_2552766_0 0.0055001 0.876323 0.275005
Node_396013_2692189_0 0.0055001 0.876323 0.275005
Node_913252_34004_0 0.0055001 0.876323 0.275005
Node_913252_591205_0 0.0055001 0.876323 0.275005
Node_913252_1545044_0 0.0055001 0.876323 0.275005
Node_913252_1915382_0 0.0055001 0.876323 0.275005
Node_913252_376733_0 0.0055001 0.876323 0.275005
Node_913252_53463_0 0.0055001 0.876323 0.275005
Node_913252_1529068_0 0.0055001 0.876323 0.275005
Node_913252_1463598_0 0.0055001 0.876323 0.275005
Node_913252_384678_0 0.0055001 0.876323 0.275005
Node_913252_453842_0 0.0055001 0.876323 0.275005
Node_913252_225362_0 0.0055001 0.876323 0.275005
Node_1079_2182425_0 0.0055001 0.876323 0.275005
Node_1079_1697972_0 0.0055001 0.876323 0.275005
Node_1079_2590451_0 0.0055001 0.876323 0.275005
Node_1079_2448455_0 0.0055001 0.876323 0.275005
Node_1079_999699_0 0.0055001 0.876323 0.275005
Node_1079_1849104_0 0.0055001 0.876323 0.275005
Node_1079_1046114_0 0.0055001 0.876323 0.275005
Node_1079_1951219_0 0.0055001 0.876323 0.275005
Node_1079_2758565_0 0.0055001 0.876323 0.275005
Node_1079_1235591_0 0.0055001 0.876323 0.275005
Node_1079_690164_0 0.0055001 0.876323 0.275005
Node_1079_933063_0 0.0055001 0.876323 0.275005
Node_1079_1920512_0 0.0055001 0.876323 0.275005
Node_1079_2184161_0 0.0055001 0.876323 0.275005
Node_1079_665467_0 0.0055001 0.876323 0.275005
Node_1079_3162530_0 0.0055001 0.876323 0.275005
Node_1079_2067669_0 0.0055001 0.876323 0.275005
Node_1079_1036779_0 0.0055001 0.876323 0.275005
Node_1079_2650924_0 0.0055001 0.876323 0.275005
Node_1079_28210_0 0.0055001 0.876323 0.275005
Node_1079_346911_0 0.0055001 0.876323 0.275005
Node_1079_1402976_0 0.0055001 0.876323 0.275005
Node_1079_395963_0 0.0055001 0.876323 0.275005
Node_1079_2931392_0 0.0055001 0.876323 0.275005
Node_1079_2608987_0 0.0055001 0.876323 0.275005
Node_1079_2184697_0 0.0055001 0.876323 0.275005
Node_1079_364296_0 0.0055001 0.876323 0.275005
Node_346911_425677_0 0.0055001 0.876323 0.275005
Node_1036779_1526658_0 0.0055001 0.876323 0.275005
Node_1036779_151454_0 0.0055001 0.876323 0.275005
Node_1036779_1036780_0 0.0055001 0.876323 0.275005
Node_2067669_372072_0 0.0055001 0.876323 0.275005
Node_3162530_2840188_0 0.0055001 0.876323 0.275005
Node_665467_410841_0 0.0055001 0.876323 0.275005
Node_2184161_1852022_0 0.0055001 0.876323 0.275005
Node_2184161_1514904_0 0.0055001 0.876323 0.275005
Node_1920512_2793297_0 0.0055001 0.876323 0.275005
Node_933063_1774971_0 0.0055001 0.876323 0.275005
Node_933063_51670_0 0.0055001 0.876323 0.275005
Node_933063_648757_0 0.0055001 0.876323 0.275005
Node_51670_582899_0 0.0055001 0.876323 0.275005
Node_1774971_1384459_0 0.0055001 0.876323 0.275005
Node_690164_1653334_0 0.0055001 0.876323 0.275005
Node_690164_1638099_0 0.0055001 0.876323 0.275005
Node_1235591_225324_0 0.0055001 0.876323 0.275005
Node_2758565_285279_0 0.0055001 0.876323 0.275005
Node_2758565_281252_0 0.0055001 0.876323 0.275005
Node_2758565_2692190_0 0.0055001 0.876323 0.275005
Node_2758565_538381_0 0.0055001 0.876323 0.275005
Node_281252_2600299_0 0.0055001 0.876323 0.275005
Node_281252_150831_0 0.0055001 0.876323 0.275005
Node_285279_258256_0 0.0055001 0.876323 0.275005
Node_1951219_2570229_0 0.0055001 0.876323 0.275005
Node_1046114_665118_0 0.0055001 0.876323 0.275005
Node_1046114_880732_0 0.0055001 0.876323 0.275005
Node_665118_2490941_0 0.0055001 0.876323 0.275005
Node_665118_400770_0 0.0055001 0.876323 0.275005
Node_665118_2798801_0 0.0055001 0.876323 0.275005
Node_1849104_1082933_0 0.0055001 0.876323 0.275005
Node_1849104_1231190_0 0.0055001 0.876323 0.275005
Node_1849104_335020_0 0.0055001 0.876323 0.275005
Node_1849104_2116701_0 0.0055001 0.876323 0.275005
Node_1849104_1035067_0 0.0055001 0.876323 0.275005
Node_1231190_1189611_0 0.0055001 0.876323 0.275005
Node_1082933_2014805_0 0.0055001 0.876323 0.275005
Node_1082933_1300307_0 0.0055001 0.876323 0.275005
Node_1082933_266835_0 0.0055001 0.876323 0.275005
Node_999699_1928661_0 0.0055001 0.876323 0.275005
Node_999699_340268_0 0.0055001 0.876323 0.275005
Node_999699_316055_0 0.0055001 0.876323 0.275005
Node_340268_943830_0 0.0055001 0.876323 0.275005
Node_1928661_2594946_0 0.0055001 0.876323 0.275005
Node_1928661_244734_0 0.0055001 0.876323 0.275005
Node_1928661_280332_0 0.0055001 0.876323 0.275005
Node_1928661_1437360_0 0.0055001 0.876323 0.275005
Node_2448455_643673_0 0.0055001 0.876323 0.275005
Node_2448455_1827297_0 0.0055001 0.876323 0.275005
Node_2590451_3098149_0 0.0055001 0.876323 0.275005
Node_2590451_2565783_0 0.0055001 0.876323 0.275005
Node_3098149_314231_0 0.0055001 0.876323 0.275005
Node_1697972_2692265_0 0.0055001 0.876323 0.275005
Node_1697972_3133970_0 0.0055001 0.876323 0.275005
Node_1697972_298794_0 0.0055001 0.876323 0.275005
Node_1697972_600331_0 0.0055001 0.876323 0.275005
Node_1697972_374424_0 0.0055001 0.876323 0.275005
Node_1697972_315478_0 0.0055001 0.876323 0.275005
Node_1697972_1141884_0 0.0055001 0.876323 0.275005
Node_2692265_2719797_0 0.0055001 0.876323 0.275005
Node_2692265_670292_0 0.0055001 0.876323 0.275005
Node_2182425_1817964_0 0.0055001 0.876323 0.275005
Node_2182425_1509405_0 0.0055001 0.876323 0.275005
Node_2182425_1107881_0 0.0055001 0.876323 0.275005
Node_2182425_1197950_0 0.0055001 0.876323 0.275005
Node_2182425_2983763_0 0.0055001 0.876323 0.275005
Node_2182425_2865987_0 0.0055001 0.876323 0.275005
Node_2182425_1572859_0 0.0055001 0.876323 0.275005
Node_2182425_877384_0 0.0055001 0.876323 0.275005
Node_2983763_1922333_0 0.0055001 0.876323 0.275005
Node_1197950_1969821_0 0.0055001 0.876323 0.275005
Node_1197950_1336235_0 0.0055001 0.876323 0.275005
Node_1107881_2742698_0 0.0055001 0.876323 0.275005
Node_1107881_375549_0 0.0055001 0.876323 0.275005
Node_1107881_194963_0 0.0055001 0.876323 0.275005
Node_1107881_394_0 0.0055001 0.876323 0.275005
Node_1509405_2801340_0 0.0055001 0.876323 0.275005
Node_1509405_528178_0 0.0055001 0.876323 0.275005
Node_1509405_648995_0 0.0055001 0.876323 0.275005
Node_1509405_1206817_0 0.0055001 0.876323 0.275005
Node_528178_2503024_0 0.0055001 0.876323 0.275005
Node_2801340_348824_0 0.0055001 0.876323 0.275005
Node_1817964_2250594_0 0.0055001 0.876323 0.275005
Node_1223802_426114_0 0.0055001 0.876323 0.275005
Node_1223802_1054498_0 0.0055001 0.876323 0.275005
Node_1223802_34027_0 0.0055001 0.876323 0.275005
Node_1223802_714531_0 0.0055001 0.876323 0.275005
Node_1223802_2528202_0 0.0055001 0.876323 0.275005
Node_1223802_2715678_0 0.0055001 0.876323 0.275005
Node_34027_350_0 0.0055001 0.876323 0.275005
Node_34027_83767_0 0.0055001 0.876323 0.275005
Node_350_2795389_0 0.0055001 0.876323 0.275005
Node_1054498_1121352_0 0.0055001 0.876323 0.275005
Node_1054498_394935_0 0.0055001 0.876323 0.275005
Node_1054498_664880_0 0.0055001 0.876323 0.275005
Node_1054498_2884804_0 0.0055001 0.876323 0.275005
Node_664880_2571148_0 0.0055001 0.876323 0.275005
Node_394935_1655232_0 0.0055001 0.876323 0.275005
Node_394935_1225769_0 0.0055001 0.876323 0.275005
Node_1121352_1689272_0 0.0055001 0.876323 0.275005
Node_1121352_153491_0 0.0055001 0.876323 0.275005
Node_1121352_3056844_0 0.0055001 0.876323 0.275005
Node_426114_2571746_0 0.0055001 0.876323 0.275005
Node_426114_1131567_0 0.0055001 0.876323 0.275005
Node_426114_2652177_0 0.0055001 0.876323 0.275005
Node_426114_2732868_0 0.0055001 0.876323 0.275005
Node_426114_667019_0 0.0055001 0.876323 0.275005
Node_426114_2565572_0 0.0055001 0.876323 0.275005
Node_426114_1101373_0 0.0055001 0.876323 0.275005
Node_667019_1775474_0 0.0055001 0.876323 0.275005
Node_667019_592050_0 0.0055001 0.876323 0.275005
Node_667019_2732511_0 0.0055001 0.876323 0.275005
Node_667019_263067_0 0.0055001 0.876323 0.275005
Node_667019_2798804_0 0.0055001 0.876323 0.275005
Node_667019_365044_0 0.0055001 0.876323 0.275005
Node_667019_643561_0 0.0055001 0.876323 0.275005
Node_667019_2562762_0 0.0055001 0.876323 0.275005
Node_667019_2596921_0 0.0055001 0.876323 0.275005
Node_667019_219182_0 0.0055001 0.876323 0.275005
Node_2732511_204072_0 0.0055001 0.876323 0.275005
Node_2732511_2606681_0 0.0055001 0.876323 0.275005
Node_592050_2976702_0 0.0055001 0.876323 0.275005
Node_1775474_595537_0 0.0055001 0.876323 0.275005
Node_2732868_3149041_0 0.0055001 0.876323 0.275005
Node_2732868_2496871_0 0.0055001 0.876323 0.275005
Node_2732868_522889_0 0.0055001 0.876323 0.275005
Node_2732868_2795029_0 0.0055001 0.876323 0.275005
Node_2732868_2944811_0 0.0055001 0.876323 0.275005
Node_2795029_392593_0 0.0055001 0.876323 0.275005
Node_522889_744406_0 0.0055001 0.876323 0.275005
Node_522889_1286631_0 0.0055001 0.876323 0.275005
Node_2496871_946333_0 0.0055001 0.876323 0.275005
Node_3149041_304_0 0.0055001 0.876323 0.275005
Node_3149041_1769250_0 0.0055001 0.876323 0.275005
Node_2652177_1416805_0 0.0055001 0.876323 0.275005
Node_2652177_1007095_0 0.0055001 0.876323 0.275005
Node_2652177_206506_0 0.0055001 0.876323 0.275005
Node_2652177_1888893_0 0.0055001 0.876323 0.275005
Node_2652177_1389932_0 0.0055001 0.876323 0.275005
Node_2652177_2782176_0 0.0055001 0.876323 0.275005
Node_2652177_511_0 0.0055001 0.876323 0.275005
Node_2652177_683355_0 0.0055001 0.876323 0.275005
Node_1007095_1940612_0 0.0055001 0.876323 0.275005
Node_1007095_516702_0 0.0055001 0.876323 0.275005
Node_1416805_257311_0 0.0055001 0.876323 0.275005
Node_1131567_2320863_0 0.0055001 0.876323 0.275005
Node_1131567_2717319_0 0.0055001 0.876323 0.275005
Node_1131567_556268_0 0.0055001 0.876323 0.275005
Node_1131567_2762292_0 0.0055001 0.876323 0.275005
Node_1131567_2762297_0 0.0055001 0.876323 0.275005
Node_1131567_2762300_0 0.0055001 0.876323 0.275005
Node_1131567_3073561_0 0.0055001 0.876323 0.275005
Node_2717319_1715466_0 0.0055001 0.876323 0.275005
Node_2717319_2320864_0 0.0055001 0.876323 0.275005
Node_2717319_551987_0 0.0055001 0.876323 0.275005
Node_1715466_2692179_0 0.0055001 0.876323 0.275005
Node_1715466_321982_0 0.0055001 0.876323 0.275005
Node_2320863_3080276_0 0.0055001 0.876323 0.275005
Node_2320863_2849687_0 0.0055001 0.876323 0.275005
Node_2571746_1912599_0 0.0055001 0.876323 0.275005
Node_2571746_2268024_0 0.0055001 0.876323 0.275005
Node_2571746_1384487_0 0.0055001 0.876323 0.275005
Node_2571746_1503054_0 0.0055001 0.876323 0.275005
Node_2571746_93219_0 0.0055001 0.876323 0.275005
Node_2571746_1232866_0 0.0055001 0.876323 0.275005
Node_2571746_621374_0 0.0055001 0.876323 0.275005
Node_1912599_134537_0 0.0055001 0.876323 0.275005
Node_1912599_2599607_0 0.0055001 0.876323 0.275005
Node_1912599_2305225_0 0.0055001 0.876323 0.275005
Node_1912599_416943_0 0.0055001 0.876323 0.275005
Node_3016050_1608957_0 0.0055001 0.876323 0.275005
Node_3016050_555088_0 0.0055001 0.876323 0.275005
Node_3016050_1802564_0 0.0055001 0.876323 0.275005
Node_3016050_872965_0 0.0055001 0.876323 0.275005
Node_3016050_2219043_0 0.0055001 0.876323 0.275005
Node_3016050_2088_0 0.0055001 0.876323 0.275005
Node_3016050_3127013_0 0.0055001 0.876323 0.275005
Node_3016050_2569760_0 0.0055001 0.876323 0.275005
Node_3127013_3127014_0 0.0055001 0.876323 0.275005
Node_3127013_3127016_0 0.0055001 0.876323 0.275005
Node_3127014_3127015_0 0.0055001 0.876323 0.275005
Node_2088_315358_0 0.0055001 0.876323 0.275005
Node_2219043_661478_0 0.0055001 0.876323 0.275005
Node_872965_2364212_0 0.0055001 0.876323 0.275005
Node_872965_186479_0 0.0055001 0.876323 0.275005
Node_872965_2014873_0 0.0055001 0.876323 0.275005
Node_872965_913107_0 0.0055001 0.876323 0.275005
Node_872965_3127115_0 0.0055001 0.876323 0.275005
Node_913107_2841698_0 0.0055001 0.876323 0.275005
Node_913107_229921_0 0.0055001 0.876323 0.275005
Node_913107_360411_0 0.0055001 0.876323 0.275005
Node_2014873_2778364_0 0.0055001 0.876323 0.275005
Node_2014873_2778369_0 0.0055001 0.876323 0.275005
Node_2014873_2490863_0 0.0055001 0.876323 0.275005
Node_2014873_2778368_0 0.0055001 0.876323 0.275005
Node_2778364_485913_0 0.0055001 0.876323 0.275005
Node_186479_70996_0 0.0055001 0.876323 0.275005
Node_2364212_2710758_0 0.0055001 0.876323 0.275005
Node_1802564_945734_0 0.0055001 0.876323 0.275005
Node_1802564_1906157_0 0.0055001 0.876323 0.275005
Node_1802564_1802583_0 0.0055001 0.876323 0.275005
Node_945734_2292702_0 0.0055001 0.876323 0.275005
Node_945734_1574623_0 0.0055001 0.876323 0.275005
Node_945734_2107698_0 0.0055001 0.876323 0.275005
Node_945734_915328_0 0.0055001 0.876323 0.275005
Node_945734_2547457_0 0.0055001 0.876323 0.275005
Node_2107698_2547451_0 0.0055001 0.876323 0.275005
Node_2107698_1666911_0 0.0055001 0.876323 0.275005
Node_2547451_1973484_0 0.0055001 0.876323 0.275005
Node_1574623_1433147_0 0.0055001 0.876323 0.275005
Node_1574623_3110306_0 0.0055001 0.876323 0.275005
Node_555088_1465501_0 0.0055001 0.876323 0.275005
Node_555088_759412_0 0.0055001 0.876323 0.275005
Node_555088_1121476_0 0.0055001 0.876323 0.275005
Node_555088_33025_0 0.0055001 0.876323 0.275005
Node_555088_1796635_0 0.0055001 0.876323 0.275005
Node_555088_1555112_0 0.0055001 0.876323 0.275005
Node_555088_1082276_0 0.0055001 0.876323 0.275005
Node_555088_1390249_0 0.0055001 0.876323 0.275005
Node_1555112_3109564_0 0.0055001 0.876323 0.275005
Node_1796635_2652286_0 0.0055001 0.876323 0.275005
Node_1796635_118967_0 0.0055001 0.876323 0.275005
Node_1796635_2926319_0 0.0055001 0.876323 0.275005
Node_33025_2652309_0 0.0055001 0.876323 0.275005
Node_33025_1351585_0 0.0055001 0.876323 0.275005
Node_33025_1794912_0 0.0055001 0.876323 0.275005
Node_1351585_2582419_0 0.0055001 0.876323 0.275005
Node_1351585_349095_0 0.0055001 0.876323 0.275005
Node_2582419_910314_0 0.0055001 0.876323 0.275005
Node_2652309_3054208_0 0.0055001 0.876323 0.275005
Node_2652309_1123243_0 0.0055001 0.876323 0.275005
Node_2652309_862415_0 0.0055001 0.876323 0.275005
Node_3054208_1123286_0 0.0055001 0.876323 0.275005
Node_3054208_244830_0 0.0055001 0.876323 0.275005
Node_1123286_1123289_0 0.0055001 0.876323 0.275005
Node_1121476_3133174_0 0.0055001 0.876323 0.275005
Node_1121476_130788_0 0.0055001 0.876323 0.275005
Node_3133174_755172_0 0.0055001 0.876323 0.275005
Node_759412_2818044_0 0.0055001 0.876323 0.275005
Node_759412_2981771_0 0.0055001 0.876323 0.275005
Node_759412_1945634_0 0.0055001 0.876323 0.275005
Node_759412_1894989_0 0.0055001 0.876323 0.275005
Node_759412_321763_0 0.0055001 0.876323 0.275005
Node_759412_2763656_0 0.0055001 0.876323 0.275005
Node_759412_1981510_0 0.0055001 0.876323 0.275005
Node_2763656_2763654_0 0.0055001 0.876323 0.275005
Node_2763656_270498_0 0.0055001 0.876323 0.275005
Node_321763_2682810_0 0.0055001 0.876323 0.275005
Node_321763_1413210_0 0.0055001 0.876323 0.275005
Node_2682810_29563_0 0.0055001 0.876323 0.275005
Node_1894989_477974_0 0.0055001 0.876323 0.275005
Node_1894989_1123369_0 0.0055001 0.876323 0.275005
Node_1945634_2655001_0 0.0055001 0.876323 0.275005
Node_1945634_1330534_0 0.0055001 0.876323 0.275005
Node_1945634_1123382_0 0.0055001 0.876323 0.275005
Node_1945634_1122155_0 0.0055001 0.876323 0.275005
Node_1945634_2741_0 0.0055001 0.876323 0.275005
Node_1945634_1121270_0 0.0055001 0.876323 0.275005
Node_1945634_645991_0 0.0055001 0.876323 0.275005
Node_1945634_2763660_0 0.0055001 0.876323 0.275005
Node_1945634_2763661_0 0.0055001 0.876323 0.275005
Node_1945634_1260629_0 0.0055001 0.876323 0.275005
Node_1945634_2698_0 0.0055001 0.876323 0.275005
Node_1945634_767817_0 0.0055001 0.876323 0.275005
Node_1945634_281456_0 0.0055001 0.876323 0.275005
Node_1945634_2841509_0 0.0055001 0.876323 0.275005
Node_645991_2018668_0 0.0055001 0.876323 0.275005
Node_1121270_453960_0 0.0055001 0.876323 0.275005
Node_1121270_2840825_0 0.0055001 0.876323 0.275005
Node_1121270_2840875_0 0.0055001 0.876323 0.275005
Node_1121270_2763047_0 0.0055001 0.876323 0.275005
Node_1121270_2838606_0 0.0055001 0.876323 0.275005
Node_1121270_2840747_0 0.0055001 0.876323 0.275005
Node_1121270_2785058_0 0.0055001 0.876323 0.275005
Node_453960_867903_0 0.0055001 0.876323 0.275005
Node_453960_338644_0 0.0055001 0.876323 0.275005
Node_453960_679936_0 0.0055001 0.876323 0.275005
Node_2741_1383067_0 0.0055001 0.876323 0.275005
Node_2741_1712410_0 0.0055001 0.876323 0.275005
Node_2741_1761012_0 0.0055001 0.876323 0.275005
Node_2741_29376_0 0.0055001 0.876323 0.275005
Node_1383067_349161_0 0.0055001 0.876323 0.275005
Node_1122155_1294142_0 0.0055001 0.876323 0.275005
Node_1122155_489973_0 0.0055001 0.876323 0.275005
Node_1294142_33953_0 0.0055001 0.876323 0.275005
Node_1294142_2886038_0 0.0055001 0.876323 0.275005
Node_1294142_69208_0 0.0055001 0.876323 0.275005
Node_1294142_3381663_0 0.0055001 0.876323 0.275005
Node_1294142_2794346_0 0.0055001 0.876323 0.275005
Node_1294142_1289519_0 0.0055001 0.876323 0.275005
Node_1294142_339861_0 0.0055001 0.876323 0.275005
Node_1294142_1691940_0 0.0055001 0.876323 0.275005
Node_1294142_2184719_0 0.0055001 0.876323 0.275005
Node_1294142_1465809_0 0.0055001 0.876323 0.275005
Node_1294142_94869_0 0.0055001 0.876323 0.275005
Node_1294142_1472040_0 0.0055001 0.876323 0.275005
Node_1294142_748727_0 0.0055001 0.876323 0.275005
Node_1294142_1121339_0 0.0055001 0.876323 0.275005
Node_1123382_690567_0 0.0055001 0.876323 0.275005
Node_1123382_1795816_0 0.0055001 0.876323 0.275005
Node_1123382_2293317_0 0.0055001 0.876323 0.275005
Node_1123382_643648_0 0.0055001 0.876323 0.275005
Node_690567_335541_0 0.0055001 0.876323 0.275005
Node_1330534_411473_0 0.0055001 0.876323 0.275005
Node_1330534_1263080_0 0.0055001 0.876323 0.275005
Node_1330534_1549_0 0.0055001 0.876323 0.275005
Node_1330534_2041842_0 0.0055001 0.876323 0.275005
Node_1330534_2763016_0 0.0055001 0.876323 0.275005
Node_1330534_2763658_0 0.0055001 0.876323 0.275005
Node_1330534_2763659_0 0.0055001 0.876323 0.275005
Node_1330534_2763676_0 0.0055001 0.876323 0.275005
Node_1330534_1720313_0 0.0055001 0.876323 0.275005
Node_1330534_2841504_0 0.0055001 0.876323 0.275005
Node_1330534_2763673_0 0.0055001 0.876323 0.275005
Node_1330534_398512_0 0.0055001 0.876323 0.275005
Node_1330534_663278_0 0.0055001 0.876323 0.275005
Node_1330534_1122930_0 0.0055001 0.876323 0.275005
Node_1330534_2838465_0 0.0055001 0.876323 0.275005
Node_1330534_699246_0 0.0055001 0.876323 0.275005
Node_1263080_29343_0 0.0055001 0.876323 0.275005
Node_1263080_2840774_0 0.0055001 0.876323 0.275005
Node_411473_40518_0 0.0055001 0.876323 0.275005
Node_411473_697329_0 0.0055001 0.876323 0.275005
Node_2655001_42322_0 0.0055001 0.876323 0.275005
Node_2655001_445971_0 0.0055001 0.876323 0.275005
Node_42322_1235802_0 0.0055001 0.876323 0.275005
Node_2981771_1348613_0 0.0055001 0.876323 0.275005
Node_2981771_536633_0 0.0055001 0.876323 0.275005
Node_2981771_2838549_0 0.0055001 0.876323 0.275005
Node_2981771_2949333_0 0.0055001 0.876323 0.275005
Node_2981771_1912855_0 0.0055001 0.876323 0.275005
Node_2981771_1763509_0 0.0055001 0.876323 0.275005
Node_2981771_1796622_0 0.0055001 0.876323 0.275005
Node_2981771_1120996_0 0.0055001 0.876323 0.275005
Node_2981771_2881262_0 0.0055001 0.876323 0.275005
Node_2981771_1121131_0 0.0055001 0.876323 0.275005
Node_2981771_1121322_0 0.0055001 0.876323 0.275005
Node_2981771_39482_0 0.0055001 0.876323 0.275005
Node_2981771_1712665_0 0.0055001 0.876323 0.275005
Node_2981771_3123317_0 0.0055001 0.876323 0.275005
Node_2981771_1812858_0 0.0055001 0.876323 0.275005
Node_2981771_2763668_0 0.0055001 0.876323 0.275005
Node_2981771_411472_0 0.0055001 0.876323 0.275005
Node_2838549_2838551_0 0.0055001 0.876323 0.275005
Node_536633_2025493_0 0.0055001 0.876323 0.275005
Node_2818044_312168_0 0.0055001 0.876323 0.275005
Node_2818044_1460447_0 0.0055001 0.876323 0.275005
Node_2818044_1417629_0 0.0055001 0.876323 0.275005
Node_2818044_36842_0 0.0055001 0.876323 0.275005
Node_2818044_1776384_0 0.0055001 0.876323 0.275005
Node_2818044_2507160_0 0.0055001 0.876323 0.275005
Node_1417629_1424294_0 0.0055001 0.876323 0.275005
Node_1460447_1233171_0 0.0055001 0.876323 0.275005
Node_1460447_1123350_0 0.0055001 0.876323 0.275005
Node_312168_2841507_0 0.0055001 0.876323 0.275005
Node_1465501_142588_0 0.0055001 0.876323 0.275005
Node_1465501_459527_0 0.0055001 0.876323 0.275005
Node_1465501_444060_0 0.0055001 0.876323 0.275005
Node_1465501_1476_0 0.0055001 0.876323 0.275005
Node_1465501_1902580_0 0.0055001 0.876323 0.275005
Node_1465501_1765683_0 0.0055001 0.876323 0.275005
Node_1465501_1490290_0 0.0055001 0.876323 0.275005
Node_1465501_169177_0 0.0055001 0.876323 0.275005
Node_1465501_1552123_0 0.0055001 0.876323 0.275005
Node_1465501_208199_0 0.0055001 0.876323 0.275005
Node_1465501_1923877_0 0.0055001 0.876323 0.275005
Node_1465501_1465502_0 0.0055001 0.876323 0.275005
Node_1490290_2690964_0 0.0055001 0.876323 0.275005
Node_1490290_2771432_0 0.0055001 0.876323 0.275005
Node_1765683_2931921_0 0.0055001 0.876323 0.275005
Node_1765683_1903704_0 0.0055001 0.876323 0.275005
Node_2931921_1123961_0 0.0055001 0.876323 0.275005
Node_2931921_392011_0 0.0055001 0.876323 0.275005
Node_1902580_214473_0 0.0055001 0.876323 0.275005
Node_1902580_2838756_0 0.0055001 0.876323 0.275005
Node_214473_1293_0 0.0055001 0.876323 0.275005
Node_214473_1141106_0 0.0055001 0.876323 0.275005
Node_1476_200991_0 0.0055001 0.876323 0.275005
Node_1476_3104292_0 0.0055001 0.876323 0.275005
Node_200991_3058394_0 0.0055001 0.876323 0.275005
Node_444060_1914933_0 0.0055001 0.876323 0.275005
Node_444060_293388_0 0.0055001 0.876323 0.275005
Node_444060_1697394_0 0.0055001 0.876323 0.275005
Node_444060_200990_0 0.0055001 0.876323 0.275005
Node_444060_2593652_0 0.0055001 0.876323 0.275005
Node_444060_373054_0 0.0055001 0.876323 0.275005
Node_444060_2880968_0 0.0055001 0.876323 0.275005
Node_444060_2980103_0 0.0055001 0.876323 0.275005
Node_444060_570945_0 0.0055001 0.876323 0.275005
Node_444060_361279_0 0.0055001 0.876323 0.275005
Node_444060_1397_0 0.0055001 0.876323 0.275005
Node_444060_28031_0 0.0055001 0.876323 0.275005
Node_444060_1371_0 0.0055001 0.876323 0.275005
Node_444060_283816_0 0.0055001 0.876323 0.275005
Node_444060_1543965_0 0.0055001 0.876323 0.275005
Node_444060_1236973_0 0.0055001 0.876323 0.275005
Node_444060_2595041_0 0.0055001 0.876323 0.275005
Node_444060_1516104_0 0.0055001 0.876323 0.275005
Node_444060_1548213_0 0.0055001 0.876323 0.275005
Node_444060_1503961_0 0.0055001 0.876323 0.275005
Node_444060_2741433_0 0.0055001 0.876323 0.275005
Node_444060_1193282_0 0.0055001 0.876323 0.275005
Node_444060_2486280_0 0.0055001 0.876323 0.275005
Node_444060_531815_0 0.0055001 0.876323 0.275005
Node_444060_272558_0 0.0055001 0.876323 0.275005
Node_200990_284582_0 0.0055001 0.876323 0.275005
Node_1697394_1385513_0 0.0055001 0.876323 0.275005
Node_293388_1808955_0 0.0055001 0.876323 0.275005
Node_293388_872396_0 0.0055001 0.876323 0.275005
Node_293388_86663_0 0.0055001 0.876323 0.275005
Node_293388_2547811_0 0.0055001 0.876323 0.275005
Node_293388_587633_0 0.0055001 0.876323 0.275005
Node_293388_574376_0 0.0055001 0.876323 0.275005
Node_1914933_1274353_0 0.0055001 0.876323 0.275005
Node_459527_2547395_0 0.0055001 0.876323 0.275005
Node_459527_54911_0 0.0055001 0.876323 0.275005
Node_459527_557555_0 0.0055001 0.876323 0.275005
Node_459527_1652465_0 0.0055001 0.876323 0.275005
Node_557555_2163172_0 0.0055001 0.876323 0.275005
Node_557555_1387779_0 0.0055001 0.876323 0.275005
Node_54911_511487_0 0.0055001 0.876323 0.275005
Node_54911_1300222_0 0.0055001 0.876323 0.275005
Node_2547395_393251_0 0.0055001 0.876323 0.275005
Node_2547395_1737354_0 0.0055001 0.876323 0.275005
Node_2547395_1451_0 0.0055001 0.876323 0.275005
Node_2547395_1472_0 0.0055001 0.876323 0.275005
Node_2547395_624147_0 0.0055001 0.876323 0.275005
Node_2547395_297318_0 0.0055001 0.876323 0.275005
Node_2547395_2527873_0 0.0055001 0.876323 0.275005
Node_2547395_2726185_0 0.0055001 0.876323 0.275005
Node_2547395_1844972_0 0.0055001 0.876323 0.275005
Node_2547395_1616788_0 0.0055001 0.876323 0.275005
Node_2547395_1387834_0 0.0055001 0.876323 0.275005
Node_2547395_1126833_0 0.0055001 0.876323 0.275005
Node_2547395_2798579_0 0.0055001 0.876323 0.275005
Node_2547395_1133364_0 0.0055001 0.876323 0.275005
Node_2547395_2654978_0 0.0055001 0.876323 0.275005
Node_2547395_2774142_0 0.0055001 0.876323 0.275005
Node_2547395_1333845_0 0.0055001 0.876323 0.275005
Node_2547395_3151385_0 0.0055001 0.876323 0.275005
Node_142588_1296538_0 0.0055001 0.876323 0.275005
Node_142588_1834167_0 0.0055001 0.876323 0.275005
Node_142588_1859473_0 0.0055001 0.876323 0.275005
Node_142588_119206_0 0.0055001 0.876323 0.275005
Node_119206_2487350_0 0.0055001 0.876323 0.275005
Node_1859473_1307_0 0.0055001 0.876323 0.275005
Node_1859473_1151742_0 0.0055001 0.876323 0.275005
Node_1859473_1365_0 0.0055001 0.876323 0.275005
Node_1307_1936207_0 0.0055001 0.876323 0.275005
Node_1834167_2794353_0 0.0055001 0.876323 0.275005
Node_1834167_332949_0 0.0055001 0.876323 0.275005
Node_1834167_1303817_0 0.0055001 0.876323 0.275005
Node_1834167_2815324_0 0.0055001 0.876323 0.275005
Node_1834167_1158614_0 0.0055001 0.876323 0.275005
Node_2794353_218144_0 0.0055001 0.876323 0.275005
Node_1296538_1218492_0 0.0055001 0.876323 0.275005
Node_1296538_1423734_0 0.0055001 0.876323 0.275005
Node_1296538_1423739_0 0.0055001 0.876323 0.275005
Node_1296538_1252_0 0.0055001 0.876323 0.275005
Node_1296538_2876789_0 0.0055001 0.876323 0.275005
Node_1608957_348442_0 0.0055001 0.876323 0.275005
Node_1608957_496014_0 0.0055001 0.876323 0.275005
Node_1608957_467091_0 0.0055001 0.876323 0.275005
Node_1608957_2754717_0 0.0055001 0.876323 0.275005
Node_1608957_1670830_0 0.0055001 0.876323 0.275005
Node_467091_1655583_0 0.0055001 0.876323 0.275005
Node_467091_2664430_0 0.0055001 0.876323 0.275005
Node_467091_2789776_0 0.0055001 0.876323 0.275005
Node_467091_1229780_0 0.0055001 0.876323 0.275005
Node_467091_1313172_0 0.0055001 0.876323 0.275005
Node_2789776_467976_0 0.0055001 0.876323 0.275005
Node_2664430_667306_0 0.0055001 0.876323 0.275005
Node_496014_1002870_0 0.0055001 0.876323 0.275005
Node_496014_912552_0 0.0055001 0.876323 0.275005
Node_496014_2884022_0 0.0055001 0.876323 0.275005
Node_496014_1097667_0 0.0055001 0.876323 0.275005
Node_496014_1404360_0 0.0055001 0.876323 0.275005
Node_496014_2133960_0 0.0055001 0.876323 0.275005
Node_1404360_490573_0 0.0055001 0.876323 0.275005
Node_912552_1940611_0 0.0055001 0.876323 0.275005
Node_912552_469383_0 0.0055001 0.876323 0.275005
Node_348442_504800_0 0.0055001 0.876323 0.275005
Node_348442_2710754_0 0.0055001 0.876323 0.275005
Node_348442_3030830_0 0.0055001 0.876323 0.275005
Node_348442_2480626_0 0.0055001 0.876323 0.275005
Node_348442_1708749_0 0.0055001 0.876323 0.275005
Node_348442_1508375_0 0.0055001 0.876323 0.275005
Node_348442_883069_0 0.0055001 0.876323 0.275005
Node_348442_53359_0 0.0055001 0.876323 0.275005
Node_348442_1612552_0 0.0055001 0.876323 0.275005
Node_348442_317664_0 0.0055001 0.876323 0.275005
Node_348442_1837743_0 0.0055001 0.876323 0.275005
Node_348442_1783498_0 0.0055001 0.876323 0.275005
Node_348442_363630_0 0.0055001 0.876323 0.275005
Node_348442_2593070_0 0.0055001 0.876323 0.275005
Node_348442_1500506_0 0.0055001 0.876323 0.275005
Node_348442_3075547_0 0.0055001 0.876323 0.275005
Node_348442_3157996_0 0.0055001 0.876323 0.275005
Node_348442_573489_0 0.0055001 0.876323 0.275005
Node_348442_2339232_0 0.0055001 0.876323 0.275005
Node_348442_553191_0 0.0055001 0.876323 0.275005
Node_348442_2811108_0 0.0055001 0.876323 0.275005
Node_348442_2483799_0 0.0055001 0.876323 0.275005
Node_553191_158787_0 0.0055001 0.876323 0.275005
Node_553191_327277_0 0.0055001 0.876323 0.275005
Node_553191_1690_0 0.0055001 0.876323 0.275005
Node_573489_795642_0 0.0055001 0.876323 0.275005
Node_3157996_2756131_0 0.0055001 0.876323 0.275005
Node_3157996_258053_0 0.0055001 0.876323 0.275005
Node_3157996_310781_0 0.0055001 0.876323 0.275005
Node_3157996_2705255_0 0.0055001 0.876323 0.275005
Node_3157996_676205_0 0.0055001 0.876323 0.275005
Node_3157996_516124_0 0.0055001 0.876323 0.275005
Node_3157996_3342716_0 0.0055001 0.876323 0.275005
Node_516124_159449_0 0.0055001 0.876323 0.275005
Node_676205_2908204_0 0.0055001 0.876323 0.275005
Node_2705255_236510_0 0.0055001 0.876323 0.275005
Node_2705255_1003195_0 0.0055001 0.876323 0.275005
Node_310781_659352_0 0.0055001 0.876323 0.275005
Node_310781_1436133_0 0.0055001 0.876323 0.275005
Node_258053_67265_0 0.0055001 0.876323 0.275005
Node_258053_2065_0 0.0055001 0.876323 0.275005
Node_258053_67307_0 0.0055001 0.876323 0.275005
Node_258053_281105_0 0.0055001 0.876323 0.275005
Node_258053_58350_0 0.0055001 0.876323 0.275005
Node_258053_258049_0 0.0055001 0.876323 0.275005
Node_258053_258050_0 0.0055001 0.876323 0.275005
Node_258053_452652_0 0.0055001 0.876323 0.275005
Node_2756131_1441876_0 0.0055001 0.876323 0.275005
Node_2756131_457427_0 0.0055001 0.876323 0.275005
Node_2756131_2184053_0 0.0055001 0.876323 0.275005
Node_2756131_66870_0 0.0055001 0.876323 0.275005
Node_2756131_66904_0 0.0055001 0.876323 0.275005
Node_2756131_66900_0 0.0055001 0.876323 0.275005
Node_2756131_1377993_0 0.0055001 0.876323 0.275005
Node_2756131_67298_0 0.0055001 0.876323 0.275005
Node_2756131_67305_0 0.0055001 0.876323 0.275005
Node_2756131_67348_0 0.0055001 0.876323 0.275005
Node_2756131_1972_0 0.0055001 0.876323 0.275005
Node_2756131_68223_0 0.0055001 0.876323 0.275005
Node_2756131_68245_0 0.0055001 0.876323 0.275005
Node_2756131_68272_0 0.0055001 0.876323 0.275005
Node_2756131_35620_0 0.0055001 0.876323 0.275005
Node_2756131_2886947_0 0.0055001 0.876323 0.275005
Node_2756131_2494256_0 0.0055001 0.876323 0.275005
Node_2756131_1775135_0 0.0055001 0.876323 0.275005
Node_2756131_333384_0 0.0055001 0.876323 0.275005
Node_2756131_66369_0 0.0055001 0.876323 0.275005
Node_2756131_1678637_0 0.0055001 0.876323 0.275005
Node_2756131_2903854_0 0.0055001 0.876323 0.275005
Node_2756131_598549_0 0.0055001 0.876323 0.275005
Node_2756131_402648_0 0.0055001 0.876323 0.275005
Node_2756131_42238_0 0.0055001 0.876323 0.275005
Node_2756131_2663842_0 0.0055001 0.876323 0.275005
Node_2756131_173858_0 0.0055001 0.876323 0.275005
Node_2756131_173861_0 0.0055001 0.876323 0.275005
Node_2756131_1616117_0 0.0055001 0.876323 0.275005
Node_2756131_3156398_0 0.0055001 0.876323 0.275005
Node_2756131_2599401_0 0.0055001 0.876323 0.275005
Node_2756131_1387713_0 0.0055001 0.876323 0.275005
Node_2756131_78510_0 0.0055001 0.876323 0.275005
Node_2756131_2798799_0 0.0055001 0.876323 0.275005
Node_2756131_3127701_0 0.0055001 0.876323 0.275005
Node_2756131_47763_0 0.0055001 0.876323 0.275005
Node_2756131_2768068_0 0.0055001 0.876323 0.275005
Node_2756131_42237_0 0.0055001 0.876323 0.275005
Node_2756131_2803812_0 0.0055001 0.876323 0.275005
Node_2756131_249580_0 0.0055001 0.876323 0.275005
Node_2756131_2315329_0 0.0055001 0.876323 0.275005
Node_2756131_58344_0 0.0055001 0.876323 0.275005
Node_2756131_714166_0 0.0055001 0.876323 0.275005
Node_2756131_551547_0 0.0055001 0.876323 0.275005
Node_2756131_3043613_0 0.0055001 0.876323 0.275005
Node_2756131_3043614_0 0.0055001 0.876323 0.275005
Node_2756131_2585196_0 0.0055001 0.876323 0.275005
Node_2756131_193461_0 0.0055001 0.876323 0.275005
Node_2756131_193462_0 0.0055001 0.876323 0.275005
Node_2756131_1274988_0 0.0055001 0.876323 0.275005
Node_2756131_1701085_0 0.0055001 0.876323 0.275005
Node_2756131_621382_0 0.0055001 0.876323 0.275005
Node_2756131_1048205_0 0.0055001 0.876323 0.275005
Node_2756131_1240678_0 0.0055001 0.876323 0.275005
Node_2756131_749414_0 0.0055001 0.876323 0.275005
Node_2756131_455632_0 0.0055001 0.876323 0.275005
Node_2756131_953739_0 0.0055001 0.876323 0.275005
Node_2756131_698759_0 0.0055001 0.876323 0.275005
Node_2903854_2706042_0 0.0055001 0.876323 0.275005
Node_2903854_2975659_0 0.0055001 0.876323 0.275005
Node_2184053_1286094_0 0.0055001 0.876323 0.275005
Node_457427_114699_0 0.0055001 0.876323 0.275005
Node_457427_459658_0 0.0055001 0.876323 0.275005
Node_3075547_1206085_0 0.0055001 0.876323 0.275005
Node_3075547_2944128_0 0.0055001 0.876323 0.275005
Node_3075547_2038343_0 0.0055001 0.876323 0.275005
Node_2593070_927661_0 0.0055001 0.876323 0.275005
Node_363630_1090615_0 0.0055001 0.876323 0.275005
Node_1783498_561176_0 0.0055001 0.876323 0.275005
Node_1783498_2650750_0 0.0055001 0.876323 0.275005
Node_1837743_171442_0 0.0055001 0.876323 0.275005
Node_317664_559628_0 0.0055001 0.876323 0.275005
Node_317664_2835133_0 0.0055001 0.876323 0.275005
Node_317664_1926649_0 0.0055001 0.876323 0.275005
Node_2835133_499548_0 0.0055001 0.876323 0.275005
Node_2835133_84632_0 0.0055001 0.876323 0.275005
Node_559628_37633_0 0.0055001 0.876323 0.275005
Node_1612552_543527_0 0.0055001 0.876323 0.275005
Node_1612552_1816_0 0.0055001 0.876323 0.275005
Node_1612552_455193_0 0.0055001 0.876323 0.275005
Node_1612552_1292037_0 0.0055001 0.876323 0.275005
Node_1612552_2736640_0 0.0055001 0.876323 0.275005
Node_1612552_1365924_0 0.0055001 0.876323 0.275005
Node_1612552_68170_0 0.0055001 0.876323 0.275005
Node_1612552_185641_0 0.0055001 0.876323 0.275005
Node_1612552_663608_0 0.0055001 0.876323 0.275005
Node_1612552_1045776_0 0.0055001 0.876323 0.275005
Node_1612552_1213861_0 0.0055001 0.876323 0.275005
Node_1612552_2665642_0 0.0055001 0.876323 0.275005
Node_1612552_1892852_0 0.0055001 0.876323 0.275005
Node_1612552_1931992_0 0.0055001 0.876323 0.275005
Node_1612552_882081_0 0.0055001 0.876323 0.275005
Node_1612552_2017_0 0.0055001 0.876323 0.275005
Node_1612552_43355_0 0.0055001 0.876323 0.275005
Node_1045776_1483604_0 0.0055001 0.876323 0.275005
Node_1045776_1449976_0 0.0055001 0.876323 0.275005
Node_663608_663603_0 0.0055001 0.876323 0.275005
Node_663608_2291215_0 0.0055001 0.876323 0.275005
Node_185641_1477506_0 0.0055001 0.876323 0.275005
Node_185641_2800127_0 0.0055001 0.876323 0.275005
Node_185641_577680_0 0.0055001 0.876323 0.275005
Node_185641_1470180_0 0.0055001 0.876323 0.275005
Node_577680_387889_0 0.0055001 0.876323 0.275005
Node_68170_1789439_0 0.0055001 0.876323 0.275005
Node_1365924_860235_0 0.0055001 0.876323 0.275005
Node_1365924_211113_0 0.0055001 0.876323 0.275005
Node_1365924_1497396_0 0.0055001 0.876323 0.275005
Node_2736640_102227_0 0.0055001 0.876323 0.275005
Node_2736640_366584_0 0.0055001 0.876323 0.275005
Node_2736640_2792008_0 0.0055001 0.876323 0.275005
Node_2736640_401976_0 0.0055001 0.876323 0.275005
Node_2736640_75289_0 0.0055001 0.876323 0.275005
Node_2736640_153376_0 0.0055001 0.876323 0.275005
Node_1292037_394193_0 0.0055001 0.876323 0.275005
Node_1292037_330083_0 0.0055001 0.876323 0.275005
Node_1292037_1804986_0 0.0055001 0.876323 0.275005
Node_1292037_102226_0 0.0055001 0.876323 0.275005
Node_1292037_236508_0 0.0055001 0.876323 0.275005
Node_1292037_2596893_0 0.0055001 0.876323 0.275005
Node_1292037_664691_0 0.0055001 0.876323 0.275005
Node_1292037_664692_0 0.0055001 0.876323 0.275005
Node_1292037_337894_0 0.0055001 0.876323 0.275005
Node_1292037_3156488_0 0.0055001 0.876323 0.275005
Node_1292037_112413_0 0.0055001 0.876323 0.275005
Node_1292037_115433_0 0.0055001 0.876323 0.275005
Node_1292037_1656914_0 0.0055001 0.876323 0.275005
Node_1292037_1854586_0 0.0055001 0.876323 0.275005
Node_1292037_450801_0 0.0055001 0.876323 0.275005
Node_1292037_2945988_0 0.0055001 0.876323 0.275005
Node_1292037_1081091_0 0.0055001 0.876323 0.275005
Node_455193_2530384_0 0.0055001 0.876323 0.275005
Node_455193_2530387_0 0.0055001 0.876323 0.275005
Node_455193_664693_0 0.0055001 0.876323 0.275005
Node_455193_146035_0 0.0055001 0.876323 0.275005
Node_455193_2997343_0 0.0055001 0.876323 0.275005
Node_455193_1431848_0 0.0055001 0.876323 0.275005
Node_455193_418495_0 0.0055001 0.876323 0.275005
Node_455193_60895_0 0.0055001 0.876323 0.275005
Node_455193_455344_0 0.0055001 0.876323 0.275005
Node_1816_1193682_0 0.0055001 0.876323 0.275005
Node_543527_33919_0 0.0055001 0.876323 0.275005
Node_543527_33920_0 0.0055001 0.876323 0.275005
Node_543527_1179773_0 0.0055001 0.876323 0.275005
Node_53359_765197_0 0.0055001 0.876323 0.275005
Node_53359_113562_0 0.0055001 0.876323 0.275005
Node_53359_1544735_0 0.0055001 0.876323 0.275005
Node_53359_1036182_0 0.0055001 0.876323 0.275005
Node_53359_741659_0 0.0055001 0.876323 0.275005
Node_53359_519421_0 0.0055001 0.876323 0.275005
Node_53359_556531_0 0.0055001 0.876323 0.275005
Node_53359_439699_0 0.0055001 0.876323 0.275005
Node_53359_356852_0 0.0055001 0.876323 0.275005
Node_53359_137265_0 0.0055001 0.876323 0.275005
Node_556531_556532_0 0.0055001 0.876323 0.275005
Node_519421_390989_0 0.0055001 0.876323 0.275005
Node_741659_65505_0 0.0055001 0.876323 0.275005
Node_1036182_1416877_0 0.0055001 0.876323 0.275005
Node_1036182_113561_0 0.0055001 0.876323 0.275005
Node_1036182_571911_0 0.0055001 0.876323 0.275005
Node_1544735_1723736_0 0.0055001 0.876323 0.275005
Node_113562_403638_0 0.0055001 0.876323 0.275005
Node_113562_3045177_0 0.0055001 0.876323 0.275005
Node_765197_373681_0 0.0055001 0.876323 0.275005
Node_883069_1921764_0 0.0055001 0.876323 0.275005
Node_883069_2652290_0 0.0055001 0.876323 0.275005
Node_883069_131109_0 0.0055001 0.876323 0.275005
Node_1508375_2705254_0 0.0055001 0.876323 0.275005
Node_1508375_2828514_0 0.0055001 0.876323 0.275005
Node_1708749_2016499_0 0.0055001 0.876323 0.275005
Node_1708749_190195_0 0.0055001 0.876323 0.275005
Node_1708749_2945102_0 0.0055001 0.876323 0.275005
Node_1708749_560557_0 0.0055001 0.876323 0.275005
Node_1708749_2045_0 0.0055001 0.876323 0.275005
Node_1708749_75385_0 0.0055001 0.876323 0.275005
Node_560557_2968086_0 0.0055001 0.876323 0.275005
Node_2945102_1844_0 0.0055001 0.876323 0.275005
Node_2945102_1542737_0 0.0055001 0.876323 0.275005
Node_2945102_363868_0 0.0055001 0.876323 0.275005
Node_2945102_203799_0 0.0055001 0.876323 0.275005
Node_2945102_1776736_0 0.0055001 0.876323 0.275005
Node_2945102_400774_0 0.0055001 0.876323 0.275005
Node_2945102_433657_0 0.0055001 0.876323 0.275005
Node_2945102_433664_0 0.0055001 0.876323 0.275005
Node_2945102_860243_0 0.0055001 0.876323 0.275005
Node_2945102_2568655_0 0.0055001 0.876323 0.275005
Node_2945102_1914755_0 0.0055001 0.876323 0.275005
Node_2945102_2575440_0 0.0055001 0.876323 0.275005
Node_2945102_1168730_0 0.0055001 0.876323 0.275005
Node_2945102_449461_0 0.0055001 0.876323 0.275005
Node_2945102_2518370_0 0.0055001 0.876323 0.275005
Node_2945102_2518372_0 0.0055001 0.876323 0.275005
Node_2945102_1045774_0 0.0055001 0.876323 0.275005
Node_190195_363865_0 0.0055001 0.876323 0.275005
Node_190195_236067_0 0.0055001 0.876323 0.275005
Node_190195_2512215_0 0.0055001 0.876323 0.275005
Node_190195_2512221_0 0.0055001 0.876323 0.275005
Node_190195_1926257_0 0.0055001 0.876323 0.275005
Node_190195_479435_0 0.0055001 0.876323 0.275005
Node_2016499_682979_0 0.0055001 0.876323 0.275005
Node_2016499_3138240_0 0.0055001 0.876323 0.275005
Node_2016499_119981_0 0.0055001 0.876323 0.275005
Node_2016499_1255658_0 0.0055001 0.876323 0.275005
Node_2016499_2057246_0 0.0055001 0.876323 0.275005
Node_2016499_2072026_0 0.0055001 0.876323 0.275005
Node_2016499_675864_0 0.0055001 0.876323 0.275005
Node_2016499_1347891_0 0.0055001 0.876323 0.275005
Node_2016499_349934_0 0.0055001 0.876323 0.275005
Node_682979_1716077_0 0.0055001 0.876323 0.275005
Node_682979_1036181_0 0.0055001 0.876323 0.275005
Node_682979_1032480_0 0.0055001 0.876323 0.275005
Node_2480626_1367973_0 0.0055001 0.876323 0.275005
Node_2480626_645275_0 0.0055001 0.876323 0.275005
Node_2480626_2864039_0 0.0055001 0.876323 0.275005
Node_2480626_1144618_0 0.0055001 0.876323 0.275005
Node_2864039_46162_0 0.0055001 0.876323 0.275005
Node_2864039_478107_0 0.0055001 0.876323 0.275005
Node_2864039_1993_0 0.0055001 0.876323 0.275005
Node_2864039_46160_0 0.0055001 0.876323 0.275005
Node_2864039_111807_0 0.0055001 0.876323 0.275005
Node_2864039_2604572_0 0.0055001 0.876323 0.275005
Node_2864039_2483351_0 0.0055001 0.876323 0.275005
Node_478107_502577_0 0.0055001 0.876323 0.275005
Node_478107_1490222_0 0.0055001 0.876323 0.275005
Node_478107_1080074_0 0.0055001 0.876323 0.275005
Node_46162_58109_0 0.0055001 0.876323 0.275005
Node_645275_2831968_0 0.0055001 0.876323 0.275005
Node_645275_995084_0 0.0055001 0.876323 0.275005
Node_645275_687207_0 0.0055001 0.876323 0.275005
Node_995084_2498135_0 0.0055001 0.876323 0.275005
Node_995084_3075544_0 0.0055001 0.876323 0.275005
Node_2831968_3018444_0 0.0055001 0.876323 0.275005
Node_2831968_3075539_0 0.0055001 0.876323 0.275005
Node_2831968_1778267_0 0.0055001 0.876323 0.275005
Node_2831968_372655_0 0.0055001 0.876323 0.275005
Node_2831968_2772213_0 0.0055001 0.876323 0.275005
Node_1367973_47479_0 0.0055001 0.876323 0.275005
Node_1367973_419590_0 0.0055001 0.876323 0.275005
Node_1367973_568844_0 0.0055001 0.876323 0.275005
Node_1367973_1997_0 0.0055001 0.876323 0.275005
Node_1367973_90975_0 0.0055001 0.876323 0.275005
Node_568844_2614688_0 0.0055001 0.876323 0.275005
Node_419590_1642303_0 0.0055001 0.876323 0.275005
Node_419590_37484_0 0.0055001 0.876323 0.275005
Node_419590_2530383_0 0.0055001 0.876323 0.275005
Node_419590_1187855_0 0.0055001 0.876323 0.275005
Node_419590_1581193_0 0.0055001 0.876323 0.275005
Node_419590_46182_0 0.0055001 0.876323 0.275005
Node_419590_1291555_0 0.0055001 0.876323 0.275005
Node_419590_2603600_0 0.0055001 0.876323 0.275005
Node_419590_65515_0 0.0055001 0.876323 0.275005
Node_47479_1706840_0 0.0055001 0.876323 0.275005
Node_47479_1260955_0 0.0055001 0.876323 0.275005
Node_3030830_1987356_0 0.0055001 0.876323 0.275005
Node_3030830_547018_0 0.0055001 0.876323 0.275005
Node_3030830_173053_0 0.0055001 0.876323 0.275005
Node_3030830_1631356_0 0.0055001 0.876323 0.275005
Node_3030830_1774748_0 0.0055001 0.876323 0.275005
Node_3030830_1616110_0 0.0055001 0.876323 0.275005
Node_3030830_1184609_0 0.0055001 0.876323 0.275005
Node_3030830_2593973_0 0.0055001 0.876323 0.275005
Node_3030830_1541174_0 0.0055001 0.876323 0.275005
Node_3030830_264297_0 0.0055001 0.876323 0.275005
Node_3030830_471853_0 0.0055001 0.876323 0.275005
Node_3030830_592308_0 0.0055001 0.876323 0.275005
Node_3030830_3075620_0 0.0055001 0.876323 0.275005
Node_3030830_13243_0 0.0055001 0.876323 0.275005
Node_264297_1712_0 0.0055001 0.876323 0.275005
Node_264297_931535_0 0.0055001 0.876323 0.275005
Node_1541174_2017485_0 0.0055001 0.876323 0.275005
Node_2593973_767452_0 0.0055001 0.876323 0.275005
Node_1184609_2953743_0 0.0055001 0.876323 0.275005
Node_1184609_1859295_0 0.0055001 0.876323 0.275005
Node_1616110_526729_0 0.0055001 0.876323 0.275005
Node_1616110_88382_0 0.0055001 0.876323 0.275005
Node_1774748_1403566_0 0.0055001 0.876323 0.275005
Node_1774748_1280376_0 0.0055001 0.876323 0.275005
Node_1774748_2909229_0 0.0055001 0.876323 0.275005
Node_1403566_1698_0 0.0055001 0.876323 0.275005
Node_1403566_232444_0 0.0055001 0.876323 0.275005
Node_1403566_366888_0 0.0055001 0.876323 0.275005
Node_1403566_629680_0 0.0055001 0.876323 0.275005
Node_1403566_273384_0 0.0055001 0.876323 0.275005
Node_1403566_53364_0 0.0055001 0.876323 0.275005
Node_1403566_1136497_0 0.0055001 0.876323 0.275005
Node_1403566_2909672_0 0.0055001 0.876323 0.275005
Node_1403566_1229781_0 0.0055001 0.876323 0.275005
Node_1631356_657409_0 0.0055001 0.876323 0.275005
Node_1631356_1874116_0 0.0055001 0.876323 0.275005
Node_1631356_1656884_0 0.0055001 0.876323 0.275005
Node_1631356_1660198_0 0.0055001 0.876323 0.275005
Node_1631356_1794944_0 0.0055001 0.876323 0.275005
Node_1631356_908252_0 0.0055001 0.876323 0.275005
Node_173053_857417_0 0.0055001 0.876323 0.275005
Node_173053_1193518_0 0.0055001 0.876323 0.275005
Node_173053_622664_0 0.0055001 0.876323 0.275005
Node_173053_53356_0 0.0055001 0.876323 0.275005
Node_173053_673954_0 0.0055001 0.876323 0.275005
Node_173053_650104_0 0.0055001 0.876323 0.275005
Node_1193518_1194083_0 0.0055001 0.876323 0.275005
Node_857417_1285192_0 0.0055001 0.876323 0.275005
Node_547018_1049583_0 0.0055001 0.876323 0.275005
Node_547018_1812262_0 0.0055001 0.876323 0.275005
Node_547018_257984_0 0.0055001 0.876323 0.275005
Node_547018_683150_0 0.0055001 0.876323 0.275005
Node_547018_574650_0 0.0055001 0.876323 0.275005
Node_547018_592307_0 0.0055001 0.876323 0.275005
Node_547018_670079_0 0.0055001 0.876323 0.275005
Node_547018_1463631_0 0.0055001 0.876323 0.275005
Node_547018_1338436_0 0.0055001 0.876323 0.275005
Node_547018_211146_0 0.0055001 0.876323 0.275005
Node_547018_2676122_0 0.0055001 0.876323 0.275005
Node_547018_287930_0 0.0055001 0.876323 0.275005
Node_547018_410837_0 0.0055001 0.876323 0.275005
Node_547018_1645614_0 0.0055001 0.876323 0.275005
Node_547018_1882339_0 0.0055001 0.876323 0.275005
Node_2676122_2676123_0 0.0055001 0.876323 0.275005
Node_211146_29320_0 0.0055001 0.876323 0.275005
Node_1338436_496857_0 0.0055001 0.876323 0.275005
Node_1338436_322009_0 0.0055001 0.876323 0.275005
Node_1338436_3110330_0 0.0055001 0.876323 0.275005
Node_1463631_37922_0 0.0055001 0.876323 0.275005
Node_1463631_469799_0 0.0055001 0.876323 0.275005
Node_1463631_1882340_0 0.0055001 0.876323 0.275005
Node_1463631_2838701_0 0.0055001 0.876323 0.275005
Node_1463631_3074079_0 0.0055001 0.876323 0.275005
Node_670079_494023_0 0.0055001 0.876323 0.275005
Node_670079_2723403_0 0.0055001 0.876323 0.275005
Node_670079_257454_0 0.0055001 0.876323 0.275005
Node_592307_169134_0 0.0055001 0.876323 0.275005
Node_574650_384602_0 0.0055001 0.876323 0.275005
Node_683150_1672_0 0.0055001 0.876323 0.275005
Node_683150_670078_0 0.0055001 0.876323 0.275005
Node_683150_2966350_0 0.0055001 0.876323 0.275005
Node_683150_1461584_0 0.0055001 0.876323 0.275005
Node_683150_2904801_0 0.0055001 0.876323 0.275005
Node_683150_1630594_0 0.0055001 0.876323 0.275005
Node_683150_156980_0 0.0055001 0.876323 0.275005
Node_683150_1338426_0 0.0055001 0.876323 0.275005
Node_683150_1077972_0 0.0055001 0.876323 0.275005
Node_257984_1933880_0 0.0055001 0.876323 0.275005
Node_257984_43667_0 0.0055001 0.876323 0.275005
Node_257984_453836_0 0.0055001 0.876323 0.275005
Node_257984_162496_0 0.0055001 0.876323 0.275005
Node_1812262_396015_0 0.0055001 0.876323 0.275005
Node_1812262_37923_0 0.0055001 0.876323 0.275005
Node_1812262_169480_0 0.0055001 0.876323 0.275005
Node_1812262_85336_0 0.0055001 0.876323 0.275005
Node_1049583_592377_0 0.0055001 0.876323 0.275005
Node_1049583_2485125_0 0.0055001 0.876323 0.275005
Node_1049583_1236550_0 0.0055001 0.876323 0.275005
Node_1049583_136273_0 0.0055001 0.876323 0.275005
Node_1987356_286438_0 0.0055001 0.876323 0.275005
Node_1987356_3075993_0 0.0055001 0.876323 0.275005
Node_1987356_2714933_0 0.0055001 0.876323 0.275005
Node_1987356_279828_0 0.0055001 0.876323 0.275005
Node_1987356_153730_0 0.0055001 0.876323 0.275005
Node_1987356_637393_0 0.0055001 0.876323 0.275005
Node_1987356_908846_0 0.0055001 0.876323 0.275005
Node_1987356_1259247_0 0.0055001 0.876323 0.275005
Node_1987356_256821_0 0.0055001 0.876323 0.275005
Node_1987356_3035919_0 0.0055001 0.876323 0.275005
Node_1987356_670054_0 0.0055001 0.876323 0.275005
Node_1987356_120298_0 0.0055001 0.876323 0.275005
Node_1987356_1640652_0 0.0055001 0.876323 0.275005
Node_1987356_433643_0 0.0055001 0.876323 0.275005
Node_1987356_2599293_0 0.0055001 0.876323 0.275005
Node_1987356_1365628_0 0.0055001 0.876323 0.275005
Node_1987356_3042517_0 0.0055001 0.876323 0.275005
Node_1987356_1930060_0 0.0055001 0.876323 0.275005
Node_1987356_69373_0 0.0055001 0.876323 0.275005
Node_1987356_2590779_0 0.0055001 0.876323 0.275005
Node_1987356_1477021_0 0.0055001 0.876323 0.275005
Node_1987356_199708_0 0.0055001 0.876323 0.275005
Node_1987356_76635_0 0.0055001 0.876323 0.275005
Node_1987356_2419774_0 0.0055001 0.876323 0.275005
Node_1987356_993087_0 0.0055001 0.876323 0.275005
Node_1987356_433641_0 0.0055001 0.876323 0.275005
Node_1987356_640635_0 0.0055001 0.876323 0.275005
Node_1987356_715785_0 0.0055001 0.876323 0.275005
Node_1987356_205941_0 0.0055001 0.876323 0.275005
Node_1987356_1162966_0 0.0055001 0.876323 0.275005
Node_1987356_2880260_0 0.0055001 0.876323 0.275005
Node_1987356_535712_0 0.0055001 0.876323 0.275005
Node_120298_2056433_0 0.0055001 0.876323 0.275005
Node_670054_475957_0 0.0055001 0.876323 0.275005
Node_3035919_1358026_0 0.0055001 0.876323 0.275005
Node_256821_979746_0 0.0055001 0.876323 0.275005
Node_1259247_995039_0 0.0055001 0.876323 0.275005
Node_1259247_1259150_0 0.0055001 0.876323 0.275005
Node_1259247_1259236_0 0.0055001 0.876323 0.275005
Node_1259247_1001240_0 0.0055001 0.876323 0.275005
Node_908846_272241_0 0.0055001 0.876323 0.275005
Node_908846_1530195_0 0.0055001 0.876323 0.275005
Node_908846_587635_0 0.0055001 0.876323 0.275005
Node_637393_2970914_0 0.0055001 0.876323 0.275005
Node_153730_399736_0 0.0055001 0.876323 0.275005
Node_153730_84643_0 0.0055001 0.876323 0.275005
Node_153730_2838429_0 0.0055001 0.876323 0.275005
Node_153730_1255656_0 0.0055001 0.876323 0.275005
Node_279828_424758_0 0.0055001 0.876323 0.275005
Node_2714933_1935379_0 0.0055001 0.876323 0.275005
Node_2714933_660067_0 0.0055001 0.876323 0.275005
Node_2714933_333963_0 0.0055001 0.876323 0.275005
Node_2714933_662960_0 0.0055001 0.876323 0.275005
Node_2714933_501483_0 0.0055001 0.876323 0.275005
Node_2714933_272210_0 0.0055001 0.876323 0.275005
Node_2714933_2796472_0 0.0055001 0.876323 0.275005
Node_2714933_340320_0 0.0055001 0.876323 0.275005
Node_2714933_1784719_0 0.0055001 0.876323 0.275005
Node_2714933_2932245_0 0.0055001 0.876323 0.275005
Node_2714933_2932247_0 0.0055001 0.876323 0.275005
Node_2714933_55969_0 0.0055001 0.876323 0.275005
Node_2714933_2812850_0 0.0055001 0.876323 0.275005
Node_2714933_2714934_0 0.0055001 0.876323 0.275005
Node_660067_398235_0 0.0055001 0.876323 0.275005
Node_3075993_33917_0 0.0055001 0.876323 0.275005
Node_3075993_69368_0 0.0055001 0.876323 0.275005
Node_3075993_462710_0 0.0055001 0.876323 0.275005
Node_3075993_36805_0 0.0055001 0.876323 0.275005
Node_3075993_1348253_0 0.0055001 0.876323 0.275005
Node_3075993_104336_0 0.0055001 0.876323 0.275005
Node_3075993_661398_0 0.0055001 0.876323 0.275005
Node_3075993_273677_0 0.0055001 0.876323 0.275005
Node_3075993_985759_0 0.0055001 0.876323 0.275005
Node_3075993_82380_0 0.0055001 0.876323 0.275005
Node_3075993_936337_0 0.0055001 0.876323 0.275005
Node_3075993_415209_0 0.0055001 0.876323 0.275005
Node_3075993_415214_0 0.0055001 0.876323 0.275005
Node_3075993_284570_0 0.0055001 0.876323 0.275005
Node_3075993_57043_0 0.0055001 0.876323 0.275005
Node_3075993_1336204_0 0.0055001 0.876323 0.275005
Node_3075993_156977_0 0.0055001 0.876323 0.275005
Node_3075993_3075992_0 0.0055001 0.876323 0.275005
Node_3075993_2781186_0 0.0055001 0.876323 0.275005
Node_286438_2662258_0 0.0055001 0.876323 0.275005
Node_286438_2662446_0 0.0055001 0.876323 0.275005
Node_286438_41986_0 0.0055001 0.876323 0.275005
Node_286438_88374_0 0.0055001 0.876323 0.275005
Node_286438_424795_0 0.0055001 0.876323 0.275005
Node_2710754_398843_0 0.0055001 0.876323 0.275005
Node_2710754_1534349_0 0.0055001 0.876323 0.275005
Node_2710754_1075090_0 0.0055001 0.876323 0.275005
Node_2710754_435914_0 0.0055001 0.876323 0.275005
Node_2710754_2487892_0 0.0055001 0.876323 0.275005
Node_2710754_983873_0 0.0055001 0.876323 0.275005
Node_2710754_1528099_0 0.0055001 0.876323 0.275005
Node_2710754_644556_0 0.0055001 0.876323 0.275005
Node_983873_321318_0 0.0055001 0.876323 0.275005
Node_2487892_99807_0 0.0055001 0.876323 0.275005
Node_2487892_3049799_0 0.0055001 0.876323 0.275005
Node_2487892_699041_0 0.0055001 0.876323 0.275005
Node_2487892_1783348_0 0.0055001 0.876323 0.275005
Node_2487892_2838530_0 0.0055001 0.876323 0.275005
Node_2487892_3139423_0 0.0055001 0.876323 0.275005
Node_2487892_2913499_0 0.0055001 0.876323 0.275005
Node_2487892_1224163_0 0.0055001 0.876323 0.275005
Node_435914_2597660_0 0.0055001 0.876323 0.275005
Node_1075090_39122_0 0.0055001 0.876323 0.275005
Node_1075090_2725283_0 0.0055001 0.876323 0.275005
Node_1075090_1517702_0 0.0055001 0.876323 0.275005
Node_1075090_122202_0 0.0055001 0.876323 0.275005
Node_1075090_1220583_0 0.0055001 0.876323 0.275005
Node_1075090_1112204_0 0.0055001 0.876323 0.275005
Node_1534349_164757_0 0.0055001 0.876323 0.275005
Node_1534349_83262_0 0.0055001 0.876323 0.275005
Node_1534349_134601_0 0.0055001 0.876323 0.275005
Node_1534349_36811_0 0.0055001 0.876323 0.275005
Node_1534349_39691_0 0.0055001 0.876323 0.275005
Node_1534349_39692_0 0.0055001 0.876323 0.275005
Node_1534349_1779_0 0.0055001 0.876323 0.275005
Node_1534349_43304_0 0.0055001 0.876323 0.275005
Node_1534349_117567_0 0.0055001 0.876323 0.275005
Node_1534349_85968_0 0.0055001 0.876323 0.275005
Node_1534349_28047_0 0.0055001 0.876323 0.275005
Node_164757_368477_0 0.0055001 0.876323 0.275005
Node_164757_2994102_0 0.0055001 0.876323 0.275005
Node_164757_1719132_0 0.0055001 0.876323 0.275005
Node_164757_482462_0 0.0055001 0.876323 0.275005
Node_164757_154654_0 0.0055001 0.876323 0.275005
Node_398843_1273125_0 0.0055001 0.876323 0.275005
Node_398843_1603258_0 0.0055001 0.876323 0.275005
Node_398843_228602_0 0.0055001 0.876323 0.275005
Node_398843_1543852_0 0.0055001 0.876323 0.275005
Node_398843_2495913_0 0.0055001 0.876323 0.275005
Node_398843_908250_0 0.0055001 0.876323 0.275005
Node_1543852_525370_0 0.0055001 0.876323 0.275005
Node_228602_1823_0 0.0055001 0.876323 0.275005
Node_228602_238964_0 0.0055001 0.876323 0.275005
Node_228602_85688_0 0.0055001 0.876323 0.275005
Node_228602_1691571_0 0.0055001 0.876323 0.275005
Node_228602_53431_0 0.0055001 0.876323 0.275005
Node_228602_2675850_0 0.0055001 0.876323 0.275005
Node_228602_2675851_0 0.0055001 0.876323 0.275005
Node_228602_2585198_0 0.0055001 0.876323 0.275005
Node_228602_2585199_0 0.0055001 0.876323 0.275005
Node_228602_455432_0 0.0055001 0.876323 0.275005
Node_228602_96468_0 0.0055001 0.876323 0.275005
Node_228602_1415166_0 0.0055001 0.876323 0.275005
Node_1603258_1344003_0 0.0055001 0.876323 0.275005
Node_1603258_391736_0 0.0055001 0.876323 0.275005
Node_1273125_33008_0 0.0055001 0.876323 0.275005
Node_1273125_1805840_0 0.0055001 0.876323 0.275005
Node_1273125_2811421_0 0.0055001 0.876323 0.275005
Node_1273125_1960308_0 0.0055001 0.876323 0.275005
Node_1273125_935266_0 0.0055001 0.876323 0.275005
Node_1273125_1114960_0 0.0055001 0.876323 0.275005
Node_1273125_632772_0 0.0055001 0.876323 0.275005
Node_1273125_1219028_0 0.0055001 0.876323 0.275005
Node_504800_1629062_0 0.0055001 0.876323 0.275005
Node_504800_1938746_0 0.0055001 0.876323 0.275005
Node_504800_1608614_0 0.0055001 0.876323 0.275005
Node_504800_1052260_0 0.0055001 0.876323 0.275005
Node_1608614_429133_0 0.0055001 0.876323 0.275005
Node_1938746_3075546_0 0.0055001 0.876323 0.275005
Node_2565781_1974546_0 0.0055001 0.876323 0.275005
