node D L T
2056631 0.0105952 0.815743 0.529761
2593994 0.0105952 0.815743 0.529761
1867258 0.0105952 0.815743 0.529761
2478471 0.0105952 0.815743 0.529761
374847 0.0105952 0.815743 0.529761
1978162 0.0105952 0.815743 0.529761
1978166 0.0105952 0.815743 0.529761
1978160 0.0105952 0.815743 0.529761
1978157 0.0105952 0.815743 0.529761
1978155 0.0105952 0.815743 0.529761
1978156 0.0105952 0.815743 0.529761
1293586 0.0105952 0.815743 0.529761
999630 0.0105952 0.815743 0.529761
397948 0.0105952 0.815743 0.529761
62609 0.0105952 0.815743 0.529761
368408 0.0105952 0.815743 0.529761
697581 0.0105952 0.815743 0.529761
1550241 0.0105952 0.815743 0.529761
2776706 0.0105952 0.815743 0.529761
671065 0.0105952 0.815743 0.529761
555311 0.0105952 0.815743 0.529761
1670455 0.0105952 0.815743 0.529761
1294262 0.0105952 0.815743 0.529761
282676 0.0105952 0.815743 0.529761
619593 0.0105952 0.815743 0.529761
1160895 0.0105952 0.815743 0.529761
12915 0.0105952 0.815743 0.529761
41673 0.0105952 0.815743 0.529761
2824673 0.0105952 0.815743 0.529761
41675 0.0105952 0.815743 0.529761
2049879 0.0105952 0.815743 0.529761
273063 0.0105952 0.815743 0.529761
69656 0.0105952 0.815743 0.529761
207809 0.0105952 0.815743 0.529761
330779 0.0105952 0.815743 0.529761
1056495 0.0105952 0.815743 0.529761
666510 0.0105952 0.815743 0.529761
694429 0.0105952 0.815743 0.529761
415426 0.0105952 0.815743 0.529761
2309 0.0105952 0.815743 0.529761
1273541 0.0105952 0.815743 0.529761
399550 0.0105952 0.815743 0.529761
1198449 0.0105952 0.815743 0.529761
1184251 0.0105952 0.815743 0.529761
3402707 0.0105952 0.815743 0.529761
1973259 0.0105952 0.815743 0.529761
940295 0.0105952 0.815743 0.529761
453591 0.0105952 0.815743 0.529761
940294 0.0105952 0.815743 0.529761
765177 0.0105952 0.815743 0.529761
768672 0.0105952 0.815743 0.529761
3050454 0.0105952 0.815743 0.529761
583356 0.0105952 0.815743 0.529761
1685124 0.0105952 0.815743 0.529761
1685125 0.0105952 0.815743 0.529761
1685127 0.0105952 0.815743 0.529761
1874277 0.0105952 0.815743 0.529761
414004 0.0105952 0.815743 0.529761
1499975 0.0105952 0.815743 0.529761
1078905 0.0105952 0.815743 0.529761
1903276 0.0105952 0.815743 0.529761
2058097 0.0105952 0.815743 0.529761
1353260 0.0105952 0.815743 0.529761
1798806 0.0105952 0.815743 0.529761
2035267 0.0105952 0.815743 0.529761
1459636 0.0105952 0.815743 0.529761
1237085 0.0105952 0.815743 0.529761
926571 0.0105952 0.815743 0.529761
1470067 0.0105952 0.815743 0.529761
718286 0.0105952 0.815743 0.529761
1959104 0.0105952 0.815743 0.529761
1229909 0.0105952 0.815743 0.529761
1580092 0.0105952 0.815743 0.529761
1898749 0.0105952 0.815743 0.529761
886738 0.0105952 0.815743 0.529761
859192 0.0105952 0.815743 0.529761
1001994 0.0105952 0.815743 0.529761
1980982 0.0105952 0.815743 0.529761
311458 0.0105952 0.815743 0.529761
1410606 0.0105952 0.815743 0.529761
1603555 0.0105952 0.815743 0.529761
1407055 0.0105952 0.815743 0.529761
2511932 0.0105952 0.815743 0.529761
1502293 0.0105952 0.815743 0.529761
1841599 0.0105952 0.815743 0.529761
2876573 0.0105952 0.815743 0.529761
2951803 0.0105952 0.815743 0.529761
2594042 0.0105952 0.815743 0.529761
2565781 0.0105952 0.815743 0.529761
3101447 0.0105952 0.815743 0.529761
1803513 0.0105952 0.815743 0.529761
2756139 0.0105952 0.815743 0.529761
2756141 0.0105952 0.815743 0.529761
662760 0.0105952 0.815743 0.529761
662762 0.0105952 0.815743 0.529761
2898728 0.0105952 0.815743 0.529761
1940235 0.0105952 0.815743 0.529761
2586965 0.0105952 0.815743 0.529761
1294122 0.0105952 0.815743 0.529761
228908 0.0105952 0.815743 0.529761
1920749 0.0105952 0.815743 0.529761
2795018 0.0105952 0.815743 0.529761
2885759 0.0105952 0.815743 0.529761
425595 0.0105952 0.815743 0.529761
1838285 0.0105952 0.815743 0.529761
1839936 0.0105952 0.815743 0.529761
1776334 0.0105952 0.815743 0.529761
439481 0.0105952 0.815743 0.529761
2599289 0.0105952 0.815743 0.529761
1888997 0.0105952 0.815743 0.529761
1889001 0.0105952 0.815743 0.529761
1888996 0.0105952 0.815743 0.529761
2173149 0.0105952 0.815743 0.529761
2823368 0.0105952 0.815743 0.529761
1577791 0.0105952 0.815743 0.529761
1295009 0.0105952 0.815743 0.529761
399579 0.0105952 0.815743 0.529761
1122961 0.0105952 0.815743 0.529761
1673428 0.0105952 0.815743 0.529761
273075 0.0105952 0.815743 0.529761
273116 0.0105952 0.815743 0.529761
3073602 0.0105952 0.815743 0.529761
74969 0.0105952 0.815743 0.529761
333146 0.0105952 0.815743 0.529761
507754 0.0105952 0.815743 0.529761
312540 0.0105952 0.815743 0.529761
272844 0.0105952 0.815743 0.529761
186497 0.0105952 0.815743 0.529761
529709 0.0105952 0.815743 0.529761
70601 0.0105952 0.815743 0.529761
1609559 0.0105952 0.815743 0.529761
1343739 0.0105952 0.815743 0.529761
1432656 0.0105952 0.815743 0.529761
523849 0.0105952 0.815743 0.529761
604354 0.0105952 0.815743 0.529761
69014 0.0105952 0.815743 0.529761
593117 0.0105952 0.815743 0.529761
163003 0.0105952 0.815743 0.529761
1505907 0.0105952 0.815743 0.529761
227598 0.0105952 0.815743 0.529761
2586643 0.0105952 0.815743 0.529761
90909 0.0105952 0.815743 0.529761
582419 0.0105952 0.815743 0.529761
187880 0.0105952 0.815743 0.529761
54262 0.0105952 0.815743 0.529761
53952 0.0105952 0.815743 0.529761
49899 0.0105952 0.815743 0.529761
277988 0.0105952 0.815743 0.529761
2866384 0.0105952 0.815743 0.529761
110163 0.0105952 0.815743 0.529761
1712654 0.0105952 0.815743 0.529761
72803 0.0105952 0.815743 0.529761
71997 0.0105952 0.815743 0.529761
1903181 0.0105952 0.815743 0.529761
1927129 0.0105952 0.815743 0.529761
565033 0.0105952 0.815743 0.529761
113653 0.0105952 0.815743 0.529761
589924 0.0105952 0.815743 0.529761
572546 0.0105952 0.815743 0.529761
387631 0.0105952 0.815743 0.529761
693661 0.0105952 0.815743 0.529761
1344584 0.0105952 0.815743 0.529761
1698284 0.0105952 0.815743 0.529761
1698285 0.0105952 0.815743 0.529761
1698283 0.0105952 0.815743 0.529761
1698281 0.0105952 0.815743 0.529761
1698280 0.0105952 0.815743 0.529761
1698279 0.0105952 0.815743 0.529761
1698278 0.0105952 0.815743 0.529761
1698277 0.0105952 0.815743 0.529761
1698275 0.0105952 0.815743 0.529761
1698273 0.0105952 0.815743 0.529761
1698272 0.0105952 0.815743 0.529761
1698271 0.0105952 0.815743 0.529761
1698270 0.0105952 0.815743 0.529761
1698268 0.0105952 0.815743 0.529761
1698263 0.0105952 0.815743 0.529761
1698259 0.0105952 0.815743 0.529761
1698257 0.0105952 0.815743 0.529761
1698267 0.0105952 0.815743 0.529761
1698266 0.0105952 0.815743 0.529761
2491083 0.0105952 0.815743 0.529761
2491085 0.0105952 0.815743 0.529761
1008153 0.0105952 0.815743 0.529761
795797 0.0105952 0.815743 0.529761
175632 0.0105952 0.815743 0.529761
1227457 0.0105952 0.815743 0.529761
1132509 0.0105952 0.815743 0.529761
1227456 0.0105952 0.815743 0.529761
1227455 0.0105952 0.815743 0.529761
931277 0.0105952 0.815743 0.529761
179637 0.0105952 0.815743 0.529761
1604004 0.0105952 0.815743 0.529761
555573 0.0105952 0.815743 0.529761
3032283 0.0105952 0.815743 0.529761
1383812 0.0105952 0.815743 0.529761
1873524 0.0105952 0.815743 0.529761
489913 0.0105952 0.815743 0.529761
1261545 0.0105952 0.815743 0.529761
489912 0.0105952 0.815743 0.529761
1193105 0.0105952 0.815743 0.529761
355548 0.0105952 0.815743 0.529761
1407499 0.0105952 0.815743 0.529761
2597657 0.0105952 0.815743 0.529761
478009 0.0105952 0.815743 0.529761
2039234 0.0105952 0.815743 0.529761
2692200 0.0105952 0.815743 0.529761
2234134 0.0105952 0.815743 0.529761
1364945 0.0105952 0.815743 0.529761
2212850 0.0105952 0.815743 0.529761
3034023 0.0105952 0.815743 0.529761
2934340 0.0105952 0.815743 0.529761
2934937 0.0105952 0.815743 0.529761
1785090 0.0105952 0.815743 0.529761
268739 0.0105952 0.815743 0.529761
348780 0.0105952 0.815743 0.529761
2841590 0.0105952 0.815743 0.529761
2217661 0.0105952 0.815743 0.529761
3033386 0.0105952 0.815743 0.529761
3033939 0.0105952 0.815743 0.529761
671145 0.0105952 0.815743 0.529761
2071873 0.0105952 0.815743 0.529761
1872699 0.0105952 0.815743 0.529761
2937524 0.0105952 0.815743 0.529761
2938695 0.0105952 0.815743 0.529761
2953748 0.0105952 0.815743 0.529761
553468 0.0105952 0.815743 0.529761
797209 0.0105952 0.815743 0.529761
1008152 0.0105952 0.815743 0.529761
755306 0.0105952 0.815743 0.529761
996166 0.0105952 0.815743 0.529761
755308 0.0105952 0.815743 0.529761
558529 0.0105952 0.815743 0.529761
926360 0.0105952 0.815743 0.529761
2784880 0.0105952 0.815743 0.529761
1227454 0.0105952 0.815743 0.529761
1227499 0.0105952 0.815743 0.529761
2979990 0.0105952 0.815743 0.529761
2419781 0.0105952 0.815743 0.529761
253108 0.0105952 0.815743 0.529761
148449 0.0105952 0.815743 0.529761
2932267 0.0105952 0.815743 0.529761
1849069 0.0105952 0.815743 0.529761
1586232 0.0105952 0.815743 0.529761
2816475 0.0105952 0.815743 0.529761
543526 0.0105952 0.815743 0.529761
2741724 0.0105952 0.815743 0.529761
547559 0.0105952 0.815743 0.529761
29540 0.0105952 0.815743 0.529761
1230458 0.0105952 0.815743 0.529761
1227492 0.0105952 0.815743 0.529761
2448032 0.0105952 0.815743 0.529761
1095778 0.0105952 0.815743 0.529761
148448 0.0105952 0.815743 0.529761
2044521 0.0105952 0.815743 0.529761
745377 0.0105952 0.815743 0.529761
797302 0.0105952 0.815743 0.529761
1227490 0.0105952 0.815743 0.529761
1487865 0.0105952 0.815743 0.529761
619731 0.0105952 0.815743 0.529761
797299 0.0105952 0.815743 0.529761
1679083 0.0105952 0.815743 0.529761
1679091 0.0105952 0.815743 0.529761
1227497 0.0105952 0.815743 0.529761
1227498 0.0105952 0.815743 0.529761
694430 0.0105952 0.815743 0.529761
2055836 0.0105952 0.815743 0.529761
588898 0.0105952 0.815743 0.529761
1227500 0.0105952 0.815743 0.529761
348826 0.0105952 0.815743 0.529761
640943 0.0105952 0.815743 0.529761
1095776 0.0105952 0.815743 0.529761
308853 0.0105952 0.815743 0.529761
2691917 0.0105952 0.815743 0.529761
2953753 0.0105952 0.815743 0.529761
2979988 0.0105952 0.815743 0.529761
1227494 0.0105952 0.815743 0.529761
1230457 0.0105952 0.815743 0.529761
797303 0.0105952 0.815743 0.529761
392421 0.0105952 0.815743 0.529761
1930624 0.0105952 0.815743 0.529761
1699371 0.0105952 0.815743 0.529761
1202768 0.0105952 0.815743 0.529761
301967 0.0105952 0.815743 0.529761
1710539 0.0105952 0.815743 0.529761
1186196 0.0105952 0.815743 0.529761
2950540 0.0105952 0.815743 0.529761
2055893 0.0105952 0.815743 0.529761
1324957 0.0105952 0.815743 0.529761
768065 0.0105952 0.815743 0.529761
1238425 0.0105952 0.815743 0.529761
1126234 0.0105952 0.815743 0.529761
1514971 0.0105952 0.815743 0.529761
755307 0.0105952 0.815743 0.529761
2917812 0.0105952 0.815743 0.529761
1236180 0.0105952 0.815743 0.529761
553467 0.0105952 0.815743 0.529761
2743089 0.0105952 0.815743 0.529761
2743090 0.0105952 0.815743 0.529761
1267564 0.0105952 0.815743 0.529761
1048396 0.0105952 0.815743 0.529761
1198295 0.0105952 0.815743 0.529761
869891 0.0105952 0.815743 0.529761
1073996 0.0105952 0.815743 0.529761
3031996 0.0105952 0.815743 0.529761
3032001 0.0105952 0.815743 0.529761
2175149 0.0105952 0.815743 0.529761
43928 0.0105952 0.815743 0.529761
699431 0.0105952 0.815743 0.529761
1202767 0.0105952 0.815743 0.529761
1515593 0.0105952 0.815743 0.529761
1230456 0.0105952 0.815743 0.529761
416348 0.0105952 0.815743 0.529761
1230454 0.0105952 0.815743 0.529761
1227481 0.0105952 0.815743 0.529761
261291 0.0105952 0.815743 0.529761
63740 0.0105952 0.815743 0.529761
1765655 0.0105952 0.815743 0.529761
387340 0.0105952 0.815743 0.529761
1433523 0.0105952 0.815743 0.529761
1364933 0.0105952 0.815743 0.529761
413815 0.0105952 0.815743 0.529761
2739057 0.0105952 0.815743 0.529761
1126240 0.0105952 0.815743 0.529761
175631 0.0105952 0.815743 0.529761
1383851 0.0105952 0.815743 0.529761
1383844 0.0105952 0.815743 0.529761
1776492 0.0105952 0.815743 0.529761
1364940 0.0105952 0.815743 0.529761
2511997 0.0105952 0.815743 0.529761
2487750 0.0105952 0.815743 0.529761
2216978 0.0105952 0.815743 0.529761
268735 0.0105952 0.815743 0.529761
869892 0.0105952 0.815743 0.529761
555874 0.0105952 0.815743 0.529761
1816183 0.0105952 0.815743 0.529761
767515 0.0105952 0.815743 0.529761
1547898 0.0105952 0.815743 0.529761
660522 0.0105952 0.815743 0.529761
660520 0.0105952 0.815743 0.529761
660521 0.0105952 0.815743 0.529761
699433 0.0105952 0.815743 0.529761
931585 0.0105952 0.815743 0.529761
2761102 0.0105952 0.815743 0.529761
660517 0.0105952 0.815743 0.529761
2650753 0.0105952 0.815743 0.529761
523841 0.0105952 0.815743 0.529761
309800 0.0105952 0.815743 0.529761
662480 0.0105952 0.815743 0.529761
2666143 0.0105952 0.815743 0.529761
2666140 0.0105952 0.815743 0.529761
1748331 0.0105952 0.815743 0.529761
302484 0.0105952 0.815743 0.529761
1544718 0.0105952 0.815743 0.529761
1476858 0.0105952 0.815743 0.529761
553469 0.0105952 0.815743 0.529761
555875 0.0105952 0.815743 0.529761
2950537 0.0105952 0.815743 0.529761
2950536 0.0105952 0.815743 0.529761
1679096 0.0105952 0.815743 0.529761
767519 0.0105952 0.815743 0.529761
1033806 0.0105952 0.815743 0.529761
519442 0.0105952 0.815743 0.529761
1457250 0.0105952 0.815743 0.529761
2841257 0.0105952 0.815743 0.529761
869889 0.0105952 0.815743 0.529761
1198301 0.0105952 0.815743 0.529761
869886 0.0105952 0.815743 0.529761
3026162 0.0105952 0.815743 0.529761
1126241 0.0105952 0.815743 0.529761
1367881 0.0105952 0.815743 0.529761
660518 0.0105952 0.815743 0.529761
890420 0.0105952 0.815743 0.529761
869890 0.0105952 0.815743 0.529761
2692199 0.0105952 0.815743 0.529761
1510225 0.0105952 0.815743 0.529761
2487746 0.0105952 0.815743 0.529761
2487749 0.0105952 0.815743 0.529761
1429915 0.0105952 0.815743 0.529761
1429914 0.0105952 0.815743 0.529761
2509225 0.0105952 0.815743 0.529761
1427151 0.0105952 0.815743 0.529761
43776 0.0105952 0.815743 0.529761
1705562 0.0105952 0.815743 0.529761
2950539 0.0105952 0.815743 0.529761
2950534 0.0105952 0.815743 0.529761
2950533 0.0105952 0.815743 0.529761
2487751 0.0105952 0.815743 0.529761
1705564 0.0105952 0.815743 0.529761
2759912 0.0105952 0.815743 0.529761
2759913 0.0105952 0.815743 0.529761
351160 0.0105952 0.815743 0.529761
1041930 0.0105952 0.815743 0.529761
304371 0.0105952 0.815743 0.529761
2052831 0.0105952 0.815743 0.529761
349307 0.0105952 0.815743 0.529761
1110509 0.0105952 0.815743 0.529761
2223 0.0105952 0.815743 0.529761
3033395 0.0105952 0.815743 0.529761
660064 0.0105952 0.815743 0.529761
2608793 0.0105952 0.815743 0.529761
1392998 0.0105952 0.815743 0.529761
2759911 0.0105952 0.815743 0.529761
867904 0.0105952 0.815743 0.529761
644295 0.0105952 0.815743 0.529761
768733 0.0105952 0.815743 0.529761
679901 0.0105952 0.815743 0.529761
3028296 0.0105952 0.815743 0.529761
3028298 0.0105952 0.815743 0.529761
3028293 0.0105952 0.815743 0.529761
3028294 0.0105952 0.815743 0.529761
3073890 0.0105952 0.815743 0.529761
796385 0.0105952 0.815743 0.529761
1434115 0.0105952 0.815743 0.529761
192952 0.0105952 0.815743 0.529761
1236903 0.0105952 0.815743 0.529761
487685 0.0105952 0.815743 0.529761
1090322 0.0105952 0.815743 0.529761
2052935 0.0105952 0.815743 0.529761
536044 0.0105952 0.815743 0.529761
502115 0.0105952 0.815743 0.529761
38026 0.0105952 0.815743 0.529761
2177 0.0105952 0.815743 0.529761
523843 0.0105952 0.815743 0.529761
106207 0.0105952 0.815743 0.529761
156457 0.0105952 0.815743 0.529761
2834276 0.0105952 0.815743 0.529761
1277351 0.0105952 0.815743 0.529761
668570 0.0105952 0.815743 0.529761
593750 0.0105952 0.815743 0.529761
456442 0.0105952 0.815743 0.529761
521011 0.0105952 0.815743 0.529761
2193 0.0105952 0.815743 0.529761
3028299 0.0105952 0.815743 0.529761
2609417 0.0105952 0.815743 0.529761
679926 0.0105952 0.815743 0.529761
126734 0.0105952 0.815743 0.529761
28892 0.0105952 0.815743 0.529761
2052832 0.0105952 0.815743 0.529761
2199 0.0105952 0.815743 0.529761
348610 0.0105952 0.815743 0.529761
2584085 0.0105952 0.815743 0.529761
2651577 0.0105952 0.815743 0.529761
1550566 0.0105952 0.815743 0.529761
1550565 0.0105952 0.815743 0.529761
204050 0.0105952 0.815743 0.529761
72612 0.0105952 0.815743 0.529761
2200 0.0105952 0.815743 0.529761
394967 0.0105952 0.815743 0.529761
33865 0.0105952 0.815743 0.529761
937775 0.0105952 0.815743 0.529761
1077256 0.0105952 0.815743 0.529761
187420 0.0105952 0.815743 0.529761
118062 0.0105952 0.815743 0.529761
877455 0.0105952 0.815743 0.529761
868131 0.0105952 0.815743 0.529761
2731220 0.0105952 0.815743 0.529761
2161 0.0105952 0.815743 0.529761
294671 0.0105952 0.815743 0.529761
1300164 0.0105952 0.815743 0.529761
55758 0.0105952 0.815743 0.529761
49547 0.0105952 0.815743 0.529761
47311 0.0105952 0.815743 0.529761
230361 0.0105952 0.815743 0.529761
523846 0.0105952 0.815743 0.529761
2546128 0.0105952 0.815743 0.529761
243232 0.0105952 0.815743 0.529761
880724 0.0105952 0.815743 0.529761
637914 0.0105952 0.815743 0.529761
419665 0.0105952 0.815743 0.529761
330485 0.0105952 0.815743 0.529761
3988 0.0105952 0.815743 0.529761
2952 0.0105952 0.815743 0.529761
1628268 0.0105952 0.815743 0.529761
1381693 0.0105952 0.815743 0.529761
163516 0.0105952 0.815743 0.529761
131310 0.0105952 0.815743 0.529761
37863 0.0105952 0.815743 0.529761
2018661 0.0105952 0.815743 0.529761
69355 0.0105952 0.815743 0.529761
163714 0.0105952 0.815743 0.529761
372326 0.0105952 0.815743 0.529761
45351 0.0105952 0.815743 0.529761
519541 0.0105952 0.815743 0.529761
2056292 0.0105952 0.815743 0.529761
1627895 0.0105952 0.815743 0.529761
157688 0.0105952 0.815743 0.529761
2996794 0.0105952 0.815743 0.529761
1499967 0.0105952 0.815743 0.529761
2292766 0.0105952 0.815743 0.529761
2844893 0.0105952 0.815743 0.529761
2841693 0.0105952 0.815743 0.529761
2024889 0.0105952 0.815743 0.529761
2508984 0.0105952 0.815743 0.529761
2250252 0.0105952 0.815743 0.529761
2268124 0.0105952 0.815743 0.529761
2030807 0.0105952 0.815743 0.529761
1817895 0.0105952 0.815743 0.529761
2052148 0.0105952 0.815743 0.529761
2212470 0.0105952 0.815743 0.529761
1817867 0.0105952 0.815743 0.529761
1817864 0.0105952 0.815743 0.529761
1817863 0.0105952 0.815743 0.529761
2013854 0.0105952 0.815743 0.529761
1974704 0.0105952 0.815743 0.529761
1801733 0.0105952 0.815743 0.529761
2072418 0.0105952 0.815743 0.529761
2840935 0.0105952 0.815743 0.529761
1227550 0.0105952 0.815743 0.529761
869210 0.0105952 0.815743 0.529761
526227 0.0105952 0.815743 0.529761
1408545 0.0105952 0.815743 0.529761
1227551 0.0105952 0.815743 0.529761
1227553 0.0105952 0.815743 0.529761
2026184 0.0105952 0.815743 0.529761
649638 0.0105952 0.815743 0.529761
709986 0.0105952 0.815743 0.529761
546414 0.0105952 0.815743 0.529761
937777 0.0105952 0.815743 0.529761
243230 0.0105952 0.815743 0.529761
1223518 0.0105952 0.815743 0.529761
694439 0.0105952 0.815743 0.529761
694435 0.0105952 0.815743 0.529761
393059 0.0105952 0.815743 0.529761
392561 0.0105952 0.815743 0.529761
32062 0.0105952 0.815743 0.529761
392414 0.0105952 0.815743 0.529761
1211322 0.0105952 0.815743 0.529761
2489213 0.0105952 0.815743 0.529761
1309411 0.0105952 0.815743 0.529761
522487 0.0105952 0.815743 0.529761
1141878 0.0105952 0.815743 0.529761
1848197 0.0105952 0.815743 0.529761
2994950 0.0105952 0.815743 0.529761
1805970 0.0105952 0.815743 0.529761
200252 0.0105952 0.815743 0.529761
1706855 0.0105952 0.815743 0.529761
394230 0.0105952 0.815743 0.529761
521158 0.0105952 0.815743 0.529761
649746 0.0105952 0.815743 0.529761
580340 0.0105952 0.815743 0.529761
1005740 0.0105952 0.815743 0.529761
3029084 0.0105952 0.815743 0.529761
561720 0.0105952 0.815743 0.529761
525903 0.0105952 0.815743 0.529761
584708 0.0105952 0.815743 0.529761
2754 0.0105952 0.815743 0.529761
508460 0.0105952 0.815743 0.529761
1197717 0.0105952 0.815743 0.529761
3016050 0.0105952 0.815743 0.529761
2569760 0.0105952 0.815743 0.529761
3127013 0.0105952 0.815743 0.529761
3127016 0.0105952 0.815743 0.529761
3127014 0.0105952 0.815743 0.529761
3127015 0.0105952 0.815743 0.529761
2088 0.0105952 0.815743 0.529761
315358 0.0105952 0.815743 0.529761
2840900 0.0105952 0.815743 0.529761
2219043 0.0105952 0.815743 0.529761
685828 0.0105952 0.815743 0.529761
661478 0.0105952 0.815743 0.529761
360411 0.0105952 0.815743 0.529761
360412 0.0105952 0.815743 0.529761
913107 0.0105952 0.815743 0.529761
869279 0.0105952 0.815743 0.529761
1678840 0.0105952 0.815743 0.529761
229921 0.0105952 0.815743 0.529761
2841698 0.0105952 0.815743 0.529761
166587 0.0105952 0.815743 0.529761
2509675 0.0105952 0.815743 0.529761
2778369 0.0105952 0.815743 0.529761
644383 0.0105952 0.815743 0.529761
2490863 0.0105952 0.815743 0.529761
2778365 0.0105952 0.815743 0.529761
485913 0.0105952 0.815743 0.529761
2778364 0.0105952 0.815743 0.529761
2014874 0.0105952 0.815743 0.529761
2778368 0.0105952 0.815743 0.529761
2014873 0.0105952 0.815743 0.529761
2014872 0.0105952 0.815743 0.529761
3026934 0.0105952 0.815743 0.529761
1936993 0.0105952 0.815743 0.529761
2014871 0.0105952 0.815743 0.529761
70996 0.0105952 0.815743 0.529761
1973496 0.0105952 0.815743 0.529761
186479 0.0105952 0.815743 0.529761
2364212 0.0105952 0.815743 0.529761
2710758 0.0105952 0.815743 0.529761
1839801 0.0105952 0.815743 0.529761
3038979 0.0105952 0.815743 0.529761
1806508 0.0105952 0.815743 0.529761
872965 0.0105952 0.815743 0.529761
1906157 0.0105952 0.815743 0.529761
2218524 0.0105952 0.815743 0.529761
388085 0.0105952 0.815743 0.529761
2716417 0.0105952 0.815743 0.529761
251221 0.0105952 0.815743 0.529761
3022442 0.0105952 0.815743 0.529761
1925591 0.0105952 0.815743 0.529761
904376 0.0105952 0.815743 0.529761
2839662 0.0105952 0.815743 0.529761
2737172 0.0105952 0.815743 0.529761
2016057 0.0105952 0.815743 0.529761
2107698 0.0105952 0.815743 0.529761
1666911 0.0105952 0.815743 0.529761
1973484 0.0105952 0.815743 0.529761
2547451 0.0105952 0.815743 0.529761
47253 0.0105952 0.815743 0.529761
1921803 0.0105952 0.815743 0.529761
945734 0.0105952 0.815743 0.529761
111780 0.0105952 0.815743 0.529761
1304833 0.0105952 0.815743 0.529761
128403 0.0105952 0.815743 0.529761
1844469 0.0105952 0.815743 0.529761
287848 0.0105952 0.815743 0.529761
234711 0.0105952 0.815743 0.529761
945747 0.0105952 0.815743 0.529761
1641165 0.0105952 0.815743 0.529761
2991925 0.0105952 0.815743 0.529761
915328 0.0105952 0.815743 0.529761
549789 0.0105952 0.815743 0.529761
3110306 0.0105952 0.815743 0.529761
1574623 0.0105952 0.815743 0.529761
2282168 0.0105952 0.815743 0.529761
247279 0.0105952 0.815743 0.529761
1433147 0.0105952 0.815743 0.529761
2292702 0.0105952 0.815743 0.529761
1802564 0.0105952 0.815743 0.529761
1802583 0.0105952 0.815743 0.529761
2754717 0.0105952 0.815743 0.529761
185139 0.0105952 0.815743 0.529761
1608957 0.0105952 0.815743 0.529761
1670830 0.0105952 0.815743 0.529761
467091 0.0105952 0.815743 0.529761
1313172 0.0105952 0.815743 0.529761
2954438 0.0105952 0.815743 0.529761
1229780 0.0105952 0.815743 0.529761
2789776 0.0105952 0.815743 0.529761
467976 0.0105952 0.815743 0.529761
1121877 0.0105952 0.815743 0.529761
1121881 0.0105952 0.815743 0.529761
525909 0.0105952 0.815743 0.529761
667306 0.0105952 0.815743 0.529761
2664430 0.0105952 0.815743 0.529761
1280514 0.0105952 0.815743 0.529761
1655583 0.0105952 0.815743 0.529761
2884022 0.0105952 0.815743 0.529761
1097667 0.0105952 0.815743 0.529761
912552 0.0105952 0.815743 0.529761
469383 0.0105952 0.815743 0.529761
1940611 0.0105952 0.815743 0.529761
1404360 0.0105952 0.815743 0.529761
490573 0.0105952 0.815743 0.529761
2282478 0.0105952 0.815743 0.529761
166793 0.0105952 0.815743 0.529761
2133960 0.0105952 0.815743 0.529761
2997339 0.0105952 0.815743 0.529761
2949664 0.0105952 0.815743 0.529761
496014 0.0105952 0.815743 0.529761
2898438 0.0105952 0.815743 0.529761
1002870 0.0105952 0.815743 0.529761
1500506 0.0105952 0.815743 0.529761
351607 0.0105952 0.815743 0.529761
2944128 0.0105952 0.815743 0.529761
3075547 0.0105952 0.815743 0.529761
1206085 0.0105952 0.815743 0.529761
2038343 0.0105952 0.815743 0.529761
80872 0.0105952 0.815743 0.529761
927661 0.0105952 0.815743 0.529761
113569 0.0105952 0.815743 0.529761
2593070 0.0105952 0.815743 0.529761
134849 0.0105952 0.815743 0.529761
3158264 0.0105952 0.815743 0.529761
479431 0.0105952 0.815743 0.529761
2576308 0.0105952 0.815743 0.529761
2803911 0.0105952 0.815743 0.529761
1656892 0.0105952 0.815743 0.529761
1748367 0.0105952 0.815743 0.529761
2665158 0.0105952 0.815743 0.529761
1090615 0.0105952 0.815743 0.529761
363630 0.0105952 0.815743 0.529761
1902245 0.0105952 0.815743 0.529761
995062 0.0105952 0.815743 0.529761
995066 0.0105952 0.815743 0.529761
1352928 0.0105952 0.815743 0.529761
1981512 0.0105952 0.815743 0.529761
2650750 0.0105952 0.815743 0.529761
1981511 0.0105952 0.815743 0.529761
1783498 0.0105952 0.815743 0.529761
648780 0.0105952 0.815743 0.529761
1524084 0.0105952 0.815743 0.529761
419479 0.0105952 0.815743 0.529761
2670374 0.0105952 0.815743 0.529761
2530374 0.0105952 0.815743 0.529761
2530372 0.0105952 0.815743 0.529761
561176 0.0105952 0.815743 0.529761
2652290 0.0105952 0.815743 0.529761
883069 0.0105952 0.815743 0.529761
2741497 0.0105952 0.815743 0.529761
1921764 0.0105952 0.815743 0.529761
52770 0.0105952 0.815743 0.529761
52771 0.0105952 0.815743 0.529761
52774 0.0105952 0.815743 0.529761
111015 0.0105952 0.815743 0.529761
2755559 0.0105952 0.815743 0.529761
171442 0.0105952 0.815743 0.529761
1891644 0.0105952 0.815743 0.529761
1837743 0.0105952 0.815743 0.529761
351215 0.0105952 0.815743 0.529761
1926649 0.0105952 0.815743 0.529761
3362603 0.0105952 0.815743 0.529761
2835133 0.0105952 0.815743 0.529761
84632 0.0105952 0.815743 0.529761
566012 0.0105952 0.815743 0.529761
499548 0.0105952 0.815743 0.529761
2593304 0.0105952 0.815743 0.529761
317664 0.0105952 0.815743 0.529761
658456 0.0105952 0.815743 0.529761
1162965 0.0105952 0.815743 0.529761
452979 0.0105952 0.815743 0.529761
266940 0.0105952 0.815743 0.529761
1070872 0.0105952 0.815743 0.529761
512762 0.0105952 0.815743 0.529761
37633 0.0105952 0.815743 0.529761
559628 0.0105952 0.815743 0.529761
1181883 0.0105952 0.815743 0.529761
1607685 0.0105952 0.815743 0.529761
2811108 0.0105952 0.815743 0.529761
1496996 0.0105952 0.815743 0.529761
446470 0.0105952 0.815743 0.529761
406432 0.0105952 0.815743 0.529761
256037 0.0105952 0.815743 0.529761
2126555 0.0105952 0.815743 0.529761
58114 0.0105952 0.815743 0.529761
380244 0.0105952 0.815743 0.529761
2570927 0.0105952 0.815743 0.529761
2493553 0.0105952 0.815743 0.529761
298654 0.0105952 0.815743 0.529761
1834516 0.0105952 0.815743 0.529761
1839754 0.0105952 0.815743 0.529761
1562887 0.0105952 0.815743 0.529761
573489 0.0105952 0.815743 0.529761
326424 0.0105952 0.815743 0.529761
1856 0.0105952 0.815743 0.529761
553191 0.0105952 0.815743 0.529761
1042403 0.0105952 0.815743 0.529761
1437608 0.0105952 0.815743 0.529761
1437603 0.0105952 0.815743 0.529761
547043 0.0105952 0.815743 0.529761
702459 0.0105952 0.815743 0.529761
1690 0.0105952 0.815743 0.529761
1769423 0.0105952 0.815743 0.529761
327277 0.0105952 0.815743 0.529761
1603886 0.0105952 0.815743 0.529761
2650774 0.0105952 0.815743 0.529761
1798158 0.0105952 0.815743 0.529761
158787 0.0105952 0.815743 0.529761
1960969 0.0105952 0.815743 0.529761
1630172 0.0105952 0.815743 0.529761
1630162 0.0105952 0.815743 0.529761
218140 0.0105952 0.815743 0.529761
2834431 0.0105952 0.815743 0.529761
2306972 0.0105952 0.815743 0.529761
78343 0.0105952 0.815743 0.529761
3059038 0.0105952 0.815743 0.529761
1693 0.0105952 0.815743 0.529761
1692 0.0105952 0.815743 0.529761
1688 0.0105952 0.815743 0.529761
987063 0.0105952 0.815743 0.529761
2483799 0.0105952 0.815743 0.529761
620889 0.0105952 0.815743 0.529761
527326 0.0105952 0.815743 0.529761
2589797 0.0105952 0.815743 0.529761
56055 0.0105952 0.815743 0.529761
369723 0.0105952 0.815743 0.529761
56427 0.0105952 0.815743 0.529761
619741 0.0105952 0.815743 0.529761
714109 0.0105952 0.815743 0.529761
2811111 0.0105952 0.815743 0.529761
349315 0.0105952 0.815743 0.529761
349313 0.0105952 0.815743 0.529761
643052 0.0105952 0.815743 0.529761
1392758 0.0105952 0.815743 0.529761
1785913 0.0105952 0.815743 0.529761
113560 0.0105952 0.815743 0.529761
1751298 0.0105952 0.815743 0.529761
439699 0.0105952 0.815743 0.529761
42233 0.0105952 0.815743 0.529761
1742688 0.0105952 0.815743 0.529761
556531 0.0105952 0.815743 0.529761
556532 0.0105952 0.815743 0.529761
390989 0.0105952 0.815743 0.529761
227318 0.0105952 0.815743 0.529761
519421 0.0105952 0.815743 0.529761
2807577 0.0105952 0.815743 0.529761
53372 0.0105952 0.815743 0.529761
706583 0.0105952 0.815743 0.529761
53371 0.0105952 0.815743 0.529761
310355 0.0105952 0.815743 0.529761
1337874 0.0105952 0.815743 0.529761
310353 0.0105952 0.815743 0.529761
741659 0.0105952 0.815743 0.529761
65505 0.0105952 0.815743 0.529761
175570 0.0105952 0.815743 0.529761
765197 0.0105952 0.815743 0.529761
373681 0.0105952 0.815743 0.529761
338584 0.0105952 0.815743 0.529761
3140240 0.0105952 0.815743 0.529761
587533 0.0105952 0.815743 0.529761
587534 0.0105952 0.815743 0.529761
137267 0.0105952 0.815743 0.529761
137266 0.0105952 0.815743 0.529761
1436122 0.0105952 0.815743 0.529761
555372 0.0105952 0.815743 0.529761
673535 0.0105952 0.815743 0.529761
566021 0.0105952 0.815743 0.529761
1544735 0.0105952 0.815743 0.529761
1544732 0.0105952 0.815743 0.529761
2789879 0.0105952 0.815743 0.529761
137265 0.0105952 0.815743 0.529761
53367 0.0105952 0.815743 0.529761
234613 0.0105952 0.815743 0.529761
560556 0.0105952 0.815743 0.529761
1434730 0.0105952 0.815743 0.529761
685454 0.0105952 0.815743 0.529761
579108 0.0105952 0.815743 0.529761
53362 0.0105952 0.815743 0.529761
53361 0.0105952 0.815743 0.529761
53359 0.0105952 0.815743 0.529761
47989 0.0105952 0.815743 0.529761
1424081 0.0105952 0.815743 0.529761
634393 0.0105952 0.815743 0.529761
35754 0.0105952 0.815743 0.529761
135947 0.0105952 0.815743 0.529761
512565 0.0105952 0.815743 0.529761
1246995 0.0105952 0.815743 0.529761
3045177 0.0105952 0.815743 0.529761
1144547 0.0105952 0.815743 0.529761
3040509 0.0105952 0.815743 0.529761
512349 0.0105952 0.815743 0.529761
52697 0.0105952 0.815743 0.529761
52696 0.0105952 0.815743 0.529761
113567 0.0105952 0.815743 0.529761
113562 0.0105952 0.815743 0.529761
47988 0.0105952 0.815743 0.529761
1223317 0.0105952 0.815743 0.529761
403638 0.0105952 0.815743 0.529761
1287878 0.0105952 0.815743 0.529761
2792083 0.0105952 0.815743 0.529761
135948 0.0105952 0.815743 0.529761
2820290 0.0105952 0.815743 0.529761
1868 0.0105952 0.815743 0.529761
1076125 0.0105952 0.815743 0.529761
1076126 0.0105952 0.815743 0.529761
1076124 0.0105952 0.815743 0.529761
3071409 0.0105952 0.815743 0.529761
1620943 0.0105952 0.815743 0.529761
3016789 0.0105952 0.815743 0.529761
624315 0.0105952 0.815743 0.529761
2939490 0.0105952 0.815743 0.529761
2810368 0.0105952 0.815743 0.529761
2906497 0.0105952 0.815743 0.529761
1036182 0.0105952 0.815743 0.529761
52695 0.0105952 0.815743 0.529761
2997416 0.0105952 0.815743 0.529761
113565 0.0105952 0.815743 0.529761
113564 0.0105952 0.815743 0.529761
113563 0.0105952 0.815743 0.529761
113561 0.0105952 0.815743 0.529761
571912 0.0105952 0.815743 0.529761
1416877 0.0105952 0.815743 0.529761
1610840 0.0105952 0.815743 0.529761
1050105 0.0105952 0.815743 0.529761
227316 0.0105952 0.815743 0.529761
589240 0.0105952 0.815743 0.529761
356852 0.0105952 0.815743 0.529761
285665 0.0105952 0.815743 0.529761
2807622 0.0105952 0.815743 0.529761
709878 0.0105952 0.815743 0.529761
1198245 0.0105952 0.815743 0.529761
1655439 0.0105952 0.815743 0.529761
47871 0.0105952 0.815743 0.529761
47865 0.0105952 0.815743 0.529761
47860 0.0105952 0.815743 0.529761
47858 0.0105952 0.815743 0.529761
47853 0.0105952 0.815743 0.529761
145857 0.0105952 0.815743 0.529761
145854 0.0105952 0.815743 0.529761
1522057 0.0105952 0.815743 0.529761
3028804 0.0105952 0.815743 0.529761
405436 0.0105952 0.815743 0.529761
502268 0.0105952 0.815743 0.529761
2202421 0.0105952 0.815743 0.529761
2202420 0.0105952 0.815743 0.529761
2070366 0.0105952 0.815743 0.529761
1184706 0.0105952 0.815743 0.529761
1282883 0.0105952 0.815743 0.529761
1877 0.0105952 0.815743 0.529761
230091 0.0105952 0.815743 0.529761
648755 0.0105952 0.815743 0.529761
1931992 0.0105952 0.815743 0.529761
1892852 0.0105952 0.815743 0.529761
907463 0.0105952 0.815743 0.529761
1000566 0.0105952 0.815743 0.529761
1262583 0.0105952 0.815743 0.529761
2665642 0.0105952 0.815743 0.529761
598644 0.0105952 0.815743 0.529761
334858 0.0105952 0.815743 0.529761
37925 0.0105952 0.815743 0.529761
1872711 0.0105952 0.815743 0.529761
1213861 0.0105952 0.815743 0.529761
882082 0.0105952 0.815743 0.529761
882086 0.0105952 0.815743 0.529761
882081 0.0105952 0.815743 0.529761
687388 0.0105952 0.815743 0.529761
1654476 0.0105952 0.815743 0.529761
84725 0.0105952 0.815743 0.529761
485602 0.0105952 0.815743 0.529761
1768010 0.0105952 0.815743 0.529761
2812003 0.0105952 0.815743 0.529761
1912961 0.0105952 0.815743 0.529761
502181 0.0105952 0.815743 0.529761
43355 0.0105952 0.815743 0.529761
130796 0.0105952 0.815743 0.529761
664784 0.0105952 0.815743 0.529761
2752311 0.0105952 0.815743 0.529761
926830 0.0105952 0.815743 0.529761
3129231 0.0105952 0.815743 0.529761
2291215 0.0105952 0.815743 0.529761
1290095 0.0105952 0.815743 0.529761
663609 0.0105952 0.815743 0.529761
663608 0.0105952 0.815743 0.529761
663603 0.0105952 0.815743 0.529761
663602 0.0105952 0.815743 0.529761
1470176 0.0105952 0.815743 0.529761
1120930 0.0105952 0.815743 0.529761
340345 0.0105952 0.815743 0.529761
1045776 0.0105952 0.815743 0.529761
1449976 0.0105952 0.815743 0.529761
1483604 0.0105952 0.815743 0.529761
103725 0.0105952 0.815743 0.529761
103721 0.0105952 0.815743 0.529761
446462 0.0105952 0.815743 0.529761
588067 0.0105952 0.815743 0.529761
1592324 0.0105952 0.815743 0.529761
1470180 0.0105952 0.815743 0.529761
577680 0.0105952 0.815743 0.529761
387889 0.0105952 0.815743 0.529761
2800127 0.0105952 0.815743 0.529761
176898 0.0105952 0.815743 0.529761
1453103 0.0105952 0.815743 0.529761
43354 0.0105952 0.815743 0.529761
530584 0.0105952 0.815743 0.529761
1478153 0.0105952 0.815743 0.529761
1477506 0.0105952 0.815743 0.529761
211114 0.0105952 0.815743 0.529761
1142134 0.0105952 0.815743 0.529761
1378989 0.0105952 0.815743 0.529761
65499 0.0105952 0.815743 0.529761
128104 0.0105952 0.815743 0.529761
2714351 0.0105952 0.815743 0.529761
2020703 0.0105952 0.815743 0.529761
1789439 0.0105952 0.815743 0.529761
641025 0.0105952 0.815743 0.529761
3095429 0.0105952 0.815743 0.529761
1586287 0.0105952 0.815743 0.529761
2041025 0.0105952 0.815743 0.529761
531938 0.0105952 0.815743 0.529761
2591470 0.0105952 0.815743 0.529761
68170 0.0105952 0.815743 0.529761
1365924 0.0105952 0.815743 0.529761
1497396 0.0105952 0.815743 0.529761
211113 0.0105952 0.815743 0.529761
2698649 0.0105952 0.815743 0.529761
860235 0.0105952 0.815743 0.529761
2030 0.0105952 0.815743 0.529761
1933 0.0105952 0.815743 0.529761
2017 0.0105952 0.815743 0.529761
1223511 0.0105952 0.815743 0.529761
675635 0.0105952 0.815743 0.529761
1123024 0.0105952 0.815743 0.529761
260086 0.0105952 0.815743 0.529761
882449 0.0105952 0.815743 0.529761
29401 0.0105952 0.815743 0.529761
3075545 0.0105952 0.815743 0.529761
1206997 0.0105952 0.815743 0.529761
648754 0.0105952 0.815743 0.529761
681289 0.0105952 0.815743 0.529761
58107 0.0105952 0.815743 0.529761
153376 0.0105952 0.815743 0.529761
1397368 0.0105952 0.815743 0.529761
904933 0.0105952 0.815743 0.529761
2736640 0.0105952 0.815743 0.529761
2800819 0.0105952 0.815743 0.529761
1095914 0.0105952 0.815743 0.529761
1128676 0.0105952 0.815743 0.529761
76726 0.0105952 0.815743 0.529761
75291 0.0105952 0.815743 0.529761
75290 0.0105952 0.815743 0.529761
75289 0.0105952 0.815743 0.529761
2172015 0.0105952 0.815743 0.529761
401976 0.0105952 0.815743 0.529761
630995 0.0105952 0.815743 0.529761
630975 0.0105952 0.815743 0.529761
630973 0.0105952 0.815743 0.529761
367279 0.0105952 0.815743 0.529761
2792008 0.0105952 0.815743 0.529761
366584 0.0105952 0.815743 0.529761
2724939 0.0105952 0.815743 0.529761
2074 0.0105952 0.815743 0.529761
1848 0.0105952 0.815743 0.529761
95161 0.0105952 0.815743 0.529761
405948 0.0105952 0.815743 0.529761
455344 0.0105952 0.815743 0.529761
455193 0.0105952 0.815743 0.529761
2781240 0.0105952 0.815743 0.529761
60895 0.0105952 0.815743 0.529761
60894 0.0105952 0.815743 0.529761
28042 0.0105952 0.815743 0.529761
418759 0.0105952 0.815743 0.529761
418495 0.0105952 0.815743 0.529761
89367 0.0105952 0.815743 0.529761
1431848 0.0105952 0.815743 0.529761
543886 0.0105952 0.815743 0.529761
2997343 0.0105952 0.815743 0.529761
146035 0.0105952 0.815743 0.529761
405551 0.0105952 0.815743 0.529761
664693 0.0105952 0.815743 0.529761
2530387 0.0105952 0.815743 0.529761
2530385 0.0105952 0.815743 0.529761
2530384 0.0105952 0.815743 0.529761
1181886 0.0105952 0.815743 0.529761
3082379 0.0105952 0.815743 0.529761
33914 0.0105952 0.815743 0.529761
208439 0.0105952 0.815743 0.529761
1292037 0.0105952 0.815743 0.529761
589385 0.0105952 0.815743 0.529761
31958 0.0105952 0.815743 0.529761
490629 0.0105952 0.815743 0.529761
587909 0.0105952 0.815743 0.529761
3110235 0.0105952 0.815743 0.529761
2945988 0.0105952 0.815743 0.529761
715473 0.0105952 0.815743 0.529761
715472 0.0105952 0.815743 0.529761
715471 0.0105952 0.815743 0.529761
944492 0.0105952 0.815743 0.529761
287986 0.0105952 0.815743 0.529761
450801 0.0105952 0.815743 0.529761
546365 0.0105952 0.815743 0.529761
546364 0.0105952 0.815743 0.529761
185696 0.0105952 0.815743 0.529761
185678 0.0105952 0.815743 0.529761
2053003 0.0105952 0.815743 0.529761
2576905 0.0105952 0.815743 0.529761
2510978 0.0105952 0.815743 0.529761
1854586 0.0105952 0.815743 0.529761
543629 0.0105952 0.815743 0.529761
84480 0.0105952 0.815743 0.529761
1068978 0.0105952 0.815743 0.529761
115433 0.0105952 0.815743 0.529761
882444 0.0105952 0.815743 0.529761
1128664 0.0105952 0.815743 0.529761
342230 0.0105952 0.815743 0.529761
2340917 0.0105952 0.815743 0.529761
112413 0.0105952 0.815743 0.529761
2995223 0.0105952 0.815743 0.529761
700274 0.0105952 0.815743 0.529761
208445 0.0105952 0.815743 0.529761
3156488 0.0105952 0.815743 0.529761
76022 0.0105952 0.815743 0.529761
337894 0.0105952 0.815743 0.529761
664692 0.0105952 0.815743 0.529761
664691 0.0105952 0.815743 0.529761
860233 0.0105952 0.815743 0.529761
2596893 0.0105952 0.815743 0.529761
1448059 0.0105952 0.815743 0.529761
2724524 0.0105952 0.815743 0.529761
1905142 0.0105952 0.815743 0.529761
1804986 0.0105952 0.815743 0.529761
330083 0.0105952 0.815743 0.529761
1181879 0.0105952 0.815743 0.529761
394193 0.0105952 0.815743 0.529761
1271860 0.0105952 0.815743 0.529761
2684470 0.0105952 0.815743 0.529761
155976 0.0105952 0.815743 0.529761
155974 0.0105952 0.815743 0.529761
909613 0.0105952 0.815743 0.529761
1490288 0.0105952 0.815743 0.529761
1193682 0.0105952 0.815743 0.529761
504798 0.0105952 0.815743 0.529761
103729 0.0105952 0.815743 0.529761
103728 0.0105952 0.815743 0.529761
1816 0.0105952 0.815743 0.529761
1048753 0.0105952 0.815743 0.529761
913853 0.0105952 0.815743 0.529761
1179773 0.0105952 0.815743 0.529761
413306 0.0105952 0.815743 0.529761
543527 0.0105952 0.815743 0.529761
571190 0.0105952 0.815743 0.529761
204798 0.0105952 0.815743 0.529761
103734 0.0105952 0.815743 0.529761
103733 0.0105952 0.815743 0.529761
33920 0.0105952 0.815743 0.529761
598652 0.0105952 0.815743 0.529761
2714956 0.0105952 0.815743 0.529761
598650 0.0105952 0.815743 0.529761
2339232 0.0105952 0.815743 0.529761
2497753 0.0105952 0.815743 0.529761
673521 0.0105952 0.815743 0.529761
1564158 0.0105952 0.815743 0.529761
1564159 0.0105952 0.815743 0.529761
1137993 0.0105952 0.815743 0.529761
1137991 0.0105952 0.815743 0.529761
1333667 0.0105952 0.815743 0.529761
1070870 0.0105952 0.815743 0.529761
1296565 0.0105952 0.815743 0.529761
3162531 0.0105952 0.815743 0.529761
1523247 0.0105952 0.815743 0.529761
504800 0.0105952 0.815743 0.529761
1190417 0.0105952 0.815743 0.529761
1225127 0.0105952 0.815743 0.529761
1960309 0.0105952 0.815743 0.529761
333142 0.0105952 0.815743 0.529761
1052260 0.0105952 0.815743 0.529761
1052259 0.0105952 0.815743 0.529761
1564162 0.0105952 0.815743 0.529761
1798228 0.0105952 0.815743 0.529761
351224 0.0105952 0.815743 0.529761
38502 0.0105952 0.815743 0.529761
1938746 0.0105952 0.815743 0.529761
1938745 0.0105952 0.815743 0.529761
3050034 0.0105952 0.815743 0.529761
2732864 0.0105952 0.815743 0.529761
1522368 0.0105952 0.815743 0.529761
429133 0.0105952 0.815743 0.529761
1608614 0.0105952 0.815743 0.529761
1181884 0.0105952 0.815743 0.529761
1629062 0.0105952 0.815743 0.529761
1508375 0.0105952 0.815743 0.529761
2828514 0.0105952 0.815743 0.529761
977794 0.0105952 0.815743 0.529761
450799 0.0105952 0.815743 0.529761
479433 0.0105952 0.815743 0.529761
450798 0.0105952 0.815743 0.529761
2705254 0.0105952 0.815743 0.529761
1572660 0.0105952 0.815743 0.529761
479435 0.0105952 0.815743 0.529761
1572659 0.0105952 0.815743 0.529761
291602 0.0105952 0.815743 0.529761
3075929 0.0105952 0.815743 0.529761
60450 0.0105952 0.815743 0.529761
190195 0.0105952 0.815743 0.529761
190194 0.0105952 0.815743 0.529761
1926257 0.0105952 0.815743 0.529761
57909 0.0105952 0.815743 0.529761
1105143 0.0105952 0.815743 0.529761
416017 0.0105952 0.815743 0.529761
2512217 0.0105952 0.815743 0.529761
2512216 0.0105952 0.815743 0.529761
2512215 0.0105952 0.815743 0.529761
2512212 0.0105952 0.815743 0.529761
2512112 0.0105952 0.815743 0.529761
996641 0.0105952 0.815743 0.529761
1124743 0.0105952 0.815743 0.529761
2530375 0.0105952 0.815743 0.529761
236068 0.0105952 0.815743 0.529761
722689 0.0105952 0.815743 0.529761
460087 0.0105952 0.815743 0.529761
1540520 0.0105952 0.815743 0.529761
446787 0.0105952 0.815743 0.529761
648752 0.0105952 0.815743 0.529761
117157 0.0105952 0.815743 0.529761
504797 0.0105952 0.815743 0.529761
675864 0.0105952 0.815743 0.529761
3138240 0.0105952 0.815743 0.529761
2662261 0.0105952 0.815743 0.529761
2268447 0.0105952 0.815743 0.529761
1753 0.0105952 0.815743 0.529761
349934 0.0105952 0.815743 0.529761
3041175 0.0105952 0.815743 0.529761
2016499 0.0105952 0.815743 0.529761
2016507 0.0105952 0.815743 0.529761
88874 0.0105952 0.815743 0.529761
1255658 0.0105952 0.815743 0.529761
174038 0.0105952 0.815743 0.529761
2829499 0.0105952 0.815743 0.529761
1123357 0.0105952 0.815743 0.529761
1285901 0.0105952 0.815743 0.529761
1347891 0.0105952 0.815743 0.529761
993414 0.0105952 0.815743 0.529761
682979 0.0105952 0.815743 0.529761
1032480 0.0105952 0.815743 0.529761
1759536 0.0105952 0.815743 0.529761
546874 0.0105952 0.815743 0.529761
446786 0.0105952 0.815743 0.529761
1036181 0.0105952 0.815743 0.529761
81499 0.0105952 0.815743 0.529761
1716077 0.0105952 0.815743 0.529761
2596828 0.0105952 0.815743 0.529761
630515 0.0105952 0.815743 0.529761
400768 0.0105952 0.815743 0.529761
363863 0.0105952 0.815743 0.529761
2072026 0.0105952 0.815743 0.529761
2775081 0.0105952 0.815743 0.529761
433330 0.0105952 0.815743 0.529761
1837344 0.0105952 0.815743 0.529761
2057246 0.0105952 0.815743 0.529761
1171373 0.0105952 0.815743 0.529761
1749 0.0105952 0.815743 0.529761
64702 0.0105952 0.815743 0.529761
66712 0.0105952 0.815743 0.529761
1962131 0.0105952 0.815743 0.529761
546871 0.0105952 0.815743 0.529761
2908642 0.0105952 0.815743 0.529761
185243 0.0105952 0.815743 0.529761
75385 0.0105952 0.815743 0.529761
696763 0.0105952 0.815743 0.529761
1708749 0.0105952 0.815743 0.529761
2045 0.0105952 0.815743 0.529761
1348852 0.0105952 0.815743 0.529761
2585211 0.0105952 0.815743 0.529761
1736691 0.0105952 0.815743 0.529761
585531 0.0105952 0.815743 0.529761
2292704 0.0105952 0.815743 0.529761
1538144 0.0105952 0.815743 0.529761
416568 0.0105952 0.815743 0.529761
2969247 0.0105952 0.815743 0.529761
52699 0.0105952 0.815743 0.529761
2079793 0.0105952 0.815743 0.529761
2663859 0.0105952 0.815743 0.529761
2498846 0.0105952 0.815743 0.529761
2662028 0.0105952 0.815743 0.529761
302168 0.0105952 0.815743 0.529761
560557 0.0105952 0.815743 0.529761
363867 0.0105952 0.815743 0.529761
363861 0.0105952 0.815743 0.529761
2041 0.0105952 0.815743 0.529761
1867775 0.0105952 0.815743 0.529761
1300347 0.0105952 0.815743 0.529761
2784339 0.0105952 0.815743 0.529761
1210400 0.0105952 0.815743 0.529761
160826 0.0105952 0.815743 0.529761
29299 0.0105952 0.815743 0.529761
2945102 0.0105952 0.815743 0.529761
2682843 0.0105952 0.815743 0.529761
1175486 0.0105952 0.815743 0.529761
2518372 0.0105952 0.815743 0.529761
2518371 0.0105952 0.815743 0.529761
2518370 0.0105952 0.815743 0.529761
2321396 0.0105952 0.815743 0.529761
419476 0.0105952 0.815743 0.529761
2712223 0.0105952 0.815743 0.529761
450363 0.0105952 0.815743 0.529761
449461 0.0105952 0.815743 0.529761
1005945 0.0105952 0.815743 0.529761
1005944 0.0105952 0.815743 0.529761
252231 0.0105952 0.815743 0.529761
317019 0.0105952 0.815743 0.529761
349522 0.0105952 0.815743 0.529761
2774019 0.0105952 0.815743 0.529761
2478913 0.0105952 0.815743 0.529761
86796 0.0105952 0.815743 0.529761
1921566 0.0105952 0.815743 0.529761
2773426 0.0105952 0.815743 0.529761
3231893 0.0105952 0.815743 0.529761
3231482 0.0105952 0.815743 0.529761
642780 0.0105952 0.815743 0.529761
2575440 0.0105952 0.815743 0.529761
2607659 0.0105952 0.815743 0.529761
2803858 0.0105952 0.815743 0.529761
2049295 0.0105952 0.815743 0.529761
574700 0.0105952 0.815743 0.529761
574651 0.0105952 0.815743 0.529761
1457234 0.0105952 0.815743 0.529761
2866161 0.0105952 0.815743 0.529761
1325935 0.0105952 0.815743 0.529761
375542 0.0105952 0.815743 0.529761
3095076 0.0105952 0.815743 0.529761
3095075 0.0105952 0.815743 0.529761
1914755 0.0105952 0.815743 0.529761
374514 0.0105952 0.815743 0.529761
2568655 0.0105952 0.815743 0.529761
634462 0.0105952 0.815743 0.529761
3058370 0.0105952 0.815743 0.529761
3058369 0.0105952 0.815743 0.529761
3058044 0.0105952 0.815743 0.529761
305517 0.0105952 0.815743 0.529761
338077 0.0105952 0.815743 0.529761
1517589 0.0105952 0.815743 0.529761
2500546 0.0105952 0.815743 0.529761
2663857 0.0105952 0.815743 0.529761
402596 0.0105952 0.815743 0.529761
402297 0.0105952 0.815743 0.529761
2761101 0.0105952 0.815743 0.529761
2138300 0.0105952 0.815743 0.529761
860243 0.0105952 0.815743 0.529761
433664 0.0105952 0.815743 0.529761
433663 0.0105952 0.815743 0.529761
433659 0.0105952 0.815743 0.529761
433657 0.0105952 0.815743 0.529761
433651 0.0105952 0.815743 0.529761
433649 0.0105952 0.815743 0.529761
400774 0.0105952 0.815743 0.529761
2497878 0.0105952 0.815743 0.529761
1776857 0.0105952 0.815743 0.529761
1776736 0.0105952 0.815743 0.529761
203799 0.0105952 0.815743 0.529761
661492 0.0105952 0.815743 0.529761
661485 0.0105952 0.815743 0.529761
1119534 0.0105952 0.815743 0.529761
627624 0.0105952 0.815743 0.529761
2691959 0.0105952 0.815743 0.529761
2133958 0.0105952 0.815743 0.529761
200618 0.0105952 0.815743 0.529761
363868 0.0105952 0.815743 0.529761
1804624 0.0105952 0.815743 0.529761
1476871 0.0105952 0.815743 0.529761
1844 0.0105952 0.815743 0.529761
1835606 0.0105952 0.815743 0.529761
1528099 0.0105952 0.815743 0.529761
2710754 0.0105952 0.815743 0.529761
640132 0.0105952 0.815743 0.529761
679197 0.0105952 0.815743 0.529761
57704 0.0105952 0.815743 0.529761
128509 0.0105952 0.815743 0.529761
644556 0.0105952 0.815743 0.529761
47312 0.0105952 0.815743 0.529761
44753 0.0105952 0.815743 0.529761
239498 0.0105952 0.815743 0.529761
2592068 0.0105952 0.815743 0.529761
2592067 0.0105952 0.815743 0.529761
321318 0.0105952 0.815743 0.529761
161920 0.0105952 0.815743 0.529761
595984 0.0105952 0.815743 0.529761
983873 0.0105952 0.815743 0.529761
927655 0.0105952 0.815743 0.529761
340322 0.0105952 0.815743 0.529761
662755 0.0105952 0.815743 0.529761
1121362 0.0105952 0.815743 0.529761
161896 0.0105952 0.815743 0.529761
2487892 0.0105952 0.815743 0.529761
2684406 0.0105952 0.815743 0.529761
2913499 0.0105952 0.815743 0.529761
3139423 0.0105952 0.815743 0.529761
2838530 0.0105952 0.815743 0.529761
1032851 0.0105952 0.815743 0.529761
2080740 0.0105952 0.815743 0.529761
2506452 0.0105952 0.815743 0.529761
2931982 0.0105952 0.815743 0.529761
571915 0.0105952 0.815743 0.529761
1783348 0.0105952 0.815743 0.529761
699041 0.0105952 0.815743 0.529761
108486 0.0105952 0.815743 0.529761
1544413 0.0105952 0.815743 0.529761
1576874 0.0105952 0.815743 0.529761
35756 0.0105952 0.815743 0.529761
35755 0.0105952 0.815743 0.529761
3049801 0.0105952 0.815743 0.529761
3049799 0.0105952 0.815743 0.529761
394964 0.0105952 0.815743 0.529761
1724 0.0105952 0.815743 0.529761
1705 0.0105952 0.815743 0.529761
99807 0.0105952 0.815743 0.529761
1737425 0.0105952 0.815743 0.529761
616997 0.0105952 0.815743 0.529761
443218 0.0105952 0.815743 0.529761
2742202 0.0105952 0.815743 0.529761
2597660 0.0105952 0.815743 0.529761
435914 0.0105952 0.815743 0.529761
644548 0.0105952 0.815743 0.529761
1108044 0.0105952 0.815743 0.529761
1223545 0.0105952 0.815743 0.529761
1223542 0.0105952 0.815743 0.529761
686429 0.0105952 0.815743 0.529761
1701090 0.0105952 0.815743 0.529761
2487349 0.0105952 0.815743 0.529761
2420509 0.0105952 0.815743 0.529761
1007097 0.0105952 0.815743 0.529761
122202 0.0105952 0.815743 0.529761
417102 0.0105952 0.815743 0.529761
89051 0.0105952 0.815743 0.529761
1136941 0.0105952 0.815743 0.529761
1004901 0.0105952 0.815743 0.529761
1027371 0.0105952 0.815743 0.529761
1423140 0.0105952 0.815743 0.529761
2665643 0.0105952 0.815743 0.529761
1517702 0.0105952 0.815743 0.529761
1316928 0.0105952 0.815743 0.529761
1089454 0.0105952 0.815743 0.529761
2725283 0.0105952 0.815743 0.529761
2984863 0.0105952 0.815743 0.529761
39122 0.0105952 0.815743 0.529761
948102 0.0105952 0.815743 0.529761
1299323 0.0105952 0.815743 0.529761
83262 0.0105952 0.815743 0.529761
404941 0.0105952 0.815743 0.529761
1774 0.0105952 0.815743 0.529761
512402 0.0105952 0.815743 0.529761
354243 0.0105952 0.815743 0.529761
3064284 0.0105952 0.815743 0.529761
1194972 0.0105952 0.815743 0.529761
1440774 0.0105952 0.815743 0.529761
1226750 0.0105952 0.815743 0.529761
144550 0.0105952 0.815743 0.529761
1122247 0.0105952 0.815743 0.529761
1214915 0.0105952 0.815743 0.529761
2487344 0.0105952 0.815743 0.529761
258505 0.0105952 0.815743 0.529761
126673 0.0105952 0.815743 0.529761
28047 0.0105952 0.815743 0.529761
912594 0.0105952 0.815743 0.529761
1534349 0.0105952 0.815743 0.529761
59750 0.0105952 0.815743 0.529761
319707 0.0105952 0.815743 0.529761
1431246 0.0105952 0.815743 0.529761
85693 0.0105952 0.815743 0.529761
117567 0.0105952 0.815743 0.529761
280871 0.0105952 0.815743 0.529761
444597 0.0105952 0.815743 0.529761
49897 0.0105952 0.815743 0.529761
3064286 0.0105952 0.815743 0.529761
212765 0.0105952 0.815743 0.529761
146018 0.0105952 0.815743 0.529761
43304 0.0105952 0.815743 0.529761
75922 0.0105952 0.815743 0.529761
370524 0.0105952 0.815743 0.529761
1286181 0.0105952 0.815743 0.529761
1286180 0.0105952 0.815743 0.529761
39695 0.0105952 0.815743 0.529761
39692 0.0105952 0.815743 0.529761
39688 0.0105952 0.815743 0.529761
659824 0.0105952 0.815743 0.529761
36813 0.0105952 0.815743 0.529761
36811 0.0105952 0.815743 0.529761
134601 0.0105952 0.815743 0.529761
1807 0.0105952 0.815743 0.529761
1801 0.0105952 0.815743 0.529761
1793 0.0105952 0.815743 0.529761
1792 0.0105952 0.815743 0.529761
1791 0.0105952 0.815743 0.529761
1786 0.0105952 0.815743 0.529761
1779 0.0105952 0.815743 0.529761
1776 0.0105952 0.815743 0.529761
67081 0.0105952 0.815743 0.529761
2094119 0.0105952 0.815743 0.529761
164756 0.0105952 0.815743 0.529761
28045 0.0105952 0.815743 0.529761
2943498 0.0105952 0.815743 0.529761
1927124 0.0105952 0.815743 0.529761
1858794 0.0105952 0.815743 0.529761
482462 0.0105952 0.815743 0.529761
480418 0.0105952 0.815743 0.529761
1430326 0.0105952 0.815743 0.529761
53378 0.0105952 0.815743 0.529761
84962 0.0105952 0.815743 0.529761
1719132 0.0105952 0.815743 0.529761
2994102 0.0105952 0.815743 0.529761
28445 0.0105952 0.815743 0.529761
1964395 0.0105952 0.815743 0.529761
220927 0.0105952 0.815743 0.529761
154654 0.0105952 0.815743 0.529761
243061 0.0105952 0.815743 0.529761
470076 0.0105952 0.815743 0.529761
368477 0.0105952 0.815743 0.529761
1775 0.0105952 0.815743 0.529761
886343 0.0105952 0.815743 0.529761
590652 0.0105952 0.815743 0.529761
459424 0.0105952 0.815743 0.529761
1124626 0.0105952 0.815743 0.529761
265949 0.0105952 0.815743 0.529761
2799499 0.0105952 0.815743 0.529761
2584121 0.0105952 0.815743 0.529761
2495913 0.0105952 0.815743 0.529761
1644129 0.0105952 0.815743 0.529761
685727 0.0105952 0.815743 0.529761
908250 0.0105952 0.815743 0.529761
293050 0.0105952 0.815743 0.529761
53972 0.0105952 0.815743 0.529761
278209 0.0105952 0.815743 0.529761
398843 0.0105952 0.815743 0.529761
1828 0.0105952 0.815743 0.529761
261477 0.0105952 0.815743 0.529761
1415166 0.0105952 0.815743 0.529761
228602 0.0105952 0.815743 0.529761
228006 0.0105952 0.815743 0.529761
882446 0.0105952 0.815743 0.529761
455432 0.0105952 0.815743 0.529761
2585198 0.0105952 0.815743 0.529761
257274 0.0105952 0.815743 0.529761
1141657 0.0105952 0.815743 0.529761
419477 0.0105952 0.815743 0.529761
2842303 0.0105952 0.815743 0.529761
941183 0.0105952 0.815743 0.529761
2382165 0.0105952 0.815743 0.529761
120957 0.0105952 0.815743 0.529761
382504 0.0105952 0.815743 0.529761
2675851 0.0105952 0.815743 0.529761
53432 0.0105952 0.815743 0.529761
85688 0.0105952 0.815743 0.529761
2340916 0.0105952 0.815743 0.529761
2144174 0.0105952 0.815743 0.529761
145285 0.0105952 0.815743 0.529761
45979 0.0105952 0.815743 0.529761
208602 0.0105952 0.815743 0.529761
1616106 0.0105952 0.815743 0.529761
204891 0.0105952 0.815743 0.529761
37333 0.0105952 0.815743 0.529761
37332 0.0105952 0.815743 0.529761
134984 0.0105952 0.815743 0.529761
134964 0.0105952 0.815743 0.529761
756689 0.0105952 0.815743 0.529761
2755382 0.0105952 0.815743 0.529761
1823 0.0105952 0.815743 0.529761
1818 0.0105952 0.815743 0.529761
1603258 0.0105952 0.815743 0.529761
882452 0.0105952 0.815743 0.529761
321325 0.0105952 0.815743 0.529761
85044 0.0105952 0.815743 0.529761
1344003 0.0105952 0.815743 0.529761
885042 0.0105952 0.815743 0.529761
402236 0.0105952 0.815743 0.529761
632772 0.0105952 0.815743 0.529761
101510 0.0105952 0.815743 0.529761
1114960 0.0105952 0.815743 0.529761
1278076 0.0105952 0.815743 0.529761
2161675 0.0105952 0.815743 0.529761
191292 0.0105952 0.815743 0.529761
1960308 0.0105952 0.815743 0.529761
2811421 0.0105952 0.815743 0.529761
714159 0.0105952 0.815743 0.529761
1990687 0.0105952 0.815743 0.529761
3137122 0.0105952 0.815743 0.529761
2546320 0.0105952 0.815743 0.529761
183556 0.0105952 0.815743 0.529761
1460226 0.0105952 0.815743 0.529761
2571143 0.0105952 0.815743 0.529761
43772 0.0105952 0.815743 0.529761
2987751 0.0105952 0.815743 0.529761
38310 0.0105952 0.815743 0.529761
172041 0.0105952 0.815743 0.529761
234621 0.0105952 0.815743 0.529761
300028 0.0105952 0.815743 0.529761
168276 0.0105952 0.815743 0.529761
1805840 0.0105952 0.815743 0.529761
99653 0.0105952 0.815743 0.529761
33008 0.0105952 0.815743 0.529761
1441923 0.0105952 0.815743 0.529761
935266 0.0105952 0.815743 0.529761
1892865 0.0105952 0.815743 0.529761
2126346 0.0105952 0.815743 0.529761
1428644 0.0105952 0.815743 0.529761
3157996 0.0105952 0.815743 0.529761
1544741 0.0105952 0.815743 0.529761
516124 0.0105952 0.815743 0.529761
159449 0.0105952 0.815743 0.529761
676205 0.0105952 0.815743 0.529761
2908204 0.0105952 0.815743 0.529761
2873249 0.0105952 0.815743 0.529761
1003195 0.0105952 0.815743 0.529761
2705255 0.0105952 0.815743 0.529761
236510 0.0105952 0.815743 0.529761
3110430 0.0105952 0.815743 0.529761
2784346 0.0105952 0.815743 0.529761
1436133 0.0105952 0.815743 0.529761
2053013 0.0105952 0.815743 0.529761
310782 0.0105952 0.815743 0.529761
310781 0.0105952 0.815743 0.529761
310780 0.0105952 0.815743 0.529761
2571141 0.0105952 0.815743 0.529761
235986 0.0105952 0.815743 0.529761
659352 0.0105952 0.815743 0.529761
887465 0.0105952 0.815743 0.529761
1348663 0.0105952 0.815743 0.529761
452652 0.0105952 0.815743 0.529761
258053 0.0105952 0.815743 0.529761
258052 0.0105952 0.815743 0.529761
258051 0.0105952 0.815743 0.529761
258049 0.0105952 0.815743 0.529761
58354 0.0105952 0.815743 0.529761
58351 0.0105952 0.815743 0.529761
58350 0.0105952 0.815743 0.529761
221725 0.0105952 0.815743 0.529761
285545 0.0105952 0.815743 0.529761
88074 0.0105952 0.815743 0.529761
281105 0.0105952 0.815743 0.529761
83382 0.0105952 0.815743 0.529761
407973 0.0105952 0.815743 0.529761
2567942 0.0105952 0.815743 0.529761
3156397 0.0105952 0.815743 0.529761
2065 0.0105952 0.815743 0.529761
67330 0.0105952 0.815743 0.529761
67307 0.0105952 0.815743 0.529761
67265 0.0105952 0.815743 0.529761
3229225 0.0105952 0.815743 0.529761
2161674 0.0105952 0.815743 0.529761
235985 0.0105952 0.815743 0.529761
2789292 0.0105952 0.815743 0.529761
3342716 0.0105952 0.815743 0.529761
3342712 0.0105952 0.815743 0.529761
1892 0.0105952 0.815743 0.529761
100226 0.0105952 0.815743 0.529761
1440053 0.0105952 0.815743 0.529761
1240678 0.0105952 0.815743 0.529761
680198 0.0105952 0.815743 0.529761
53446 0.0105952 0.815743 0.529761
698759 0.0105952 0.815743 0.529761
337066 0.0105952 0.815743 0.529761
2758039 0.0105952 0.815743 0.529761
1283301 0.0105952 0.815743 0.529761
332589 0.0105952 0.815743 0.529761
1923 0.0105952 0.815743 0.529761
1114943 0.0105952 0.815743 0.529761
2293568 0.0105952 0.815743 0.529761
2883101 0.0105952 0.815743 0.529761
2981134 0.0105952 0.815743 0.529761
621382 0.0105952 0.815743 0.529761
948699 0.0105952 0.815743 0.529761
1472640 0.0105952 0.815743 0.529761
653357 0.0105952 0.815743 0.529761
1701085 0.0105952 0.815743 0.529761
1274986 0.0105952 0.815743 0.529761
1045501 0.0105952 0.815743 0.529761
193462 0.0105952 0.815743 0.529761
193461 0.0105952 0.815743 0.529761
193460 0.0105952 0.815743 0.529761
1077946 0.0105952 0.815743 0.529761
1077944 0.0105952 0.815743 0.529761
1176198 0.0105952 0.815743 0.529761
29304 0.0105952 0.815743 0.529761
2585196 0.0105952 0.815743 0.529761
553510 0.0105952 0.815743 0.529761
3043615 0.0105952 0.815743 0.529761
3043614 0.0105952 0.815743 0.529761
2486417 0.0105952 0.815743 0.529761
1437453 0.0105952 0.815743 0.529761
3075543 0.0105952 0.815743 0.529761
3075542 0.0105952 0.815743 0.529761
3075540 0.0105952 0.815743 0.529761
3075538 0.0105952 0.815743 0.529761
3075535 0.0105952 0.815743 0.529761
3075532 0.0105952 0.815743 0.529761
3075530 0.0105952 0.815743 0.529761
3075528 0.0105952 0.815743 0.529761
3075524 0.0105952 0.815743 0.529761
3075523 0.0105952 0.815743 0.529761
28044 0.0105952 0.815743 0.529761
1141874 0.0105952 0.815743 0.529761
2878388 0.0105952 0.815743 0.529761
551547 0.0105952 0.815743 0.529761
92743 0.0105952 0.815743 0.529761
518642 0.0105952 0.815743 0.529761
1763542 0.0105952 0.815743 0.529761
943816 0.0105952 0.815743 0.529761
714166 0.0105952 0.815743 0.529761
1434886 0.0105952 0.815743 0.529761
2483353 0.0105952 0.815743 0.529761
910347 0.0105952 0.815743 0.529761
909626 0.0105952 0.815743 0.529761
647381 0.0105952 0.815743 0.529761
2711219 0.0105952 0.815743 0.529761
2711217 0.0105952 0.815743 0.529761
417292 0.0105952 0.815743 0.529761
2710756 0.0105952 0.815743 0.529761
285563 0.0105952 0.815743 0.529761
285561 0.0105952 0.815743 0.529761
285515 0.0105952 0.815743 0.529761
285453 0.0105952 0.815743 0.529761
285451 0.0105952 0.815743 0.529761
1038928 0.0105952 0.815743 0.529761
415721 0.0105952 0.815743 0.529761
1300267 0.0105952 0.815743 0.529761
284452 0.0105952 0.815743 0.529761
284043 0.0105952 0.815743 0.529761
284035 0.0105952 0.815743 0.529761
284030 0.0105952 0.815743 0.529761
284028 0.0105952 0.815743 0.529761
2282738 0.0105952 0.815743 0.529761
2282652 0.0105952 0.815743 0.529761
2315329 0.0105952 0.815743 0.529761
2053010 0.0105952 0.815743 0.529761
249586 0.0105952 0.815743 0.529761
1428652 0.0105952 0.815743 0.529761
3034235 0.0105952 0.815743 0.529761
52259 0.0105952 0.815743 0.529761
3033808 0.0105952 0.815743 0.529761
1459942 0.0105952 0.815743 0.529761
1623582 0.0105952 0.815743 0.529761
83378 0.0105952 0.815743 0.529761
312720 0.0105952 0.815743 0.529761
476552 0.0105952 0.815743 0.529761
83291 0.0105952 0.815743 0.529761
2213162 0.0105952 0.815743 0.529761
1196353 0.0105952 0.815743 0.529761
3031124 0.0105952 0.815743 0.529761
2014920 0.0105952 0.815743 0.529761
212423 0.0105952 0.815743 0.529761
1818004 0.0105952 0.815743 0.529761
146820 0.0105952 0.815743 0.529761
2768069 0.0105952 0.815743 0.529761
146537 0.0105952 0.815743 0.529761
2898945 0.0105952 0.815743 0.529761
375757 0.0105952 0.815743 0.529761
47761 0.0105952 0.815743 0.529761
47759 0.0105952 0.815743 0.529761
2865673 0.0105952 0.815743 0.529761
408015 0.0105952 0.815743 0.529761
1128680 0.0105952 0.815743 0.529761
1194079 0.0105952 0.815743 0.529761
2897419 0.0105952 0.815743 0.529761
1750517 0.0105952 0.815743 0.529761
2798799 0.0105952 0.815743 0.529761
2798581 0.0105952 0.815743 0.529761
2306967 0.0105952 0.815743 0.529761
78510 0.0105952 0.815743 0.529761
45398 0.0105952 0.815743 0.529761
700599 0.0105952 0.815743 0.529761
1716141 0.0105952 0.815743 0.529761
1420899 0.0105952 0.815743 0.529761
1387713 0.0105952 0.815743 0.529761
2665496 0.0105952 0.815743 0.529761
44033 0.0105952 0.815743 0.529761
44032 0.0105952 0.815743 0.529761
1485586 0.0105952 0.815743 0.529761
1977088 0.0105952 0.815743 0.529761
43759 0.0105952 0.815743 0.529761
2599401 0.0105952 0.815743 0.529761
3156398 0.0105952 0.815743 0.529761
1550616 0.0105952 0.815743 0.529761
2763006 0.0105952 0.815743 0.529761
1616117 0.0105952 0.815743 0.529761
436397 0.0105952 0.815743 0.529761
1124239 0.0105952 0.815743 0.529761
42237 0.0105952 0.815743 0.529761
402648 0.0105952 0.815743 0.529761
2975659 0.0105952 0.815743 0.529761
3238627 0.0105952 0.815743 0.529761
3231512 0.0105952 0.815743 0.529761
2903632 0.0105952 0.815743 0.529761
2903608 0.0105952 0.815743 0.529761
3154379 0.0105952 0.815743 0.529761
565073 0.0105952 0.815743 0.529761
2989713 0.0105952 0.815743 0.529761
1384038 0.0105952 0.815743 0.529761
1678012 0.0105952 0.815743 0.529761
39478 0.0105952 0.815743 0.529761
2922868 0.0105952 0.815743 0.529761
202862 0.0105952 0.815743 0.529761
661399 0.0105952 0.815743 0.529761
1775132 0.0105952 0.815743 0.529761
1775131 0.0105952 0.815743 0.529761
1282885 0.0105952 0.815743 0.529761
299421 0.0105952 0.815743 0.529761
2953240 0.0105952 0.815743 0.529761
36818 0.0105952 0.815743 0.529761
36816 0.0105952 0.815743 0.529761
1642299 0.0105952 0.815743 0.529761
2952607 0.0105952 0.815743 0.529761
593134 0.0105952 0.815743 0.529761
68285 0.0105952 0.815743 0.529761
68272 0.0105952 0.815743 0.529761
68255 0.0105952 0.815743 0.529761
68254 0.0105952 0.815743 0.529761
68249 0.0105952 0.815743 0.529761
68245 0.0105952 0.815743 0.529761
68239 0.0105952 0.815743 0.529761
68230 0.0105952 0.815743 0.529761
68223 0.0105952 0.815743 0.529761
68214 0.0105952 0.815743 0.529761
68211 0.0105952 0.815743 0.529761
68199 0.0105952 0.815743 0.529761
68187 0.0105952 0.815743 0.529761
68183 0.0105952 0.815743 0.529761
68180 0.0105952 0.815743 0.529761
68171 0.0105952 0.815743 0.529761
1971 0.0105952 0.815743 0.529761
1967 0.0105952 0.815743 0.529761
1954 0.0105952 0.815743 0.529761
1950 0.0105952 0.815743 0.529761
1948 0.0105952 0.815743 0.529761
1946 0.0105952 0.815743 0.529761
1943 0.0105952 0.815743 0.529761
1940 0.0105952 0.815743 0.529761
1932 0.0105952 0.815743 0.529761
1920 0.0105952 0.815743 0.529761
1915 0.0105952 0.815743 0.529761
1901 0.0105952 0.815743 0.529761
1893 0.0105952 0.815743 0.529761
67385 0.0105952 0.815743 0.529761
329524 0.0105952 0.815743 0.529761
67381 0.0105952 0.815743 0.529761
329523 0.0105952 0.815743 0.529761
67373 0.0105952 0.815743 0.529761
67361 0.0105952 0.815743 0.529761
67348 0.0105952 0.815743 0.529761
362257 0.0105952 0.815743 0.529761
67342 0.0105952 0.815743 0.529761
67333 0.0105952 0.815743 0.529761
67315 0.0105952 0.815743 0.529761
67313 0.0105952 0.815743 0.529761
67305 0.0105952 0.815743 0.529761
67301 0.0105952 0.815743 0.529761
67298 0.0105952 0.815743 0.529761
67296 0.0105952 0.815743 0.529761
67293 0.0105952 0.815743 0.529761
1377993 0.0105952 0.815743 0.529761
67271 0.0105952 0.815743 0.529761
66892 0.0105952 0.815743 0.529761
66887 0.0105952 0.815743 0.529761
66882 0.0105952 0.815743 0.529761
1331668 0.0105952 0.815743 0.529761
66875 0.0105952 0.815743 0.529761
33900 0.0105952 0.815743 0.529761
3048495 0.0105952 0.815743 0.529761
1803180 0.0105952 0.815743 0.529761
2720606 0.0105952 0.815743 0.529761
66376 0.0105952 0.815743 0.529761
2184053 0.0105952 0.815743 0.529761
58343 0.0105952 0.815743 0.529761
2109333 0.0105952 0.815743 0.529761
67350 0.0105952 0.815743 0.529761
132473 0.0105952 0.815743 0.529761
66370 0.0105952 0.815743 0.529761
66369 0.0105952 0.815743 0.529761
164348 0.0105952 0.815743 0.529761
164115 0.0105952 0.815743 0.529761
653045 0.0105952 0.815743 0.529761
457427 0.0105952 0.815743 0.529761
3098222 0.0105952 0.815743 0.529761
1226758 0.0105952 0.815743 0.529761
459658 0.0105952 0.815743 0.529761
1343740 0.0105952 0.815743 0.529761
576784 0.0105952 0.815743 0.529761
114698 0.0105952 0.815743 0.529761
67327 0.0105952 0.815743 0.529761
2654337 0.0105952 0.815743 0.529761
229486 0.0105952 0.815743 0.529761
1469144 0.0105952 0.815743 0.529761
2480626 0.0105952 0.815743 0.529761
1144618 0.0105952 0.815743 0.529761
111803 0.0105952 0.815743 0.529761
58109 0.0105952 0.815743 0.529761
46162 0.0105952 0.815743 0.529761
35622 0.0105952 0.815743 0.529761
1080073 0.0105952 0.815743 0.529761
1080074 0.0105952 0.815743 0.529761
478107 0.0105952 0.815743 0.529761
1490222 0.0105952 0.815743 0.529761
79912 0.0105952 0.815743 0.529761
502577 0.0105952 0.815743 0.529761
502180 0.0105952 0.815743 0.529761
163603 0.0105952 0.815743 0.529761
2293572 0.0105952 0.815743 0.529761
392828 0.0105952 0.815743 0.529761
359158 0.0105952 0.815743 0.529761
882440 0.0105952 0.815743 0.529761
2650748 0.0105952 0.815743 0.529761
2585200 0.0105952 0.815743 0.529761
453573 0.0105952 0.815743 0.529761
1763541 0.0105952 0.815743 0.529761
2483351 0.0105952 0.815743 0.529761
58110 0.0105952 0.815743 0.529761
547461 0.0105952 0.815743 0.529761
2805427 0.0105952 0.815743 0.529761
1429076 0.0105952 0.815743 0.529761
2508997 0.0105952 0.815743 0.529761
1427538 0.0105952 0.815743 0.529761
1427535 0.0105952 0.815743 0.529761
1819600 0.0105952 0.815743 0.529761
705336 0.0105952 0.815743 0.529761
115335 0.0105952 0.815743 0.529761
2604572 0.0105952 0.815743 0.529761
79909 0.0105952 0.815743 0.529761
111807 0.0105952 0.815743 0.529761
111802 0.0105952 0.815743 0.529761
46160 0.0105952 0.815743 0.529761
46158 0.0105952 0.815743 0.529761
2864039 0.0105952 0.815743 0.529761
406431 0.0105952 0.815743 0.529761
240840 0.0105952 0.815743 0.529761
337895 0.0105952 0.815743 0.529761
2303421 0.0105952 0.815743 0.529761
1679523 0.0105952 0.815743 0.529761
2530368 0.0105952 0.815743 0.529761
267854 0.0105952 0.815743 0.529761
430685 0.0105952 0.815743 0.529761
2231787 0.0105952 0.815743 0.529761
134602 0.0105952 0.815743 0.529761
559626 0.0105952 0.815743 0.529761
1994 0.0105952 0.815743 0.529761
1993 0.0105952 0.815743 0.529761
1992 0.0105952 0.815743 0.529761
1411118 0.0105952 0.815743 0.529761
1931232 0.0105952 0.815743 0.529761
687207 0.0105952 0.815743 0.529761
2487137 0.0105952 0.815743 0.529761
645275 0.0105952 0.815743 0.529761
702744 0.0105952 0.815743 0.529761
405555 0.0105952 0.815743 0.529761
1605990 0.0105952 0.815743 0.529761
1783352 0.0105952 0.815743 0.529761
2055835 0.0105952 0.815743 0.529761
483545 0.0105952 0.815743 0.529761
665004 0.0105952 0.815743 0.529761
2715399 0.0105952 0.815743 0.529761
1122192 0.0105952 0.815743 0.529761
183763 0.0105952 0.815743 0.529761
3075544 0.0105952 0.815743 0.529761
1323731 0.0105952 0.815743 0.529761
995084 0.0105952 0.815743 0.529761
2498135 0.0105952 0.815743 0.529761
104205 0.0105952 0.815743 0.529761
427369 0.0105952 0.815743 0.529761
1235441 0.0105952 0.815743 0.529761
446468 0.0105952 0.815743 0.529761
163604 0.0105952 0.815743 0.529761
1670832 0.0105952 0.815743 0.529761
1472723 0.0105952 0.815743 0.529761
3075539 0.0105952 0.815743 0.529761
157465 0.0105952 0.815743 0.529761
220378 0.0105952 0.815743 0.529761
2772213 0.0105952 0.815743 0.529761
3065942 0.0105952 0.815743 0.529761
280238 0.0105952 0.815743 0.529761
179819 0.0105952 0.815743 0.529761
2831969 0.0105952 0.815743 0.529761
141693 0.0105952 0.815743 0.529761
501010 0.0105952 0.815743 0.529761
1778267 0.0105952 0.815743 0.529761
758803 0.0105952 0.815743 0.529761
3018445 0.0105952 0.815743 0.529761
3018444 0.0105952 0.815743 0.529761
1478215 0.0105952 0.815743 0.529761
1179818 0.0105952 0.815743 0.529761
28887 0.0105952 0.815743 0.529761
469371 0.0105952 0.815743 0.529761
1073253 0.0105952 0.815743 0.529761
1070861 0.0105952 0.815743 0.529761
936338 0.0105952 0.815743 0.529761
795644 0.0105952 0.815743 0.529761
103836 0.0105952 0.815743 0.529761
1999 0.0105952 0.815743 0.529761
161354 0.0105952 0.815743 0.529761
161355 0.0105952 0.815743 0.529761
575193 0.0105952 0.815743 0.529761
487172 0.0105952 0.815743 0.529761
504805 0.0105952 0.815743 0.529761
1367973 0.0105952 0.815743 0.529761
2666298 0.0105952 0.815743 0.529761
2248750 0.0105952 0.815743 0.529761
2696284 0.0105952 0.815743 0.529761
2575442 0.0105952 0.815743 0.529761
58117 0.0105952 0.815743 0.529761
1677852 0.0105952 0.815743 0.529761
1427754 0.0105952 0.815743 0.529761
83302 0.0105952 0.815743 0.529761
568844 0.0105952 0.815743 0.529761
564413 0.0105952 0.815743 0.529761
909287 0.0105952 0.815743 0.529761
698418 0.0105952 0.815743 0.529761
1461250 0.0105952 0.815743 0.529761
1260955 0.0105952 0.815743 0.529761
47481 0.0105952 0.815743 0.529761
1193683 0.0105952 0.815743 0.529761
1816182 0.0105952 0.815743 0.529761
46187 0.0105952 0.815743 0.529761
46186 0.0105952 0.815743 0.529761
1682748 0.0105952 0.815743 0.529761
106412 0.0105952 0.815743 0.529761
35765 0.0105952 0.815743 0.529761
35764 0.0105952 0.815743 0.529761
1070424 0.0105952 0.815743 0.529761
90975 0.0105952 0.815743 0.529761
35763 0.0105952 0.815743 0.529761
1997 0.0105952 0.815743 0.529761
161358 0.0105952 0.815743 0.529761
1996 0.0105952 0.815743 0.529761
1909395 0.0105952 0.815743 0.529761
160689 0.0105952 0.815743 0.529761
65515 0.0105952 0.815743 0.529761
882448 0.0105952 0.815743 0.529761
1144553 0.0105952 0.815743 0.529761
683260 0.0105952 0.815743 0.529761
419590 0.0105952 0.815743 0.529761
714136 0.0105952 0.815743 0.529761
2316207 0.0105952 0.815743 0.529761
2741721 0.0105952 0.815743 0.529761
83682 0.0105952 0.815743 0.529761
1032476 0.0105952 0.815743 0.529761
2047744 0.0105952 0.815743 0.529761
638574 0.0105952 0.815743 0.529761
2603600 0.0105952 0.815743 0.529761
1849276 0.0105952 0.815743 0.529761
1291556 0.0105952 0.815743 0.529761
1291555 0.0105952 0.815743 0.529761
2045107 0.0105952 0.815743 0.529761
46182 0.0105952 0.815743 0.529761
46179 0.0105952 0.815743 0.529761
46178 0.0105952 0.815743 0.529761
46177 0.0105952 0.815743 0.529761
46176 0.0105952 0.815743 0.529761
46174 0.0105952 0.815743 0.529761
46171 0.0105952 0.815743 0.529761
1848329 0.0105952 0.815743 0.529761
1848322 0.0105952 0.815743 0.529761
1848320 0.0105952 0.815743 0.529761
568860 0.0105952 0.815743 0.529761
404385 0.0105952 0.815743 0.529761
1616787 0.0105952 0.815743 0.529761
633440 0.0105952 0.815743 0.529761
1124761 0.0105952 0.815743 0.529761
1188745 0.0105952 0.815743 0.529761
3351344 0.0105952 0.815743 0.529761
1286938 0.0105952 0.815743 0.529761
1712872 0.0105952 0.815743 0.529761
1581193 0.0105952 0.815743 0.529761
1187855 0.0105952 0.815743 0.529761
2530383 0.0105952 0.815743 0.529761
103838 0.0105952 0.815743 0.529761
37484 0.0105952 0.815743 0.529761
1642303 0.0105952 0.815743 0.529761
2720023 0.0105952 0.815743 0.529761
321316 0.0105952 0.815743 0.529761
1436120 0.0105952 0.815743 0.529761
509200 0.0105952 0.815743 0.529761
509199 0.0105952 0.815743 0.529761
763782 0.0105952 0.815743 0.529761
795645 0.0105952 0.815743 0.529761
2269375 0.0105952 0.815743 0.529761
1381558 0.0105952 0.815743 0.529761
1441875 0.0105952 0.815743 0.529761
3120821 0.0105952 0.815743 0.529761
648782 0.0105952 0.815743 0.529761
13243 0.0105952 0.815743 0.529761
153494 0.0105952 0.815743 0.529761
372484 0.0105952 0.815743 0.529761
3030830 0.0105952 0.815743 0.529761
2795737 0.0105952 0.815743 0.529761
3075620 0.0105952 0.815743 0.529761
1930058 0.0105952 0.815743 0.529761
1043493 0.0105952 0.815743 0.529761
1582364 0.0105952 0.815743 0.529761
431489 0.0105952 0.815743 0.529761
3051663 0.0105952 0.815743 0.529761
3051659 0.0105952 0.815743 0.529761
138300 0.0105952 0.815743 0.529761
478801 0.0105952 0.815743 0.529761
592308 0.0105952 0.815743 0.529761
1930061 0.0105952 0.815743 0.529761
471853 0.0105952 0.815743 0.529761
120377 0.0105952 0.815743 0.529761
676201 0.0105952 0.815743 0.529761
1655435 0.0105952 0.815743 0.529761
556530 0.0105952 0.815743 0.529761
384677 0.0105952 0.815743 0.529761
125288 0.0105952 0.815743 0.529761
2283195 0.0105952 0.815743 0.529761
2248773 0.0105952 0.815743 0.529761
2934158 0.0105952 0.815743 0.529761
1195761 0.0105952 0.815743 0.529761
2594265 0.0105952 0.815743 0.529761
2593973 0.0105952 0.815743 0.529761
767452 0.0105952 0.815743 0.529761
1758689 0.0105952 0.815743 0.529761
1184607 0.0105952 0.815743 0.529761
1184609 0.0105952 0.815743 0.529761
2953743 0.0105952 0.815743 0.529761
1859295 0.0105952 0.815743 0.529761
1089455 0.0105952 0.815743 0.529761
1774748 0.0105952 0.815743 0.529761
2909229 0.0105952 0.815743 0.529761
1280376 0.0105952 0.815743 0.529761
1255625 0.0105952 0.815743 0.529761
1255637 0.0105952 0.815743 0.529761
1046555 0.0105952 0.815743 0.529761
946573 0.0105952 0.815743 0.529761
3140787 0.0105952 0.815743 0.529761
1403566 0.0105952 0.815743 0.529761
418643 0.0105952 0.815743 0.529761
909936 0.0105952 0.815743 0.529761
1136497 0.0105952 0.815743 0.529761
1857024 0.0105952 0.815743 0.529761
1033736 0.0105952 0.815743 0.529761
1262550 0.0105952 0.815743 0.529761
506594 0.0105952 0.815743 0.529761
273384 0.0105952 0.815743 0.529761
2762220 0.0105952 0.815743 0.529761
2695267 0.0105952 0.815743 0.529761
1482676 0.0105952 0.815743 0.529761
366888 0.0105952 0.815743 0.529761
232444 0.0105952 0.815743 0.529761
199591 0.0105952 0.815743 0.529761
526729 0.0105952 0.815743 0.529761
2910976 0.0105952 0.815743 0.529761
2509459 0.0105952 0.815743 0.529761
446471 0.0105952 0.815743 0.529761
2509457 0.0105952 0.815743 0.529761
2607479 0.0105952 0.815743 0.529761
1300344 0.0105952 0.815743 0.529761
743718 0.0105952 0.815743 0.529761
2879484 0.0105952 0.815743 0.529761
548579 0.0105952 0.815743 0.529761
2733572 0.0105952 0.815743 0.529761
1776856 0.0105952 0.815743 0.529761
300560 0.0105952 0.815743 0.529761
300179 0.0105952 0.815743 0.529761
253184 0.0105952 0.815743 0.529761
2776917 0.0105952 0.815743 0.529761
1230528 0.0105952 0.815743 0.529761
2593663 0.0105952 0.815743 0.529761
765201 0.0105952 0.815743 0.529761
88382 0.0105952 0.815743 0.529761
43677 0.0105952 0.815743 0.529761
629679 0.0105952 0.815743 0.529761
2035533 0.0105952 0.815743 0.529761
264251 0.0105952 0.815743 0.529761
2587808 0.0105952 0.815743 0.529761
2819238 0.0105952 0.815743 0.529761
1259133 0.0105952 0.815743 0.529761
620910 0.0105952 0.815743 0.529761
545619 0.0105952 0.815743 0.529761
1138587 0.0105952 0.815743 0.529761
43678 0.0105952 0.815743 0.529761
446466 0.0105952 0.815743 0.529761
947969 0.0105952 0.815743 0.529761
1386082 0.0105952 0.815743 0.529761
593907 0.0105952 0.815743 0.529761
156981 0.0105952 0.815743 0.529761
2483352 0.0105952 0.815743 0.529761
478780 0.0105952 0.815743 0.529761
2968084 0.0105952 0.815743 0.529761
2968083 0.0105952 0.815743 0.529761
2835530 0.0105952 0.815743 0.529761
311234 0.0105952 0.815743 0.529761
931536 0.0105952 0.815743 0.529761
931535 0.0105952 0.815743 0.529761
144055 0.0105952 0.815743 0.529761
76862 0.0105952 0.815743 0.529761
76861 0.0105952 0.815743 0.529761
43670 0.0105952 0.815743 0.529761
992287 0.0105952 0.815743 0.529761
3053468 0.0105952 0.815743 0.529761
3053467 0.0105952 0.815743 0.529761
988821 0.0105952 0.815743 0.529761
398759 0.0105952 0.815743 0.529761
233583 0.0105952 0.815743 0.529761
264297 0.0105952 0.815743 0.529761
2819978 0.0105952 0.815743 0.529761
1714 0.0105952 0.815743 0.529761
1712 0.0105952 0.815743 0.529761
1709 0.0105952 0.815743 0.529761
3064654 0.0105952 0.815743 0.529761
948458 0.0105952 0.815743 0.529761
43671 0.0105952 0.815743 0.529761
2819234 0.0105952 0.815743 0.529761
2910770 0.0105952 0.815743 0.529761
1249481 0.0105952 0.815743 0.529761
2942909 0.0105952 0.815743 0.529761
2017485 0.0105952 0.815743 0.529761
2017484 0.0105952 0.815743 0.529761
1652028 0.0105952 0.815743 0.529761
173363 0.0105952 0.815743 0.529761
396014 0.0105952 0.815743 0.529761
1541174 0.0105952 0.815743 0.529761
521392 0.0105952 0.815743 0.529761
1401063 0.0105952 0.815743 0.529761
288705 0.0105952 0.815743 0.529761
1246476 0.0105952 0.815743 0.529761
1572761 0.0105952 0.815743 0.529761
287930 0.0105952 0.815743 0.529761
1262554 0.0105952 0.815743 0.529761
1682741 0.0105952 0.815743 0.529761
2676122 0.0105952 0.815743 0.529761
2676123 0.0105952 0.815743 0.529761
1882339 0.0105952 0.815743 0.529761
554083 0.0105952 0.815743 0.529761
732241 0.0105952 0.815743 0.529761
556325 0.0105952 0.815743 0.529761
3162492 0.0105952 0.815743 0.529761
290340 0.0105952 0.815743 0.529761
2849150 0.0105952 0.815743 0.529761
29320 0.0105952 0.815743 0.529761
211146 0.0105952 0.815743 0.529761
43665 0.0105952 0.815743 0.529761
43664 0.0105952 0.815743 0.529761
578222 0.0105952 0.815743 0.529761
547018 0.0105952 0.815743 0.529761
370736 0.0105952 0.815743 0.529761
1285193 0.0105952 0.815743 0.529761
1645614 0.0105952 0.815743 0.529761
1618207 0.0105952 0.815743 0.529761
121292 0.0105952 0.815743 0.529761
452863 0.0105952 0.815743 0.529761
3128980 0.0105952 0.815743 0.529761
861266 0.0105952 0.815743 0.529761
728066 0.0105952 0.815743 0.529761
225894 0.0105952 0.815743 0.529761
162496 0.0105952 0.815743 0.529761
257984 0.0105952 0.815743 0.529761
453836 0.0105952 0.815743 0.529761
43667 0.0105952 0.815743 0.529761
37929 0.0105952 0.815743 0.529761
1338436 0.0105952 0.815743 0.529761
3110330 0.0105952 0.815743 0.529761
3238584 0.0105952 0.815743 0.529761
322009 0.0105952 0.815743 0.529761
2908838 0.0105952 0.815743 0.529761
2801916 0.0105952 0.815743 0.529761
1644133 0.0105952 0.815743 0.529761
496857 0.0105952 0.815743 0.529761
37927 0.0105952 0.815743 0.529761
225325 0.0105952 0.815743 0.529761
225327 0.0105952 0.815743 0.529761
1436010 0.0105952 0.815743 0.529761
3074079 0.0105952 0.815743 0.529761
317018 0.0105952 0.815743 0.529761
1463632 0.0105952 0.815743 0.529761
1463631 0.0105952 0.815743 0.529761
2838701 0.0105952 0.815743 0.529761
150832 0.0105952 0.815743 0.529761
1882340 0.0105952 0.815743 0.529761
2174932 0.0105952 0.815743 0.529761
469799 0.0105952 0.815743 0.529761
269144 0.0105952 0.815743 0.529761
37922 0.0105952 0.815743 0.529761
1348272 0.0105952 0.815743 0.529761
1804988 0.0105952 0.815743 0.529761
257454 0.0105952 0.815743 0.529761
1276920 0.0105952 0.815743 0.529761
254788 0.0105952 0.815743 0.529761
670079 0.0105952 0.815743 0.529761
43666 0.0105952 0.815743 0.529761
2723403 0.0105952 0.815743 0.529761
494023 0.0105952 0.815743 0.529761
169134 0.0105952 0.815743 0.529761
863575 0.0105952 0.815743 0.529761
592307 0.0105952 0.815743 0.529761
1027633 0.0105952 0.815743 0.529761
684663 0.0105952 0.815743 0.529761
1837282 0.0105952 0.815743 0.529761
384602 0.0105952 0.815743 0.529761
455343 0.0105952 0.815743 0.529761
574650 0.0105952 0.815743 0.529761
1273 0.0105952 0.815743 0.529761
136273 0.0105952 0.815743 0.529761
1236550 0.0105952 0.815743 0.529761
1049583 0.0105952 0.815743 0.529761
1736139 0.0105952 0.815743 0.529761
1176249 0.0105952 0.815743 0.529761
2485125 0.0105952 0.815743 0.529761
2055946 0.0105952 0.815743 0.529761
1038857 0.0105952 0.815743 0.529761
446860 0.0105952 0.815743 0.529761
1461025 0.0105952 0.815743 0.529761
501592 0.0105952 0.815743 0.529761
2817475 0.0105952 0.815743 0.529761
2817681 0.0105952 0.815743 0.529761
2816859 0.0105952 0.815743 0.529761
1045773 0.0105952 0.815743 0.529761
95172 0.0105952 0.815743 0.529761
2486855 0.0105952 0.815743 0.529761
748907 0.0105952 0.815743 0.529761
2026658 0.0105952 0.815743 0.529761
1338426 0.0105952 0.815743 0.529761
92442 0.0105952 0.815743 0.529761
2713570 0.0105952 0.815743 0.529761
2483813 0.0105952 0.815743 0.529761
156980 0.0105952 0.815743 0.529761
516699 0.0105952 0.815743 0.529761
1630594 0.0105952 0.815743 0.529761
2547960 0.0105952 0.815743 0.529761
2547396 0.0105952 0.815743 0.529761
1529066 0.0105952 0.815743 0.529761
2904801 0.0105952 0.815743 0.529761
3068273 0.0105952 0.815743 0.529761
1461584 0.0105952 0.815743 0.529761
2935737 0.0105952 0.815743 0.529761
2606616 0.0105952 0.815743 0.529761
2966350 0.0105952 0.815743 0.529761
2964609 0.0105952 0.815743 0.529761
670078 0.0105952 0.815743 0.529761
1258888 0.0105952 0.815743 0.529761
1650592 0.0105952 0.815743 0.529761
272161 0.0105952 0.815743 0.529761
2762225 0.0105952 0.815743 0.529761
335973 0.0105952 0.815743 0.529761
172040 0.0105952 0.815743 0.529761
169960 0.0105952 0.815743 0.529761
1742687 0.0105952 0.815743 0.529761
71253 0.0105952 0.815743 0.529761
2724944 0.0105952 0.815743 0.529761
37921 0.0105952 0.815743 0.529761
2886940 0.0105952 0.815743 0.529761
1476996 0.0105952 0.815743 0.529761
1670 0.0105952 0.815743 0.529761
1664 0.0105952 0.815743 0.529761
656366 0.0105952 0.815743 0.529761
1324766 0.0105952 0.815743 0.529761
85336 0.0105952 0.815743 0.529761
1812262 0.0105952 0.815743 0.529761
169480 0.0105952 0.815743 0.529761
37923 0.0105952 0.815743 0.529761
396015 0.0105952 0.815743 0.529761
592378 0.0105952 0.815743 0.529761
2949643 0.0105952 0.815743 0.529761
419650 0.0105952 0.815743 0.529761
587872 0.0105952 0.815743 0.529761
1660198 0.0105952 0.815743 0.529761
1656884 0.0105952 0.815743 0.529761
672460 0.0105952 0.815743 0.529761
1874116 0.0105952 0.815743 0.529761
657409 0.0105952 0.815743 0.529761
999931 0.0105952 0.815743 0.529761
1535208 0.0105952 0.815743 0.529761
3031728 0.0105952 0.815743 0.529761
1631356 0.0105952 0.815743 0.529761
571913 0.0105952 0.815743 0.529761
1274 0.0105952 0.815743 0.529761
322596 0.0105952 0.815743 0.529761
1656889 0.0105952 0.815743 0.529761
1794944 0.0105952 0.815743 0.529761
702742 0.0105952 0.815743 0.529761
1849103 0.0105952 0.815743 0.529761
2294115 0.0105952 0.815743 0.529761
415218 0.0105952 0.815743 0.529761
552064 0.0105952 0.815743 0.529761
53356 0.0105952 0.815743 0.529761
82346 0.0105952 0.815743 0.529761
402171 0.0105952 0.815743 0.529761
297536 0.0105952 0.815743 0.529761
622664 0.0105952 0.815743 0.529761
60443 0.0105952 0.815743 0.529761
422442 0.0105952 0.815743 0.529761
318434 0.0105952 0.815743 0.529761
545624 0.0105952 0.815743 0.529761
650104 0.0105952 0.815743 0.529761
1386089 0.0105952 0.815743 0.529761
584657 0.0105952 0.815743 0.529761
1385520 0.0105952 0.815743 0.529761
1385521 0.0105952 0.815743 0.529761
1385519 0.0105952 0.815743 0.529761
882824 0.0105952 0.815743 0.529761
407159 0.0105952 0.815743 0.529761
1690220 0.0105952 0.815743 0.529761
1193181 0.0105952 0.815743 0.529761
173053 0.0105952 0.815743 0.529761
443156 0.0105952 0.815743 0.529761
587636 0.0105952 0.815743 0.529761
436356 0.0105952 0.815743 0.529761
433644 0.0105952 0.815743 0.529761
1193518 0.0105952 0.815743 0.529761
1194083 0.0105952 0.815743 0.529761
1193182 0.0105952 0.815743 0.529761
330836 0.0105952 0.815743 0.529761
330835 0.0105952 0.815743 0.529761
2663847 0.0105952 0.815743 0.529761
673954 0.0105952 0.815743 0.529761
229480 0.0105952 0.815743 0.529761
1069963 0.0105952 0.815743 0.529761
1210046 0.0105952 0.815743 0.529761
1285192 0.0105952 0.815743 0.529761
857417 0.0105952 0.815743 0.529761
262209 0.0105952 0.815743 0.529761
1930060 0.0105952 0.815743 0.529761
33014 0.0105952 0.815743 0.529761
748908 0.0105952 0.815743 0.529761
3042517 0.0105952 0.815743 0.529761
191497 0.0105952 0.815743 0.529761
1074233 0.0105952 0.815743 0.529761
123320 0.0105952 0.815743 0.529761
1268042 0.0105952 0.815743 0.529761
1365628 0.0105952 0.815743 0.529761
674079 0.0105952 0.815743 0.529761
1162968 0.0105952 0.815743 0.529761
1162967 0.0105952 0.815743 0.529761
244735 0.0105952 0.815743 0.529761
145483 0.0105952 0.815743 0.529761
1619308 0.0105952 0.815743 0.529761
110935 0.0105952 0.815743 0.529761
1159327 0.0105952 0.815743 0.529761
2599293 0.0105952 0.815743 0.529761
433647 0.0105952 0.815743 0.529761
433643 0.0105952 0.815743 0.529761
529884 0.0105952 0.815743 0.529761
535712 0.0105952 0.815743 0.529761
2499157 0.0105952 0.815743 0.529761
69372 0.0105952 0.815743 0.529761
1969409 0.0105952 0.815743 0.529761
1640652 0.0105952 0.815743 0.529761
708131 0.0105952 0.815743 0.529761
1987356 0.0105952 0.815743 0.529761
3064523 0.0105952 0.815743 0.529761
2880260 0.0105952 0.815743 0.529761
120298 0.0105952 0.815743 0.529761
2056433 0.0105952 0.815743 0.529761
120213 0.0105952 0.815743 0.529761
1588641 0.0105952 0.815743 0.529761
2970915 0.0105952 0.815743 0.529761
881268 0.0105952 0.815743 0.529761
2970914 0.0105952 0.815743 0.529761
2970912 0.0105952 0.815743 0.529761
381665 0.0105952 0.815743 0.529761
637393 0.0105952 0.815743 0.529761
670054 0.0105952 0.815743 0.529761
475957 0.0105952 0.815743 0.529761
1328866 0.0105952 0.815743 0.529761
1328867 0.0105952 0.815743 0.529761
1891671 0.0105952 0.815743 0.529761
145458 0.0105952 0.815743 0.529761
2668039 0.0105952 0.815743 0.529761
1266600 0.0105952 0.815743 0.529761
582665 0.0105952 0.815743 0.529761
3143936 0.0105952 0.815743 0.529761
1268043 0.0105952 0.815743 0.529761
3035919 0.0105952 0.815743 0.529761
3035915 0.0105952 0.815743 0.529761
150026 0.0105952 0.815743 0.529761
110933 0.0105952 0.815743 0.529761
1164595 0.0105952 0.815743 0.529761
1255698 0.0105952 0.815743 0.529761
995034 0.0105952 0.815743 0.529761
76637 0.0105952 0.815743 0.529761
76635 0.0105952 0.815743 0.529761
979746 0.0105952 0.815743 0.529761
2488791 0.0105952 0.815743 0.529761
256821 0.0105952 0.815743 0.529761
1729695 0.0105952 0.815743 0.529761
272240 0.0105952 0.815743 0.529761
272239 0.0105952 0.815743 0.529761
205941 0.0105952 0.815743 0.529761
386302 0.0105952 0.815743 0.529761
355930 0.0105952 0.815743 0.529761
424758 0.0105952 0.815743 0.529761
279828 0.0105952 0.815743 0.529761
2994971 0.0105952 0.815743 0.529761
337005 0.0105952 0.815743 0.529761
1001240 0.0105952 0.815743 0.529761
386301 0.0105952 0.815743 0.529761
1424661 0.0105952 0.815743 0.529761
670052 0.0105952 0.815743 0.529761
1259262 0.0105952 0.815743 0.529761
1259235 0.0105952 0.815743 0.529761
1259228 0.0105952 0.815743 0.529761
1259190 0.0105952 0.815743 0.529761
1259189 0.0105952 0.815743 0.529761
1259175 0.0105952 0.815743 0.529761
1259157 0.0105952 0.815743 0.529761
1259150 0.0105952 0.815743 0.529761
995038 0.0105952 0.815743 0.529761
2928153 0.0105952 0.815743 0.529761
41988 0.0105952 0.815743 0.529761
255205 0.0105952 0.815743 0.529761
587635 0.0105952 0.815743 0.529761
908846 0.0105952 0.815743 0.529761
1530195 0.0105952 0.815743 0.529761
272241 0.0105952 0.815743 0.529761
1778590 0.0105952 0.815743 0.529761
386892 0.0105952 0.815743 0.529761
715785 0.0105952 0.815743 0.529761
1268041 0.0105952 0.815743 0.529761
598626 0.0105952 0.815743 0.529761
1523160 0.0105952 0.815743 0.529761
390269 0.0105952 0.815743 0.529761
2498849 0.0105952 0.815743 0.529761
2769067 0.0105952 0.815743 0.529761
640635 0.0105952 0.815743 0.529761
630514 0.0105952 0.815743 0.529761
433641 0.0105952 0.815743 0.529761
2708254 0.0105952 0.815743 0.529761
153730 0.0105952 0.815743 0.529761
1255656 0.0105952 0.815743 0.529761
2838429 0.0105952 0.815743 0.529761
574649 0.0105952 0.815743 0.529761
46353 0.0105952 0.815743 0.529761
2599924 0.0105952 0.815743 0.529761
399736 0.0105952 0.815743 0.529761
2561933 0.0105952 0.815743 0.529761
2565934 0.0105952 0.815743 0.529761
2109337 0.0105952 0.815743 0.529761
2306585 0.0105952 0.815743 0.529761
2173173 0.0105952 0.815743 0.529761
595671 0.0105952 0.815743 0.529761
1282736 0.0105952 0.815743 0.529761
993087 0.0105952 0.815743 0.529761
2419771 0.0105952 0.815743 0.529761
993086 0.0105952 0.815743 0.529761
1184153 0.0105952 0.815743 0.529761
199709 0.0105952 0.815743 0.529761
150123 0.0105952 0.815743 0.529761
199708 0.0105952 0.815743 0.529761
1477021 0.0105952 0.815743 0.529761
1172621 0.0105952 0.815743 0.529761
2787634 0.0105952 0.815743 0.529761
2594790 0.0105952 0.815743 0.529761
2590779 0.0105952 0.815743 0.529761
472059 0.0105952 0.815743 0.529761
1079994 0.0105952 0.815743 0.529761
398235 0.0105952 0.815743 0.529761
2714935 0.0105952 0.815743 0.529761
2714934 0.0105952 0.815743 0.529761
2714933 0.0105952 0.815743 0.529761
683042 0.0105952 0.815743 0.529761
2812850 0.0105952 0.815743 0.529761
2810611 0.0105952 0.815743 0.529761
55969 0.0105952 0.815743 0.529761
283878 0.0105952 0.815743 0.529761
1983706 0.0105952 0.815743 0.529761
2932247 0.0105952 0.815743 0.529761
2932245 0.0105952 0.815743 0.529761
1784719 0.0105952 0.815743 0.529761
1686285 0.0105952 0.815743 0.529761
340320 0.0105952 0.815743 0.529761
1289170 0.0105952 0.815743 0.529761
2796472 0.0105952 0.815743 0.529761
272210 0.0105952 0.815743 0.529761
501483 0.0105952 0.815743 0.529761
662960 0.0105952 0.815743 0.529761
333963 0.0105952 0.815743 0.529761
1935379 0.0105952 0.815743 0.529761
465820 0.0105952 0.815743 0.529761
3055139 0.0105952 0.815743 0.529761
33881 0.0105952 0.815743 0.529761
232089 0.0105952 0.815743 0.529761
3156399 0.0105952 0.815743 0.529761
589382 0.0105952 0.815743 0.529761
1308924 0.0105952 0.815743 0.529761
2781962 0.0105952 0.815743 0.529761
2583849 0.0105952 0.815743 0.529761
453304 0.0105952 0.815743 0.529761
88374 0.0105952 0.815743 0.529761
2604423 0.0105952 0.815743 0.529761
2929802 0.0105952 0.815743 0.529761
41986 0.0105952 0.815743 0.529761
41985 0.0105952 0.815743 0.529761
205332 0.0105952 0.815743 0.529761
2662446 0.0105952 0.815743 0.529761
2662258 0.0105952 0.815743 0.529761
269420 0.0105952 0.815743 0.529761
2592652 0.0105952 0.815743 0.529761
659012 0.0105952 0.815743 0.529761
592376 0.0105952 0.815743 0.529761
33879 0.0105952 0.815743 0.529761
3135264 0.0105952 0.815743 0.529761
979556 0.0105952 0.815743 0.529761
2293570 0.0105952 0.815743 0.529761
1572644 0.0105952 0.815743 0.529761
3079935 0.0105952 0.815743 0.529761
1081040 0.0105952 0.815743 0.529761
1867410 0.0105952 0.815743 0.529761
162426 0.0105952 0.815743 0.529761
162393 0.0105952 0.815743 0.529761
2978350 0.0105952 0.815743 0.529761
323761 0.0105952 0.815743 0.529761
2781186 0.0105952 0.815743 0.529761
3075993 0.0105952 0.815743 0.529761
3075992 0.0105952 0.815743 0.529761
421115 0.0105952 0.815743 0.529761
683047 0.0105952 0.815743 0.529761
3041922 0.0105952 0.815743 0.529761
3041921 0.0105952 0.815743 0.529761
124798 0.0105952 0.815743 0.529761
2909587 0.0105952 0.815743 0.529761
2614639 0.0105952 0.815743 0.529761
156977 0.0105952 0.815743 0.529761
1631477 0.0105952 0.815743 0.529761
582680 0.0105952 0.815743 0.529761
1336204 0.0105952 0.815743 0.529761
57043 0.0105952 0.815743 0.529761
483014 0.0105952 0.815743 0.529761
515415 0.0105952 0.815743 0.529761
1072463 0.0105952 0.815743 0.529761
153731 0.0105952 0.815743 0.529761
415217 0.0105952 0.815743 0.529761
415216 0.0105952 0.815743 0.529761
415215 0.0105952 0.815743 0.529761
415214 0.0105952 0.815743 0.529761
415210 0.0105952 0.815743 0.529761
415209 0.0105952 0.815743 0.529761
546115 0.0105952 0.815743 0.529761
2053191 0.0105952 0.815743 0.529761
446075 0.0105952 0.815743 0.529761
904291 0.0105952 0.815743 0.529761
2509458 0.0105952 0.815743 0.529761
1526413 0.0105952 0.815743 0.529761
2541726 0.0105952 0.815743 0.529761
1263636 0.0105952 0.815743 0.529761
82380 0.0105952 0.815743 0.529761
344166 0.0105952 0.815743 0.529761
344164 0.0105952 0.815743 0.529761
344163 0.0105952 0.815743 0.529761
179095 0.0105952 0.815743 0.529761
3028316 0.0105952 0.815743 0.529761
2830666 0.0105952 0.815743 0.529761
2830665 0.0105952 0.815743 0.529761
273678 0.0105952 0.815743 0.529761
273677 0.0105952 0.815743 0.529761
1714841 0.0105952 0.815743 0.529761
370764 0.0105952 0.815743 0.529761
337480 0.0105952 0.815743 0.529761
2762236 0.0105952 0.815743 0.529761
2762219 0.0105952 0.815743 0.529761
2762209 0.0105952 0.815743 0.529761
664640 0.0105952 0.815743 0.529761
3122051 0.0105952 0.815743 0.529761
3122049 0.0105952 0.815743 0.529761
3121374 0.0105952 0.815743 0.529761
433645 0.0105952 0.815743 0.529761
400772 0.0105952 0.815743 0.529761
792652 0.0105952 0.815743 0.529761
661398 0.0105952 0.815743 0.529761
104336 0.0105952 0.815743 0.529761
300019 0.0105952 0.815743 0.529761
3248839 0.0105952 0.815743 0.529761
1348253 0.0105952 0.815743 0.529761
36807 0.0105952 0.815743 0.529761
36806 0.0105952 0.815743 0.529761
36805 0.0105952 0.815743 0.529761
462710 0.0105952 0.815743 0.529761
69370 0.0105952 0.815743 0.529761
69368 0.0105952 0.815743 0.529761
69363 0.0105952 0.815743 0.529761
69362 0.0105952 0.815743 0.529761
985759 0.0105952 0.815743 0.529761
2820289 0.0105952 0.815743 0.529761
362649 0.0105952 0.815743 0.529761
67574 0.0105952 0.815743 0.529761
33917 0.0105952 0.815743 0.529761
459816 0.0105952 0.815743 0.529761
1213358 0.0105952 0.815743 0.529761
3048008 0.0105952 0.815743 0.529761
393267 0.0105952 0.815743 0.529761
412690 0.0105952 0.815743 0.529761
1222016 0.0105952 0.815743 0.529761
555088 0.0105952 0.815743 0.529761
766136 0.0105952 0.815743 0.529761
1390249 0.0105952 0.815743 0.529761
1082276 0.0105952 0.815743 0.529761
1555112 0.0105952 0.815743 0.529761
3109564 0.0105952 0.815743 0.529761
1702221 0.0105952 0.815743 0.529761
679192 0.0105952 0.815743 0.529761
1862672 0.0105952 0.815743 0.529761
1862668 0.0105952 0.815743 0.529761
118967 0.0105952 0.815743 0.529761
2838692 0.0105952 0.815743 0.529761
1034346 0.0105952 0.815743 0.529761
2606630 0.0105952 0.815743 0.529761
2606629 0.0105952 0.815743 0.529761
1754012 0.0105952 0.815743 0.529761
700500 0.0105952 0.815743 0.529761
2926318 0.0105952 0.815743 0.529761
1776392 0.0105952 0.815743 0.529761
2692629 0.0105952 0.815743 0.529761
1323 0.0105952 0.815743 0.529761
2926319 0.0105952 0.815743 0.529761
2486576 0.0105952 0.815743 0.529761
322505 0.0105952 0.815743 0.529761
1410657 0.0105952 0.815743 0.529761
69824 0.0105952 0.815743 0.529761
100886 0.0105952 0.815743 0.529761
1982626 0.0105952 0.815743 0.529761
1982628 0.0105952 0.815743 0.529761
1503 0.0105952 0.815743 0.529761
1128398 0.0105952 0.815743 0.529761
99594 0.0105952 0.815743 0.529761
3133174 0.0105952 0.815743 0.529761
2841503 0.0105952 0.815743 0.529761
755172 0.0105952 0.815743 0.529761
130788 0.0105952 0.815743 0.529761
1123245 0.0105952 0.815743 0.529761
913099 0.0105952 0.815743 0.529761
1121476 0.0105952 0.815743 0.529761
1794912 0.0105952 0.815743 0.529761
1009370 0.0105952 0.815743 0.529761
3063788 0.0105952 0.815743 0.529761
33025 0.0105952 0.815743 0.529761
742743 0.0105952 0.815743 0.529761
910314 0.0105952 0.815743 0.529761
2582419 0.0105952 0.815743 0.529761
1351585 0.0105952 0.815743 0.529761
1588748 0.0105952 0.815743 0.529761
706434 0.0105952 0.815743 0.529761
464322 0.0105952 0.815743 0.529761
103891 0.0105952 0.815743 0.529761
927704 0.0105952 0.815743 0.529761
546271 0.0105952 0.815743 0.529761
1123243 0.0105952 0.815743 0.529761
2652309 0.0105952 0.815743 0.529761
2652285 0.0105952 0.815743 0.529761
158847 0.0105952 0.815743 0.529761
187979 0.0105952 0.815743 0.529761
84035 0.0105952 0.815743 0.529761
349096 0.0105952 0.815743 0.529761
86956 0.0105952 0.815743 0.529761
862415 0.0105952 0.815743 0.529761
679201 0.0105952 0.815743 0.529761
749551 0.0105952 0.815743 0.529761
638302 0.0105952 0.815743 0.529761
702437 0.0105952 0.815743 0.529761
2754044 0.0105952 0.815743 0.529761
1930071 0.0105952 0.815743 0.529761
1123285 0.0105952 0.815743 0.529761
146817 0.0105952 0.815743 0.529761
244830 0.0105952 0.815743 0.529761
3054208 0.0105952 0.815743 0.529761
112903 0.0105952 0.815743 0.529761
1123003 0.0105952 0.815743 0.529761
1149862 0.0105952 0.815743 0.529761
1123291 0.0105952 0.815743 0.529761
2892015 0.0105952 0.815743 0.529761
1123289 0.0105952 0.815743 0.529761
1337886 0.0105952 0.815743 0.529761
1123286 0.0105952 0.815743 0.529761
112901 0.0105952 0.815743 0.529761
2378 0.0105952 0.815743 0.529761
2377 0.0105952 0.815743 0.529761
2751313 0.0105952 0.815743 0.529761
697281 0.0105952 0.815743 0.529761
937334 0.0105952 0.815743 0.529761
1981510 0.0105952 0.815743 0.529761
3024236 0.0105952 0.815743 0.529761
1122184 0.0105952 0.815743 0.529761
290052 0.0105952 0.815743 0.529761
720554 0.0105952 0.815743 0.529761
1677857 0.0105952 0.815743 0.529761
759412 0.0105952 0.815743 0.529761
457570 0.0105952 0.815743 0.529761
2763656 0.0105952 0.815743 0.529761
2840710 0.0105952 0.815743 0.529761
2763655 0.0105952 0.815743 0.529761
2763654 0.0105952 0.815743 0.529761
2838504 0.0105952 0.815743 0.529761
2838510 0.0105952 0.815743 0.529761
2508949 0.0105952 0.815743 0.529761
626937 0.0105952 0.815743 0.529761
270498 0.0105952 0.815743 0.529761
2838741 0.0105952 0.815743 0.529761
2840668 0.0105952 0.815743 0.529761
2840907 0.0105952 0.815743 0.529761
2840909 0.0105952 0.815743 0.529761
2840894 0.0105952 0.815743 0.529761
2840895 0.0105952 0.815743 0.529761
2838602 0.0105952 0.815743 0.529761
2838604 0.0105952 0.815743 0.529761
321763 0.0105952 0.815743 0.529761
373903 0.0105952 0.815743 0.529761
2682810 0.0105952 0.815743 0.529761
29563 0.0105952 0.815743 0.529761
574087 0.0105952 0.815743 0.529761
748449 0.0105952 0.815743 0.529761
706427 0.0105952 0.815743 0.529761
142842 0.0105952 0.815743 0.529761
1413210 0.0105952 0.815743 0.529761
870242 0.0105952 0.815743 0.529761
1894989 0.0105952 0.815743 0.529761
444093 0.0105952 0.815743 0.529761
2325 0.0105952 0.815743 0.529761
1123369 0.0105952 0.815743 0.529761
477974 0.0105952 0.815743 0.529761
1246530 0.0105952 0.815743 0.529761
3039180 0.0105952 0.815743 0.529761
1122241 0.0105952 0.815743 0.529761
1325331 0.0105952 0.815743 0.529761
698762 0.0105952 0.815743 0.529761
278994 0.0105952 0.815743 0.529761
1898651 0.0105952 0.815743 0.529761
1260629 0.0105952 0.815743 0.529761
2763662 0.0105952 0.815743 0.529761
2763661 0.0105952 0.815743 0.529761
2763660 0.0105952 0.815743 0.529761
1008308 0.0105952 0.815743 0.529761
2785058 0.0105952 0.815743 0.529761
1488331 0.0105952 0.815743 0.529761
76009 0.0105952 0.815743 0.529761
2763013 0.0105952 0.815743 0.529761
1628085 0.0105952 0.815743 0.529761
2841509 0.0105952 0.815743 0.529761
1203606 0.0105952 0.815743 0.529761
2838518 0.0105952 0.815743 0.529761
1945634 0.0105952 0.815743 0.529761
1121424 0.0105952 0.815743 0.529761
1121431 0.0105952 0.815743 0.529761
182264 0.0105952 0.815743 0.529761
1121426 0.0105952 0.815743 0.529761
767817 0.0105952 0.815743 0.529761
871968 0.0105952 0.815743 0.529761
645991 0.0105952 0.815743 0.529761
768706 0.0105952 0.815743 0.529761
646529 0.0105952 0.815743 0.529761
1121420 0.0105952 0.815743 0.529761
476652 0.0105952 0.815743 0.529761
1838280 0.0105952 0.815743 0.529761
868595 0.0105952 0.815743 0.529761
370438 0.0105952 0.815743 0.529761
947010 0.0105952 0.815743 0.529761
258475 0.0105952 0.815743 0.529761
78350 0.0105952 0.815743 0.529761
121734 0.0105952 0.815743 0.529761
28064 0.0105952 0.815743 0.529761
35700 0.0105952 0.815743 0.529761
356322 0.0105952 0.815743 0.529761
553427 0.0105952 0.815743 0.529761
2840922 0.0105952 0.815743 0.529761
1121270 0.0105952 0.815743 0.529761
2840875 0.0105952 0.815743 0.529761
2840830 0.0105952 0.815743 0.529761
2840826 0.0105952 0.815743 0.529761
2840825 0.0105952 0.815743 0.529761
2840824 0.0105952 0.815743 0.529761
2840814 0.0105952 0.815743 0.529761
2840780 0.0105952 0.815743 0.529761
2840724 0.0105952 0.815743 0.529761
2840699 0.0105952 0.815743 0.529761
2840673 0.0105952 0.815743 0.529761
1263051 0.0105952 0.815743 0.529761
2662126 0.0105952 0.815743 0.529761
2840744 0.0105952 0.815743 0.529761
2840751 0.0105952 0.815743 0.529761
453960 0.0105952 0.815743 0.529761
679936 0.0105952 0.815743 0.529761
338644 0.0105952 0.815743 0.529761
554949 0.0105952 0.815743 0.529761
2763047 0.0105952 0.815743 0.529761
2763048 0.0105952 0.815743 0.529761
1673721 0.0105952 0.815743 0.529761
1297617 0.0105952 0.815743 0.529761
1123382 0.0105952 0.815743 0.529761
643648 0.0105952 0.815743 0.529761
2293317 0.0105952 0.815743 0.529761
1795816 0.0105952 0.815743 0.529761
690567 0.0105952 0.815743 0.529761
335541 0.0105952 0.815743 0.529761
2764322 0.0105952 0.815743 0.529761
2576756 0.0105952 0.815743 0.529761
1673717 0.0105952 0.815743 0.529761
2838416 0.0105952 0.815743 0.529761
1796620 0.0105952 0.815743 0.529761
2820301 0.0105952 0.815743 0.529761
642589 0.0105952 0.815743 0.529761
2840694 0.0105952 0.815743 0.529761
485916 0.0105952 0.815743 0.529761
656914 0.0105952 0.815743 0.529761
1761012 0.0105952 0.815743 0.529761
1561005 0.0105952 0.815743 0.529761
51515 0.0105952 0.815743 0.529761
1712410 0.0105952 0.815743 0.529761
2741 0.0105952 0.815743 0.529761
29376 0.0105952 0.815743 0.529761
1121425 0.0105952 0.815743 0.529761
696281 0.0105952 0.815743 0.529761
349161 0.0105952 0.815743 0.529761
1121429 0.0105952 0.815743 0.529761
1121428 0.0105952 0.815743 0.529761
1121421 0.0105952 0.815743 0.529761
1397668 0.0105952 0.815743 0.529761
1123282 0.0105952 0.815743 0.529761
411485 0.0105952 0.815743 0.529761
1122930 0.0105952 0.815743 0.529761
663278 0.0105952 0.815743 0.529761
398512 0.0105952 0.815743 0.529761
258515 0.0105952 0.815743 0.529761
2714358 0.0105952 0.815743 0.529761
2779355 0.0105952 0.815743 0.529761
1987501 0.0105952 0.815743 0.529761
1720313 0.0105952 0.815743 0.529761
474960 0.0105952 0.815743 0.529761
2897707 0.0105952 0.815743 0.529761
1849041 0.0105952 0.815743 0.529761
2766537 0.0105952 0.815743 0.529761
2763678 0.0105952 0.815743 0.529761
2763677 0.0105952 0.815743 0.529761
2763676 0.0105952 0.815743 0.529761
2763673 0.0105952 0.815743 0.529761
2763659 0.0105952 0.815743 0.529761
2763658 0.0105952 0.815743 0.529761
2763056 0.0105952 0.815743 0.529761
2763052 0.0105952 0.815743 0.529761
2763016 0.0105952 0.815743 0.529761
2041842 0.0105952 0.815743 0.529761
2885357 0.0105952 0.815743 0.529761
1549 0.0105952 0.815743 0.529761
2981726 0.0105952 0.815743 0.529761
1341156 0.0105952 0.815743 0.529761
745368 0.0105952 0.815743 0.529761
2779354 0.0105952 0.815743 0.529761
2838606 0.0105952 0.815743 0.529761
2838605 0.0105952 0.815743 0.529761
2321404 0.0105952 0.815743 0.529761
905011 0.0105952 0.815743 0.529761
2838465 0.0105952 0.815743 0.529761
3133165 0.0105952 0.815743 0.529761
2780922 0.0105952 0.815743 0.529761
411475 0.0105952 0.815743 0.529761
742738 0.0105952 0.815743 0.529761
2838587 0.0105952 0.815743 0.529761
2488810 0.0105952 0.815743 0.529761
1195236 0.0105952 0.815743 0.529761
29343 0.0105952 0.815743 0.529761
48256 0.0105952 0.815743 0.529761
2838596 0.0105952 0.815743 0.529761
2838597 0.0105952 0.815743 0.529761
1650663 0.0105952 0.815743 0.529761
2838751 0.0105952 0.815743 0.529761
2838752 0.0105952 0.815743 0.529761
3133163 0.0105952 0.815743 0.529761
1550024 0.0105952 0.815743 0.529761
411473 0.0105952 0.815743 0.529761
1341157 0.0105952 0.815743 0.529761
213810 0.0105952 0.815743 0.529761
438033 0.0105952 0.815743 0.529761
2763069 0.0105952 0.815743 0.529761
2763066 0.0105952 0.815743 0.529761
2763065 0.0105952 0.815743 0.529761
2564099 0.0105952 0.815743 0.529761
40518 0.0105952 0.815743 0.529761
659425 0.0105952 0.815743 0.529761
1121336 0.0105952 0.815743 0.529761
2840914 0.0105952 0.815743 0.529761
2840939 0.0105952 0.815743 0.529761
2840867 0.0105952 0.815743 0.529761
2840860 0.0105952 0.815743 0.529761
2840775 0.0105952 0.815743 0.529761
2840721 0.0105952 0.815743 0.529761
2840707 0.0105952 0.815743 0.529761
537013 0.0105952 0.815743 0.529761
428125 0.0105952 0.815743 0.529761
2840803 0.0105952 0.815743 0.529761
2840805 0.0105952 0.815743 0.529761
2840798 0.0105952 0.815743 0.529761
2840799 0.0105952 0.815743 0.529761
1122155 0.0105952 0.815743 0.529761
1403537 0.0105952 0.815743 0.529761
489973 0.0105952 0.815743 0.529761
2599308 0.0105952 0.815743 0.529761
36849 0.0105952 0.815743 0.529761
1267 0.0105952 0.815743 0.529761
2840961 0.0105952 0.815743 0.529761
2840963 0.0105952 0.815743 0.529761
398199 0.0105952 0.815743 0.529761
2804028 0.0105952 0.815743 0.529761
1379739 0.0105952 0.815743 0.529761
931276 0.0105952 0.815743 0.529761
1444289 0.0105952 0.815743 0.529761
1408889 0.0105952 0.815743 0.529761
883064 0.0105952 0.815743 0.529761
1262449 0.0105952 0.815743 0.529761
212717 0.0105952 0.815743 0.529761
573061 0.0105952 0.815743 0.529761
272562 0.0105952 0.815743 0.529761
1418104 0.0105952 0.815743 0.529761
1121339 0.0105952 0.815743 0.529761
1121326 0.0105952 0.815743 0.529761
1121320 0.0105952 0.815743 0.529761
1121318 0.0105952 0.815743 0.529761
1121316 0.0105952 0.815743 0.529761
1121307 0.0105952 0.815743 0.529761
1121302 0.0105952 0.815743 0.529761
1121295 0.0105952 0.815743 0.529761
1121291 0.0105952 0.815743 0.529761
1121290 0.0105952 0.815743 0.529761
1415775 0.0105952 0.815743 0.529761
1604902 0.0105952 0.815743 0.529761
1604897 0.0105952 0.815743 0.529761
1472040 0.0105952 0.815743 0.529761
3240932 0.0105952 0.815743 0.529761
2716538 0.0105952 0.815743 0.529761
29367 0.0105952 0.815743 0.529761
94869 0.0105952 0.815743 0.529761
225345 0.0105952 0.815743 0.529761
2320868 0.0105952 0.815743 0.529761
1728934 0.0105952 0.815743 0.529761
1465809 0.0105952 0.815743 0.529761
318464 0.0105952 0.815743 0.529761
2841512 0.0105952 0.815743 0.529761
3037988 0.0105952 0.815743 0.529761
2184719 0.0105952 0.815743 0.529761
119641 0.0105952 0.815743 0.529761
1691940 0.0105952 0.815743 0.529761
52704 0.0105952 0.815743 0.529761
84698 0.0105952 0.815743 0.529761
182773 0.0105952 0.815743 0.529761
2803861 0.0105952 0.815743 0.529761
84032 0.0105952 0.815743 0.529761
2605778 0.0105952 0.815743 0.529761
339861 0.0105952 0.815743 0.529761
2763037 0.0105952 0.815743 0.529761
2763035 0.0105952 0.815743 0.529761
2762247 0.0105952 0.815743 0.529761
238834 0.0105952 0.815743 0.529761
2794346 0.0105952 0.815743 0.529761
1450648 0.0105952 0.815743 0.529761
205327 0.0105952 0.815743 0.529761
137838 0.0105952 0.815743 0.529761
3381663 0.0105952 0.815743 0.529761
3381661 0.0105952 0.815743 0.529761
2759022 0.0105952 0.815743 0.529761
1054297 0.0105952 0.815743 0.529761
1216932 0.0105952 0.815743 0.529761
2068654 0.0105952 0.815743 0.529761
36839 0.0105952 0.815743 0.529761
2886038 0.0105952 0.815743 0.529761
394958 0.0105952 0.815743 0.529761
1705578 0.0105952 0.815743 0.529761
1553 0.0105952 0.815743 0.529761
1548 0.0105952 0.815743 0.529761
1522 0.0105952 0.815743 0.529761
33953 0.0105952 0.815743 0.529761
52694 0.0105952 0.815743 0.529761
931626 0.0105952 0.815743 0.529761
2655001 0.0105952 0.815743 0.529761
411463 0.0105952 0.815743 0.529761
1235802 0.0105952 0.815743 0.529761
633697 0.0105952 0.815743 0.529761
290054 0.0105952 0.815743 0.529761
2838568 0.0105952 0.815743 0.529761
42322 0.0105952 0.815743 0.529761
2041044 0.0105952 0.815743 0.529761
39495 0.0105952 0.815743 0.529761
1732 0.0105952 0.815743 0.529761
1450156 0.0105952 0.815743 0.529761
2838521 0.0105952 0.815743 0.529761
680378 0.0105952 0.815743 0.529761
682400 0.0105952 0.815743 0.529761
1348613 0.0105952 0.815743 0.529761
1185412 0.0105952 0.815743 0.529761
2173034 0.0105952 0.815743 0.529761
511680 0.0105952 0.815743 0.529761
717962 0.0105952 0.815743 0.529761
411469 0.0105952 0.815743 0.529761
470146 0.0105952 0.815743 0.529761
566550 0.0105952 0.815743 0.529761
1122934 0.0105952 0.815743 0.529761
1121950 0.0105952 0.815743 0.529761
1120996 0.0105952 0.815743 0.529761
1120918 0.0105952 0.815743 0.529761
626523 0.0105952 0.815743 0.529761
592026 0.0105952 0.815743 0.529761
2981768 0.0105952 0.815743 0.529761
2850323 0.0105952 0.815743 0.529761
1703332 0.0105952 0.815743 0.529761
1796636 0.0105952 0.815743 0.529761
879566 0.0105952 0.815743 0.529761
1796622 0.0105952 0.815743 0.529761
1796618 0.0105952 0.815743 0.529761
1763509 0.0105952 0.815743 0.529761
2320100 0.0105952 0.815743 0.529761
1564487 0.0105952 0.815743 0.529761
384636 0.0105952 0.815743 0.529761
2840740 0.0105952 0.815743 0.529761
3133164 0.0105952 0.815743 0.529761
1329262 0.0105952 0.815743 0.529761
2606636 0.0105952 0.815743 0.529761
2606632 0.0105952 0.815743 0.529761
673271 0.0105952 0.815743 0.529761
180332 0.0105952 0.815743 0.529761
1619234 0.0105952 0.815743 0.529761
2307010 0.0105952 0.815743 0.529761
2044587 0.0105952 0.815743 0.529761
1912855 0.0105952 0.815743 0.529761
2994035 0.0105952 0.815743 0.529761
371674 0.0105952 0.815743 0.529761
2763669 0.0105952 0.815743 0.529761
2763667 0.0105952 0.815743 0.529761
2763670 0.0105952 0.815743 0.529761
2763666 0.0105952 0.815743 0.529761
796942 0.0105952 0.815743 0.529761
2599074 0.0105952 0.815743 0.529761
1745713 0.0105952 0.815743 0.529761
1712665 0.0105952 0.815743 0.529761
2755051 0.0105952 0.815743 0.529761
2885351 0.0105952 0.815743 0.529761
2885348 0.0105952 0.815743 0.529761
2949333 0.0105952 0.815743 0.529761
2949332 0.0105952 0.815743 0.529761
2981787 0.0105952 0.815743 0.529761
2981788 0.0105952 0.815743 0.529761
2840920 0.0105952 0.815743 0.529761
2840943 0.0105952 0.815743 0.529761
2840911 0.0105952 0.815743 0.529761
2840858 0.0105952 0.815743 0.529761
2840819 0.0105952 0.815743 0.529761
2840727 0.0105952 0.815743 0.529761
2838685 0.0105952 0.815743 0.529761
2316025 0.0105952 0.815743 0.529761
1229621 0.0105952 0.815743 0.529761
645466 0.0105952 0.815743 0.529761
2838551 0.0105952 0.815743 0.529761
1432052 0.0105952 0.815743 0.529761
2838549 0.0105952 0.815743 0.529761
1720294 0.0105952 0.815743 0.529761
2981782 0.0105952 0.815743 0.529761
476272 0.0105952 0.815743 0.529761
1796616 0.0105952 0.815743 0.529761
2779518 0.0105952 0.815743 0.529761
418240 0.0105952 0.815743 0.529761
2838502 0.0105952 0.815743 0.529761
2838501 0.0105952 0.815743 0.529761
3133152 0.0105952 0.815743 0.529761
536633 0.0105952 0.815743 0.529761
2763664 0.0105952 0.815743 0.529761
2763668 0.0105952 0.815743 0.529761
2838559 0.0105952 0.815743 0.529761
2547410 0.0105952 0.815743 0.529761
2763663 0.0105952 0.815743 0.529761
2763017 0.0105952 0.815743 0.529761
1812858 0.0105952 0.815743 0.529761
3123317 0.0105952 0.815743 0.529761
1469948 0.0105952 0.815743 0.529761
1121131 0.0105952 0.815743 0.529761
1121132 0.0105952 0.815743 0.529761
2981794 0.0105952 0.815743 0.529761
536231 0.0105952 0.815743 0.529761
2605790 0.0105952 0.815743 0.529761
301302 0.0105952 0.815743 0.529761
37658 0.0105952 0.815743 0.529761
2785025 0.0105952 0.815743 0.529761
1150298 0.0105952 0.815743 0.529761
2838598 0.0105952 0.815743 0.529761
2726362 0.0105952 0.815743 0.529761
39482 0.0105952 0.815743 0.529761
1544 0.0105952 0.815743 0.529761
433286 0.0105952 0.815743 0.529761
1121322 0.0105952 0.815743 0.529761
1527 0.0105952 0.815743 0.529761
2838635 0.0105952 0.815743 0.529761
29364 0.0105952 0.815743 0.529761
2838634 0.0105952 0.815743 0.529761
1871021 0.0105952 0.815743 0.529761
1526 0.0105952 0.815743 0.529761
99656 0.0105952 0.815743 0.529761
33043 0.0105952 0.815743 0.529761
2981785 0.0105952 0.815743 0.529761
1120920 0.0105952 0.815743 0.529761
1286171 0.0105952 0.815743 0.529761
159292 0.0105952 0.815743 0.529761
433323 0.0105952 0.815743 0.529761
2818044 0.0105952 0.815743 0.529761
1776384 0.0105952 0.815743 0.529761
2697030 0.0105952 0.815743 0.529761
2507160 0.0105952 0.815743 0.529761
433296 0.0105952 0.815743 0.529761
3065157 0.0105952 0.815743 0.529761
1121301 0.0105952 0.815743 0.529761
36842 0.0105952 0.815743 0.529761
2018667 0.0105952 0.815743 0.529761
520762 0.0105952 0.815743 0.529761
1417629 0.0105952 0.815743 0.529761
1478221 0.0105952 0.815743 0.529761
1424294 0.0105952 0.815743 0.529761
1121919 0.0105952 0.815743 0.529761
2743610 0.0105952 0.815743 0.529761
1629550 0.0105952 0.815743 0.529761
2963284 0.0105952 0.815743 0.529761
2764597 0.0105952 0.815743 0.529761
1540 0.0105952 0.815743 0.529761
3036126 0.0105952 0.815743 0.529761
1123350 0.0105952 0.815743 0.529761
312168 0.0105952 0.815743 0.529761
1734049 0.0105952 0.815743 0.529761
426128 0.0105952 0.815743 0.529761
350688 0.0105952 0.815743 0.529761
293826 0.0105952 0.815743 0.529761
1120976 0.0105952 0.815743 0.529761
2841507 0.0105952 0.815743 0.529761
1497 0.0105952 0.815743 0.529761
84022 0.0105952 0.815743 0.529761
1121925 0.0105952 0.815743 0.529761
908337 0.0105952 0.815743 0.529761
2748684 0.0105952 0.815743 0.529761
2664442 0.0105952 0.815743 0.529761
2969821 0.0105952 0.815743 0.529761
119206 0.0105952 0.815743 0.529761
87541 0.0105952 0.815743 0.529761
51665 0.0105952 0.815743 0.529761
2999064 0.0105952 0.815743 0.529761
1376 0.0105952 0.815743 0.529761
71453 0.0105952 0.815743 0.529761
549685 0.0105952 0.815743 0.529761
1158614 0.0105952 0.815743 0.529761
1140003 0.0105952 0.815743 0.529761
1158608 0.0105952 0.815743 0.529761
1834192 0.0105952 0.815743 0.529761
1834191 0.0105952 0.815743 0.529761
1834189 0.0105952 0.815743 0.529761
1834167 0.0105952 0.815743 0.529761
2815325 0.0105952 0.815743 0.529761
2815324 0.0105952 0.815743 0.529761
2815321 0.0105952 0.815743 0.529761
453959 0.0105952 0.815743 0.529761
1303817 0.0105952 0.815743 0.529761
319970 0.0105952 0.815743 0.529761
2480627 0.0105952 0.815743 0.529761
249189 0.0105952 0.815743 0.529761
118060 0.0105952 0.815743 0.529761
1131292 0.0105952 0.815743 0.529761
44007 0.0105952 0.815743 0.529761
2005703 0.0105952 0.815743 0.529761
332950 0.0105952 0.815743 0.529761
332949 0.0105952 0.815743 0.529761
2230877 0.0105952 0.815743 0.529761
1160095 0.0105952 0.815743 0.529761
218144 0.0105952 0.815743 0.529761
2794353 0.0105952 0.815743 0.529761
2738 0.0105952 0.815743 0.529761
2230876 0.0105952 0.815743 0.529761
1151742 0.0105952 0.815743 0.529761
1859473 0.0105952 0.815743 0.529761
1365 0.0105952 0.815743 0.529761
2709157 0.0105952 0.815743 0.529761
573564 0.0105952 0.815743 0.529761
764290 0.0105952 0.815743 0.529761
1811193 0.0105952 0.815743 0.529761
1936207 0.0105952 0.815743 0.529761
1640501 0.0105952 0.815743 0.529761
1307 0.0105952 0.815743 0.529761
1423813 0.0105952 0.815743 0.529761
1293597 0.0105952 0.815743 0.529761
1423734 0.0105952 0.815743 0.529761
28038 0.0105952 0.815743 0.529761
1218492 0.0105952 0.815743 0.529761
165096 0.0105952 0.815743 0.529761
1252 0.0105952 0.815743 0.529761
2876789 0.0105952 0.815743 0.529761
1423798 0.0105952 0.815743 0.529761
1423803 0.0105952 0.815743 0.529761
1267003 0.0105952 0.815743 0.529761
1423773 0.0105952 0.815743 0.529761
2486023 0.0105952 0.815743 0.529761
2486020 0.0105952 0.815743 0.529761
637971 0.0105952 0.815743 0.529761
1423739 0.0105952 0.815743 0.529761
1423786 0.0105952 0.815743 0.529761
1987503 0.0105952 0.815743 0.529761
1423726 0.0105952 0.815743 0.529761
913848 0.0105952 0.815743 0.529761
1423801 0.0105952 0.815743 0.529761
1423812 0.0105952 0.815743 0.529761
1423731 0.0105952 0.815743 0.529761
1423725 0.0105952 0.815743 0.529761
176292 0.0105952 0.815743 0.529761
1291743 0.0105952 0.815743 0.529761
2486008 0.0105952 0.815743 0.529761
1423720 0.0105952 0.815743 0.529761
2584183 0.0105952 0.815743 0.529761
1007676 0.0105952 0.815743 0.529761
993692 0.0105952 0.815743 0.529761
1423760 0.0105952 0.815743 0.529761
1423782 0.0105952 0.815743 0.529761
1423749 0.0105952 0.815743 0.529761
2838652 0.0105952 0.815743 0.529761
2759752 0.0105952 0.815743 0.529761
1413187 0.0105952 0.815743 0.529761
1423791 0.0105952 0.815743 0.529761
1296538 0.0105952 0.815743 0.529761
2559919 0.0105952 0.815743 0.529761
2559916 0.0105952 0.815743 0.529761
142588 0.0105952 0.815743 0.529761
258723 0.0105952 0.815743 0.529761
640938 0.0105952 0.815743 0.529761
382641 0.0105952 0.815743 0.529761
140314 0.0105952 0.815743 0.529761
2967226 0.0105952 0.815743 0.529761
638301 0.0105952 0.815743 0.529761
137733 0.0105952 0.815743 0.529761
1868794 0.0105952 0.815743 0.529761
708126 0.0105952 0.815743 0.529761
426701 0.0105952 0.815743 0.529761
426703 0.0105952 0.815743 0.529761
2840876 0.0105952 0.815743 0.529761
1571185 0.0105952 0.815743 0.529761
1179467 0.0105952 0.815743 0.529761
1571184 0.0105952 0.815743 0.529761
1471761 0.0105952 0.815743 0.529761
1173111 0.0105952 0.815743 0.529761
2771432 0.0105952 0.815743 0.529761
1490290 0.0105952 0.815743 0.529761
112248 0.0105952 0.815743 0.529761
46223 0.0105952 0.815743 0.529761
1485204 0.0105952 0.815743 0.529761
1544746 0.0105952 0.815743 0.529761
2690964 0.0105952 0.815743 0.529761
2756294 0.0105952 0.815743 0.529761
910412 0.0105952 0.815743 0.529761
1242148 0.0105952 0.815743 0.529761
208199 0.0105952 0.815743 0.529761
2574798 0.0105952 0.815743 0.529761
2756 0.0105952 0.815743 0.529761
1006155 0.0105952 0.815743 0.529761
1265818 0.0105952 0.815743 0.529761
1265827 0.0105952 0.815743 0.529761
1621700 0.0105952 0.815743 0.529761
1552123 0.0105952 0.815743 0.529761
294699 0.0105952 0.815743 0.529761
1220594 0.0105952 0.815743 0.529761
575178 0.0105952 0.815743 0.529761
1422 0.0105952 0.815743 0.529761
1379 0.0105952 0.815743 0.529761
81950 0.0105952 0.815743 0.529761
1347788 0.0105952 0.815743 0.529761
549000 0.0105952 0.815743 0.529761
1428684 0.0105952 0.815743 0.529761
223958 0.0105952 0.815743 0.529761
340146 0.0105952 0.815743 0.529761
273527 0.0105952 0.815743 0.529761
169177 0.0105952 0.815743 0.529761
296995 0.0105952 0.815743 0.529761
33987 0.0105952 0.815743 0.529761
342944 0.0105952 0.815743 0.529761
1469162 0.0105952 0.815743 0.529761
2174486 0.0105952 0.815743 0.529761
1707096 0.0105952 0.815743 0.529761
1437324 0.0105952 0.815743 0.529761
1395513 0.0105952 0.815743 0.529761
1069536 0.0105952 0.815743 0.529761
3160863 0.0105952 0.815743 0.529761
1465502 0.0105952 0.815743 0.529761
1465501 0.0105952 0.815743 0.529761
1923877 0.0105952 0.815743 0.529761
269672 0.0105952 0.815743 0.529761
269670 0.0105952 0.815743 0.529761
492735 0.0105952 0.815743 0.529761
1765683 0.0105952 0.815743 0.529761
1765684 0.0105952 0.815743 0.529761
2055160 0.0105952 0.815743 0.529761
2771369 0.0105952 0.815743 0.529761
2901836 0.0105952 0.815743 0.529761
1348429 0.0105952 0.815743 0.529761
2743772 0.0105952 0.815743 0.529761
1903704 0.0105952 0.815743 0.529761
1157490 0.0105952 0.815743 0.529761
1214604 0.0105952 0.815743 0.529761
2931921 0.0105952 0.815743 0.529761
1003997 0.0105952 0.815743 0.529761
1457 0.0105952 0.815743 0.529761
89784 0.0105952 0.815743 0.529761
392011 0.0105952 0.815743 0.529761
252246 0.0105952 0.815743 0.529761
1661150 0.0105952 0.815743 0.529761
1123961 0.0105952 0.815743 0.529761
1475485 0.0105952 0.815743 0.529761
2878389 0.0105952 0.815743 0.529761
2715437 0.0105952 0.815743 0.529761
255247 0.0105952 0.815743 0.529761
2021314 0.0105952 0.815743 0.529761
3058424 0.0105952 0.815743 0.529761
2762233 0.0105952 0.815743 0.529761
1221500 0.0105952 0.815743 0.529761
1017270 0.0105952 0.815743 0.529761
459525 0.0105952 0.815743 0.529761
1069813 0.0105952 0.815743 0.529761
1903056 0.0105952 0.815743 0.529761
1461582 0.0105952 0.815743 0.529761
2838756 0.0105952 0.815743 0.529761
714307 0.0105952 0.815743 0.529761
45670 0.0105952 0.815743 0.529761
2493691 0.0105952 0.815743 0.529761
1296 0.0105952 0.815743 0.529761
71237 0.0105952 0.815743 0.529761
53344 0.0105952 0.815743 0.529761
74704 0.0105952 0.815743 0.529761
1229783 0.0105952 0.815743 0.529761
1276936 0.0105952 0.815743 0.529761
29384 0.0105952 0.815743 0.529761
29379 0.0105952 0.815743 0.529761
29378 0.0105952 0.815743 0.529761
61015 0.0105952 0.815743 0.529761
28035 0.0105952 0.815743 0.529761
155085 0.0105952 0.815743 0.529761
1955013 0.0105952 0.815743 0.529761
214473 0.0105952 0.815743 0.529761
246432 0.0105952 0.815743 0.529761
1654388 0.0105952 0.815743 0.529761
2201815 0.0105952 0.815743 0.529761
201828 0.0105952 0.815743 0.529761
1293 0.0105952 0.815743 0.529761
1292 0.0105952 0.815743 0.529761
1288 0.0105952 0.815743 0.529761
1283 0.0105952 0.815743 0.529761
33028 0.0105952 0.815743 0.529761
417367 0.0105952 0.815743 0.529761
682973 0.0105952 0.815743 0.529761
1071052 0.0105952 0.815743 0.529761
1562256 0.0105952 0.815743 0.529761
241244 0.0105952 0.815743 0.529761
263475 0.0105952 0.815743 0.529761
426756 0.0105952 0.815743 0.529761
1384049 0.0105952 0.815743 0.529761
1211035 0.0105952 0.815743 0.529761
614648 0.0105952 0.815743 0.529761
3058421 0.0105952 0.815743 0.529761
2762222 0.0105952 0.815743 0.529761
367743 0.0105952 0.815743 0.529761
86667 0.0105952 0.815743 0.529761
3104292 0.0105952 0.815743 0.529761
2082395 0.0105952 0.815743 0.529761
889306 0.0105952 0.815743 0.529761
114975 0.0105952 0.815743 0.529761
1365606 0.0105952 0.815743 0.529761
1571 0.0105952 0.815743 0.529761
1476 0.0105952 0.815743 0.529761
1459 0.0105952 0.815743 0.529761
1302659 0.0105952 0.815743 0.529761
1176255 0.0105952 0.815743 0.529761
2213202 0.0105952 0.815743 0.529761
112331 0.0105952 0.815743 0.529761
1848460 0.0105952 0.815743 0.529761
3058398 0.0105952 0.815743 0.529761
3058394 0.0105952 0.815743 0.529761
3058393 0.0105952 0.815743 0.529761
2762216 0.0105952 0.815743 0.529761
2233542 0.0105952 0.815743 0.529761
200991 0.0105952 0.815743 0.529761
1374 0.0105952 0.815743 0.529761
459472 0.0105952 0.815743 0.529761
244 0.0105952 0.815743 0.529761
1176648 0.0105952 0.815743 0.529761
1834418 0.0105952 0.815743 0.529761
1348973 0.0105952 0.815743 0.529761
621096 0.0105952 0.815743 0.529761
1636719 0.0105952 0.815743 0.529761
2980103 0.0105952 0.815743 0.529761
2980026 0.0105952 0.815743 0.529761
2880968 0.0105952 0.815743 0.529761
485577 0.0105952 0.815743 0.529761
550447 0.0105952 0.815743 0.529761
517424 0.0105952 0.815743 0.529761
2282697 0.0105952 0.815743 0.529761
251051 0.0105952 0.815743 0.529761
872970 0.0105952 0.815743 0.529761
2018042 0.0105952 0.815743 0.529761
279813 0.0105952 0.815743 0.529761
1325931 0.0105952 0.815743 0.529761
1095777 0.0105952 0.815743 0.529761
472978 0.0105952 0.815743 0.529761
570947 0.0105952 0.815743 0.529761
930114 0.0105952 0.815743 0.529761
373054 0.0105952 0.815743 0.529761
77523 0.0105952 0.815743 0.529761
306540 0.0105952 0.815743 0.529761
2599694 0.0105952 0.815743 0.529761
2171751 0.0105952 0.815743 0.529761
1612202 0.0105952 0.815743 0.529761
2594883 0.0105952 0.815743 0.529761
2593652 0.0105952 0.815743 0.529761
299480 0.0105952 0.815743 0.529761
200990 0.0105952 0.815743 0.529761
2592382 0.0105952 0.815743 0.529761
35841 0.0105952 0.815743 0.529761
1455 0.0105952 0.815743 0.529761
394506 0.0105952 0.815743 0.529761
33936 0.0105952 0.815743 0.529761
1508390 0.0105952 0.815743 0.529761
361280 0.0105952 0.815743 0.529761
393763 0.0105952 0.815743 0.529761
2064768 0.0105952 0.815743 0.529761
1494959 0.0105952 0.815743 0.529761
2838742 0.0105952 0.815743 0.529761
3144668 0.0105952 0.815743 0.529761
3231488 0.0105952 0.815743 0.529761
407036 0.0105952 0.815743 0.529761
482461 0.0105952 0.815743 0.529761
2045244 0.0105952 0.815743 0.529761
2483800 0.0105952 0.815743 0.529761
930152 0.0105952 0.815743 0.529761
682179 0.0105952 0.815743 0.529761
3098077 0.0105952 0.815743 0.529761
641660 0.0105952 0.815743 0.529761
77777 0.0105952 0.815743 0.529761
930128 0.0105952 0.815743 0.529761
930129 0.0105952 0.815743 0.529761
568899 0.0105952 0.815743 0.529761
632773 0.0105952 0.815743 0.529761
517425 0.0105952 0.815743 0.529761
189381 0.0105952 0.815743 0.529761
1402860 0.0105952 0.815743 0.529761
218284 0.0105952 0.815743 0.529761
992288 0.0105952 0.815743 0.529761
79881 0.0105952 0.815743 0.529761
444060 0.0105952 0.815743 0.529761
2597270 0.0105952 0.815743 0.529761
1237094 0.0105952 0.815743 0.529761
745820 0.0105952 0.815743 0.529761
1548213 0.0105952 0.815743 0.529761
1385513 0.0105952 0.815743 0.529761
1385514 0.0105952 0.815743 0.529761
1385510 0.0105952 0.815743 0.529761
1697394 0.0105952 0.815743 0.529761
1449801 0.0105952 0.815743 0.529761
1435466 0.0105952 0.815743 0.529761
1274358 0.0105952 0.815743 0.529761
546107 0.0105952 0.815743 0.529761
545501 0.0105952 0.815743 0.529761
1229153 0.0105952 0.815743 0.529761
405946 0.0105952 0.815743 0.529761
930130 0.0105952 0.815743 0.529761
372463 0.0105952 0.815743 0.529761
171693 0.0105952 0.815743 0.529761
531815 0.0105952 0.815743 0.529761
2961894 0.0105952 0.815743 0.529761
2486280 0.0105952 0.815743 0.529761
137993 0.0105952 0.815743 0.529761
1220589 0.0105952 0.815743 0.529761
444177 0.0105952 0.815743 0.529761
2518931 0.0105952 0.815743 0.529761
28031 0.0105952 0.815743 0.529761
582475 0.0105952 0.815743 0.529761
2998077 0.0105952 0.815743 0.529761
3160866 0.0105952 0.815743 0.529761
1911548 0.0105952 0.815743 0.529761
1714840 0.0105952 0.815743 0.529761
759811 0.0105952 0.815743 0.529761
519424 0.0105952 0.815743 0.529761
1218173 0.0105952 0.815743 0.529761
1602942 0.0105952 0.815743 0.529761
1637975 0.0105952 0.815743 0.529761
549687 0.0105952 0.815743 0.529761
3299023 0.0105952 0.815743 0.529761
863449 0.0105952 0.815743 0.529761
2762240 0.0105952 0.815743 0.529761
1742358 0.0105952 0.815743 0.529761
398511 0.0105952 0.815743 0.529761
3237103 0.0105952 0.815743 0.529761
1408103 0.0105952 0.815743 0.529761
1321606 0.0105952 0.815743 0.529761
279826 0.0105952 0.815743 0.529761
1917180 0.0105952 0.815743 0.529761
308892 0.0105952 0.815743 0.529761
1643336 0.0105952 0.815743 0.529761
38282 0.0105952 0.815743 0.529761
1503961 0.0105952 0.815743 0.529761
2069301 0.0105952 0.815743 0.529761
266892 0.0105952 0.815743 0.529761
1898109 0.0105952 0.815743 0.529761
1348623 0.0105952 0.815743 0.529761
1121089 0.0105952 0.815743 0.529761
2291674 0.0105952 0.815743 0.529761
1402861 0.0105952 0.815743 0.529761
284581 0.0105952 0.815743 0.529761
86664 0.0105952 0.815743 0.529761
1414648 0.0105952 0.815743 0.529761
1347902 0.0105952 0.815743 0.529761
200904 0.0105952 0.815743 0.529761
470815 0.0105952 0.815743 0.529761
220687 0.0105952 0.815743 0.529761
2259171 0.0105952 0.815743 0.529761
86668 0.0105952 0.815743 0.529761
2833578 0.0105952 0.815743 0.529761
1193713 0.0105952 0.815743 0.529761
2759023 0.0105952 0.815743 0.529761
1740721 0.0105952 0.815743 0.529761
279446 0.0105952 0.815743 0.529761
1168171 0.0105952 0.815743 0.529761
930132 0.0105952 0.815743 0.529761
3051431 0.0105952 0.815743 0.529761
1281767 0.0105952 0.815743 0.529761
1413211 0.0105952 0.815743 0.529761
46224 0.0105952 0.815743 0.529761
157838 0.0105952 0.815743 0.529761
209389 0.0105952 0.815743 0.529761
38875 0.0105952 0.815743 0.529761
363870 0.0105952 0.815743 0.529761
447421 0.0105952 0.815743 0.529761
195088 0.0105952 0.815743 0.529761
45668 0.0105952 0.815743 0.529761
240303 0.0105952 0.815743 0.529761
396056 0.0105952 0.815743 0.529761
1236971 0.0105952 0.815743 0.529761
1236973 0.0105952 0.815743 0.529761
935616 0.0105952 0.815743 0.529761
1548599 0.0105952 0.815743 0.529761
333138 0.0105952 0.815743 0.529761
2822140 0.0105952 0.815743 0.529761
199441 0.0105952 0.815743 0.529761
1516104 0.0105952 0.815743 0.529761
371036 0.0105952 0.815743 0.529761
2820819 0.0105952 0.815743 0.529761
2099786 0.0105952 0.815743 0.529761
2743001 0.0105952 0.815743 0.529761
228899 0.0105952 0.815743 0.529761
1349754 0.0105952 0.815743 0.529761
421767 0.0105952 0.815743 0.529761
450367 0.0105952 0.815743 0.529761
2772559 0.0105952 0.815743 0.529761
673318 0.0105952 0.815743 0.529761
2303991 0.0105952 0.815743 0.529761
1679170 0.0105952 0.815743 0.529761
264697 0.0105952 0.815743 0.529761
2918902 0.0105952 0.815743 0.529761
2595041 0.0105952 0.815743 0.529761
178340 0.0105952 0.815743 0.529761
2932255 0.0105952 0.815743 0.529761
2663022 0.0105952 0.815743 0.529761
334253 0.0105952 0.815743 0.529761
1672701 0.0105952 0.815743 0.529761
217031 0.0105952 0.815743 0.529761
217495 0.0105952 0.815743 0.529761
1467 0.0105952 0.815743 0.529761
1714016 0.0105952 0.815743 0.529761
29332 0.0105952 0.815743 0.529761
1017273 0.0105952 0.815743 0.529761
2875709 0.0105952 0.815743 0.529761
324854 0.0105952 0.815743 0.529761
283816 0.0105952 0.815743 0.529761
152268 0.0105952 0.815743 0.529761
2771434 0.0105952 0.815743 0.529761
1983721 0.0105952 0.815743 0.529761
246786 0.0105952 0.815743 0.529761
1491830 0.0105952 0.815743 0.529761
930124 0.0105952 0.815743 0.529761
2567941 0.0105952 0.815743 0.529761
1547283 0.0105952 0.815743 0.529761
2823519 0.0105952 0.815743 0.529761
3117746 0.0105952 0.815743 0.529761
1458 0.0105952 0.815743 0.529761
1464122 0.0105952 0.815743 0.529761
1246626 0.0105952 0.815743 0.529761
766895 0.0105952 0.815743 0.529761
115979 0.0105952 0.815743 0.529761
3133173 0.0105952 0.815743 0.529761
2729105 0.0105952 0.815743 0.529761
2499688 0.0105952 0.815743 0.529761
2036016 0.0105952 0.815743 0.529761
1397 0.0105952 0.815743 0.529761
1371 0.0105952 0.815743 0.529761
1122204 0.0105952 0.815743 0.529761
665952 0.0105952 0.815743 0.529761
2944916 0.0105952 0.815743 0.529761
1150625 0.0105952 0.815743 0.529761
1441095 0.0105952 0.815743 0.529761
587633 0.0105952 0.815743 0.529761
2683610 0.0105952 0.815743 0.529761
1437434 0.0105952 0.815743 0.529761
1305675 0.0105952 0.815743 0.529761
1403243 0.0105952 0.815743 0.529761
1664069 0.0105952 0.815743 0.529761
2810349 0.0105952 0.815743 0.529761
2547811 0.0105952 0.815743 0.529761
1071718 0.0105952 0.815743 0.529761
284580 0.0105952 0.815743 0.529761
2315464 0.0105952 0.815743 0.529761
86663 0.0105952 0.815743 0.529761
872396 0.0105952 0.815743 0.529761
1033734 0.0105952 0.815743 0.529761
3129297 0.0105952 0.815743 0.529761
3127667 0.0105952 0.815743 0.529761
3127665 0.0105952 0.815743 0.529761
273032 0.0105952 0.815743 0.529761
1221996 0.0105952 0.815743 0.529761
1808955 0.0105952 0.815743 0.529761
1448271 0.0105952 0.815743 0.529761
1840411 0.0105952 0.815743 0.529761
561879 0.0105952 0.815743 0.529761
64104 0.0105952 0.815743 0.529761
257985 0.0105952 0.815743 0.529761
574376 0.0105952 0.815743 0.529761
2338372 0.0105952 0.815743 0.529761
1053233 0.0105952 0.815743 0.529761
288681 0.0105952 0.815743 0.529761
692420 0.0105952 0.815743 0.529761
224308 0.0105952 0.815743 0.529761
260554 0.0105952 0.815743 0.529761
1052585 0.0105952 0.815743 0.529761
1648923 0.0105952 0.815743 0.529761
230954 0.0105952 0.815743 0.529761
2819290 0.0105952 0.815743 0.529761
33932 0.0105952 0.815743 0.529761
79883 0.0105952 0.815743 0.529761
361279 0.0105952 0.815743 0.529761
586416 0.0105952 0.815743 0.529761
361277 0.0105952 0.815743 0.529761
2045207 0.0105952 0.815743 0.529761
1601833 0.0105952 0.815743 0.529761
885475 0.0105952 0.815743 0.529761
2321395 0.0105952 0.815743 0.529761
1274353 0.0105952 0.815743 0.529761
254759 0.0105952 0.815743 0.529761
1914933 0.0105952 0.815743 0.529761
1245522 0.0105952 0.815743 0.529761
2583219 0.0105952 0.815743 0.529761
257446 0.0105952 0.815743 0.529761
237679 0.0105952 0.815743 0.529761
295065 0.0105952 0.815743 0.529761
2024555 0.0105952 0.815743 0.529761
393090 0.0105952 0.815743 0.529761
447199 0.0105952 0.815743 0.529761
570945 0.0105952 0.815743 0.529761
202261 0.0105952 0.815743 0.529761
202260 0.0105952 0.815743 0.529761
1479511 0.0105952 0.815743 0.529761
1482 0.0105952 0.815743 0.529761
163877 0.0105952 0.815743 0.529761
2749268 0.0105952 0.815743 0.529761
1572762 0.0105952 0.815743 0.529761
3108399 0.0105952 0.815743 0.529761
1590651 0.0105952 0.815743 0.529761
1906605 0.0105952 0.815743 0.529761
3064388 0.0105952 0.815743 0.529761
2507566 0.0105952 0.815743 0.529761
1652465 0.0105952 0.815743 0.529761
2086470 0.0105952 0.815743 0.529761
1416533 0.0105952 0.815743 0.529761
670482 0.0105952 0.815743 0.529761
66863 0.0105952 0.815743 0.529761
861532 0.0105952 0.815743 0.529761
47500 0.0105952 0.815743 0.529761
1500254 0.0105952 0.815743 0.529761
267746 0.0105952 0.815743 0.529761
1042163 0.0105952 0.815743 0.529761
1408254 0.0105952 0.815743 0.529761
1300222 0.0105952 0.815743 0.529761
54915 0.0105952 0.815743 0.529761
54914 0.0105952 0.815743 0.529761
54913 0.0105952 0.815743 0.529761
54911 0.0105952 0.815743 0.529761
54910 0.0105952 0.815743 0.529761
511487 0.0105952 0.815743 0.529761
51101 0.0105952 0.815743 0.529761
2570228 0.0105952 0.815743 0.529761
1125967 0.0105952 0.815743 0.529761
2796470 0.0105952 0.815743 0.529761
173959 0.0105952 0.815743 0.529761
2950604 0.0105952 0.815743 0.529761
33942 0.0105952 0.815743 0.529761
2583377 0.0105952 0.815743 0.529761
2060666 0.0105952 0.815743 0.529761
2705290 0.0105952 0.815743 0.529761
459527 0.0105952 0.815743 0.529761
425004 0.0105952 0.815743 0.529761
425006 0.0105952 0.815743 0.529761
456490 0.0105952 0.815743 0.529761
2419778 0.0105952 0.815743 0.529761
2315694 0.0105952 0.815743 0.529761
2674991 0.0105952 0.815743 0.529761
1294267 0.0105952 0.815743 0.529761
768479 0.0105952 0.815743 0.529761
178337 0.0105952 0.815743 0.529761
1387779 0.0105952 0.815743 0.529761
1289167 0.0105952 0.815743 0.529761
2598458 0.0105952 0.815743 0.529761
2826895 0.0105952 0.815743 0.529761
2761120 0.0105952 0.815743 0.529761
2728023 0.0105952 0.815743 0.529761
696072 0.0105952 0.815743 0.529761
557557 0.0105952 0.815743 0.529761
557555 0.0105952 0.815743 0.529761
2163172 0.0105952 0.815743 0.529761
1236976 0.0105952 0.815743 0.529761
717606 0.0105952 0.815743 0.529761
1036673 0.0105952 0.815743 0.529761
373687 0.0105952 0.815743 0.529761
985665 0.0105952 0.815743 0.529761
1313296 0.0105952 0.815743 0.529761
1212764 0.0105952 0.815743 0.529761
359917 0.0105952 0.815743 0.529761
2849866 0.0105952 0.815743 0.529761
2292705 0.0105952 0.815743 0.529761
1178515 0.0105952 0.815743 0.529761
1636843 0.0105952 0.815743 0.529761
162209 0.0105952 0.815743 0.529761
1276110 0.0105952 0.815743 0.529761
128574 0.0105952 0.815743 0.529761
554312 0.0105952 0.815743 0.529761
521520 0.0105952 0.815743 0.529761
1045775 0.0105952 0.815743 0.529761
2716884 0.0105952 0.815743 0.529761
3077234 0.0105952 0.815743 0.529761
3077233 0.0105952 0.815743 0.529761
160799 0.0105952 0.815743 0.529761
160487 0.0105952 0.815743 0.529761
2486751 0.0105952 0.815743 0.529761
1470560 0.0105952 0.815743 0.529761
684063 0.0105952 0.815743 0.529761
126569 0.0105952 0.815743 0.529761
1469647 0.0105952 0.815743 0.529761
1338368 0.0105952 0.815743 0.529761
1174501 0.0105952 0.815743 0.529761
59893 0.0105952 0.815743 0.529761
59845 0.0105952 0.815743 0.529761
59843 0.0105952 0.815743 0.529761
2582848 0.0105952 0.815743 0.529761
1763538 0.0105952 0.815743 0.529761
1501230 0.0105952 0.815743 0.529761
1435645 0.0105952 0.815743 0.529761
747481 0.0105952 0.815743 0.529761
1173085 0.0105952 0.815743 0.529761
189691 0.0105952 0.815743 0.529761
1172618 0.0105952 0.815743 0.529761
1172615 0.0105952 0.815743 0.529761
1172614 0.0105952 0.815743 0.529761
582692 0.0105952 0.815743 0.529761
582686 0.0105952 0.815743 0.529761
189426 0.0105952 0.815743 0.529761
189425 0.0105952 0.815743 0.529761
516965 0.0105952 0.815743 0.529761
2908839 0.0105952 0.815743 0.529761
2810347 0.0105952 0.815743 0.529761
2744309 0.0105952 0.815743 0.529761
2547395 0.0105952 0.815743 0.529761
2972489 0.0105952 0.815743 0.529761
1333845 0.0105952 0.815743 0.529761
2545760 0.0105952 0.815743 0.529761
2905649 0.0105952 0.815743 0.529761
2020716 0.0105952 0.815743 0.529761
2774142 0.0105952 0.815743 0.529761
414771 0.0105952 0.815743 0.529761
2937794 0.0105952 0.815743 0.529761
1462996 0.0105952 0.815743 0.529761
742054 0.0105952 0.815743 0.529761
512399 0.0105952 0.815743 0.529761
1265935 0.0105952 0.815743 0.529761
217090 0.0105952 0.815743 0.529761
2969249 0.0105952 0.815743 0.529761
1658519 0.0105952 0.815743 0.529761
2772509 0.0105952 0.815743 0.529761
2772299 0.0105952 0.815743 0.529761
1133364 0.0105952 0.815743 0.529761
1886670 0.0105952 0.815743 0.529761
2770274 0.0105952 0.815743 0.529761
1852522 0.0105952 0.815743 0.529761
2704462 0.0105952 0.815743 0.529761
3064525 0.0105952 0.815743 0.529761
279208 0.0105952 0.815743 0.529761
2048548 0.0105952 0.815743 0.529761
1458439 0.0105952 0.815743 0.529761
1917181 0.0105952 0.815743 0.529761
49283 0.0105952 0.815743 0.529761
1294268 0.0105952 0.815743 0.529761
2211139 0.0105952 0.815743 0.529761
2931978 0.0105952 0.815743 0.529761
1850517 0.0105952 0.815743 0.529761
1850370 0.0105952 0.815743 0.529761
375489 0.0105952 0.815743 0.529761
539262 0.0105952 0.815743 0.529761
1325360 0.0105952 0.815743 0.529761
1652958 0.0105952 0.815743 0.529761
2078573 0.0105952 0.815743 0.529761
669464 0.0105952 0.815743 0.529761
79263 0.0105952 0.815743 0.529761
1619311 0.0105952 0.815743 0.529761
1619309 0.0105952 0.815743 0.529761
1324314 0.0105952 0.815743 0.529761
2798579 0.0105952 0.815743 0.529761
3388067 0.0105952 0.815743 0.529761
1126833 0.0105952 0.815743 0.529761
274593 0.0105952 0.815743 0.529761
2666075 0.0105952 0.815743 0.529761
306543 0.0105952 0.815743 0.529761
306542 0.0105952 0.815743 0.529761
1387834 0.0105952 0.815743 0.529761
44252 0.0105952 0.815743 0.529761
1616788 0.0105952 0.815743 0.529761
1452732 0.0105952 0.815743 0.529761
862114 0.0105952 0.815743 0.529761
2697035 0.0105952 0.815743 0.529761
1844972 0.0105952 0.815743 0.529761
2762232 0.0105952 0.815743 0.529761
1156355 0.0105952 0.815743 0.529761
2041023 0.0105952 0.815743 0.529761
1778678 0.0105952 0.815743 0.529761
1712516 0.0105952 0.815743 0.529761
696536 0.0105952 0.815743 0.529761
630520 0.0105952 0.815743 0.529761
629724 0.0105952 0.815743 0.529761
170367 0.0105952 0.815743 0.529761
2726185 0.0105952 0.815743 0.529761
268407 0.0105952 0.815743 0.529761
3020863 0.0105952 0.815743 0.529761
2496558 0.0105952 0.815743 0.529761
2496557 0.0105952 0.815743 0.529761
169760 0.0105952 0.815743 0.529761
2496267 0.0105952 0.815743 0.529761
2987519 0.0105952 0.815743 0.529761
2527873 0.0105952 0.815743 0.529761
2035833 0.0105952 0.815743 0.529761
2691084 0.0105952 0.815743 0.529761
528187 0.0105952 0.815743 0.529761
429342 0.0105952 0.815743 0.529761
429341 0.0105952 0.815743 0.529761
1870820 0.0105952 0.815743 0.529761
1870819 0.0105952 0.815743 0.529761
2678564 0.0105952 0.815743 0.529761
1215385 0.0105952 0.815743 0.529761
1936118 0.0105952 0.815743 0.529761
3050112 0.0105952 0.815743 0.529761
2918900 0.0105952 0.815743 0.529761
494026 0.0105952 0.815743 0.529761
297318 0.0105952 0.815743 0.529761
1705561 0.0105952 0.815743 0.529761
1574488 0.0105952 0.815743 0.529761
624147 0.0105952 0.815743 0.529761
1477 0.0105952 0.815743 0.529761
697284 0.0105952 0.815743 0.529761
1472 0.0105952 0.815743 0.529761
1476024 0.0105952 0.815743 0.529761
1451 0.0105952 0.815743 0.529761
1401 0.0105952 0.815743 0.529761
2163881 0.0105952 0.815743 0.529761
1803190 0.0105952 0.815743 0.529761
2654974 0.0105952 0.815743 0.529761
1737354 0.0105952 0.815743 0.529761
2490856 0.0105952 0.815743 0.529761
2982185 0.0105952 0.815743 0.529761
393251 0.0105952 0.815743 0.529761
393250 0.0105952 0.815743 0.529761
1193502 0.0105952 0.815743 0.529761
178606 0.0105952 0.815743 0.529761
1794699 0.0105952 0.815743 0.529761
187145 0.0105952 0.815743 0.529761
2838699 0.0105952 0.815743 0.529761
768670 0.0105952 0.815743 0.529761
500465 0.0105952 0.815743 0.529761
1078050 0.0105952 0.815743 0.529761
522772 0.0105952 0.815743 0.529761
139438 0.0105952 0.815743 0.529761
2528274 0.0105952 0.815743 0.529761
1429438 0.0105952 0.815743 0.529761
2951981 0.0105952 0.815743 0.529761
309801 0.0105952 0.815743 0.529761
1129897 0.0105952 0.815743 0.529761
479434 0.0105952 0.815743 0.529761
1184267 0.0105952 0.815743 0.529761
856793 0.0105952 0.815743 0.529761
959 0.0105952 0.815743 0.529761
1513793 0.0105952 0.815743 0.529761
2152716 0.0105952 0.815743 0.529761
862908 0.0105952 0.815743 0.529761
28202 0.0105952 0.815743 0.529761
1307763 0.0105952 0.815743 0.529761
2750659 0.0105952 0.815743 0.529761
2697043 0.0105952 0.815743 0.529761
2093366 0.0105952 0.815743 0.529761
1974757 0.0105952 0.815743 0.529761
1930593 0.0105952 0.815743 0.529761
1974752 0.0105952 0.815743 0.529761
1974746 0.0105952 0.815743 0.529761
1658616 0.0105952 0.815743 0.529761
2840947 0.0105952 0.815743 0.529761
172901 0.0105952 0.815743 0.529761
2606640 0.0105952 0.815743 0.529761
760260 0.0105952 0.815743 0.529761
3120278 0.0105952 0.815743 0.529761
406548 0.0105952 0.815743 0.529761
2528011 0.0105952 0.815743 0.529761
1930276 0.0105952 0.815743 0.529761
980251 0.0105952 0.815743 0.529761
380242 0.0105952 0.815743 0.529761
392547 0.0105952 0.815743 0.529761
1127984 0.0105952 0.815743 0.529761
1936003 0.0105952 0.815743 0.529761
1851148 0.0105952 0.815743 0.529761
2528020 0.0105952 0.815743 0.529761
690879 0.0105952 0.815743 0.529761
497964 0.0105952 0.815743 0.529761
1041766 0.0105952 0.815743 0.529761
2795386 0.0105952 0.815743 0.529761
2744239 0.0105952 0.815743 0.529761
1679444 0.0105952 0.815743 0.529761
2838431 0.0105952 0.815743 0.529761
1655590 0.0105952 0.815743 0.529761
1658618 0.0105952 0.815743 0.529761
1123071 0.0105952 0.815743 0.529761
430797 0.0105952 0.815743 0.529761
454144 0.0105952 0.815743 0.529761
454148 0.0105952 0.815743 0.529761
748857 0.0105952 0.815743 0.529761
2707525 0.0105952 0.815743 0.529761
2576071 0.0105952 0.815743 0.529761
48467 0.0105952 0.815743 0.529761
595692 0.0105952 0.815743 0.529761
2800421 0.0105952 0.815743 0.529761
2748318 0.0105952 0.815743 0.529761
454153 0.0105952 0.815743 0.529761
1144680 0.0105952 0.815743 0.529761
454151 0.0105952 0.815743 0.529761
2728835 0.0105952 0.815743 0.529761
1324935 0.0105952 0.815743 0.529761
2597822 0.0105952 0.815743 0.529761
2909285 0.0105952 0.815743 0.529761
1184151 0.0105952 0.815743 0.529761
2926320 0.0105952 0.815743 0.529761
2840950 0.0105952 0.815743 0.529761
415222 0.0105952 0.815743 0.529761
388746 0.0105952 0.815743 0.529761
2706888 0.0105952 0.815743 0.529761
2174842 0.0105952 0.815743 0.529761
1804625 0.0105952 0.815743 0.529761
424488 0.0105952 0.815743 0.529761
3080537 0.0105952 0.815743 0.529761
1312852 0.0105952 0.815743 0.529761
1855912 0.0105952 0.815743 0.529761
1473598 0.0105952 0.815743 0.529761
234267 0.0105952 0.815743 0.529761
2741543 0.0105952 0.815743 0.529761
2211140 0.0105952 0.815743 0.529761
2218256 0.0105952 0.815743 0.529761
768535 0.0105952 0.815743 0.529761
863522 0.0105952 0.815743 0.529761
2043161 0.0105952 0.815743 0.529761
2763107 0.0105952 0.815743 0.529761
1002689 0.0105952 0.815743 0.529761
3036704 0.0105952 0.815743 0.529761
940613 0.0105952 0.815743 0.529761
682795 0.0105952 0.815743 0.529761
741063 0.0105952 0.815743 0.529761
474952 0.0105952 0.815743 0.529761
474950 0.0105952 0.815743 0.529761
474949 0.0105952 0.815743 0.529761
570835 0.0105952 0.815743 0.529761
1560005 0.0105952 0.815743 0.529761
940139 0.0105952 0.815743 0.529761
401053 0.0105952 0.815743 0.529761
1592106 0.0105952 0.815743 0.529761
1577686 0.0105952 0.815743 0.529761
1560006 0.0105952 0.815743 0.529761
204669 0.0105952 0.815743 0.529761
2818388 0.0105952 0.815743 0.529761
442870 0.0105952 0.815743 0.529761
2954439 0.0105952 0.815743 0.529761
2954440 0.0105952 0.815743 0.529761
2927979 0.0105952 0.815743 0.529761
2927980 0.0105952 0.815743 0.529761
1963862 0.0105952 0.815743 0.529761
573413 0.0105952 0.815743 0.529761
1307761 0.0105952 0.815743 0.529761
2518645 0.0105952 0.815743 0.529761
252967 0.0105952 0.815743 0.529761
2840897 0.0105952 0.815743 0.529761
2840899 0.0105952 0.815743 0.529761
2606638 0.0105952 0.815743 0.529761
3119039 0.0105952 0.815743 0.529761
150 0.0105952 0.815743 0.529761
2840705 0.0105952 0.815743 0.529761
2840840 0.0105952 0.815743 0.529761
2840669 0.0105952 0.815743 0.529761
2293840 0.0105952 0.815743 0.529761
760011 0.0105952 0.815743 0.529761
1321815 0.0105952 0.815743 0.529761
545694 0.0105952 0.815743 0.529761
744515 0.0105952 0.815743 0.529761
2838768 0.0105952 0.815743 0.529761
138851 0.0105952 0.815743 0.529761
2787628 0.0105952 0.815743 0.529761
163 0.0105952 0.815743 0.529761
162 0.0105952 0.815743 0.529761
156 0.0105952 0.815743 0.529761
744872 0.0105952 0.815743 0.529761
869212 0.0105952 0.815743 0.529761
706587 0.0105952 0.815743 0.529761
880072 0.0105952 0.815743 0.529761
1121391 0.0105952 0.815743 0.529761
1621989 0.0105952 0.815743 0.529761
43775 0.0105952 0.815743 0.529761
56780 0.0105952 0.815743 0.529761
1429043 0.0105952 0.815743 0.529761
644282 0.0105952 0.815743 0.529761
3058419 0.0105952 0.815743 0.529761
1121416 0.0105952 0.815743 0.529761
177439 0.0105952 0.815743 0.529761
91360 0.0105952 0.815743 0.529761
2740163 0.0105952 0.815743 0.529761
1121409 0.0105952 0.815743 0.529761
2772557 0.0105952 0.815743 0.529761
1506996 0.0105952 0.815743 0.529761
1909699 0.0105952 0.815743 0.529761
577650 0.0105952 0.815743 0.529761
3060442 0.0105952 0.815743 0.529761
2047767 0.0105952 0.815743 0.529761
1936021 0.0105952 0.815743 0.529761
1795632 0.0105952 0.815743 0.529761
667014 0.0105952 0.815743 0.529761
501497 0.0105952 0.815743 0.529761
485915 0.0105952 0.815743 0.529761
555779 0.0105952 0.815743 0.529761
617002 0.0105952 0.815743 0.529761
1592317 0.0105952 0.815743 0.529761
206665 0.0105952 0.815743 0.529761
52560 0.0105952 0.815743 0.529761
888061 0.0105952 0.815743 0.529761
207559 0.0105952 0.815743 0.529761
690850 0.0105952 0.815743 0.529761
1121449 0.0105952 0.815743 0.529761
1121448 0.0105952 0.815743 0.529761
1121439 0.0105952 0.815743 0.529761
363253 0.0105952 0.815743 0.529761
63561 0.0105952 0.815743 0.529761
147047 0.0105952 0.815743 0.529761
370038 0.0105952 0.815743 0.529761
882 0.0105952 0.815743 0.529761
883 0.0105952 0.815743 0.529761
1560234 0.0105952 0.815743 0.529761
126333 0.0105952 0.815743 0.529761
2678688 0.0105952 0.815743 0.529761
57320 0.0105952 0.815743 0.529761
1721087 0.0105952 0.815743 0.529761
3126690 0.0105952 0.815743 0.529761
1716143 0.0105952 0.815743 0.529761
270496 0.0105952 0.815743 0.529761
2730080 0.0105952 0.815743 0.529761
2718620 0.0105952 0.815743 0.529761
1121455 0.0105952 0.815743 0.529761
58621 0.0105952 0.815743 0.529761
1725232 0.0105952 0.815743 0.529761
2838536 0.0105952 0.815743 0.529761
2605782 0.0105952 0.815743 0.529761
571438 0.0105952 0.815743 0.529761
241368 0.0105952 0.815743 0.529761
44742 0.0105952 0.815743 0.529761
2696086 0.0105952 0.815743 0.529761
995050 0.0105952 0.815743 0.529761
1121442 0.0105952 0.815743 0.529761
2838482 0.0105952 0.815743 0.529761
563192 0.0105952 0.815743 0.529761
1903261 0.0105952 0.815743 0.529761
2838658 0.0105952 0.815743 0.529761
246191 0.0105952 0.815743 0.529761
526222 0.0105952 0.815743 0.529761
296842 0.0105952 0.815743 0.529761
596151 0.0105952 0.815743 0.529761
1121393 0.0105952 0.815743 0.529761
96561 0.0105952 0.815743 0.529761
340467 0.0105952 0.815743 0.529761
332175 0.0105952 0.815743 0.529761
231438 0.0105952 0.815743 0.529761
419481 0.0105952 0.815743 0.529761
2841695 0.0105952 0.815743 0.529761
2841697 0.0105952 0.815743 0.529761
45656 0.0105952 0.815743 0.529761
45657 0.0105952 0.815743 0.529761
45655 0.0105952 0.815743 0.529761
1121405 0.0105952 0.815743 0.529761
947919 0.0105952 0.815743 0.529761
885957 0.0105952 0.815743 0.529761
571177 0.0105952 0.815743 0.529761
2929485 0.0105952 0.815743 0.529761
1121400 0.0105952 0.815743 0.529761
177437 0.0105952 0.815743 0.529761
90732 0.0105952 0.815743 0.529761
1246637 0.0105952 0.815743 0.529761
622671 0.0105952 0.815743 0.529761
115781 0.0105952 0.815743 0.529761
1286635 0.0105952 0.815743 0.529761
2292 0.0105952 0.815743 0.529761
879212 0.0105952 0.815743 0.529761
2291 0.0105952 0.815743 0.529761
38815 0.0105952 0.815743 0.529761
2802975 0.0105952 0.815743 0.529761
1969733 0.0105952 0.815743 0.529761
213224 0.0105952 0.815743 0.529761
37625 0.0105952 0.815743 0.529761
1122189 0.0105952 0.815743 0.529761
351604 0.0105952 0.815743 0.529761
60035 0.0105952 0.815743 0.529761
44671 0.0105952 0.815743 0.529761
2562681 0.0105952 0.815743 0.529761
2740185 0.0105952 0.815743 0.529761
215803 0.0105952 0.815743 0.529761
391625 0.0105952 0.815743 0.529761
54 0.0105952 0.815743 0.529761
889268 0.0105952 0.815743 0.529761
502025 0.0105952 0.815743 0.529761
1391654 0.0105952 0.815743 0.529761
448385 0.0105952 0.815743 0.529761
927083 0.0105952 0.815743 0.529761
2316726 0.0105952 0.815743 0.529761
2316731 0.0105952 0.815743 0.529761
1297742 0.0105952 0.815743 0.529761
2590453 0.0105952 0.815743 0.529761
246197 0.0105952 0.815743 0.529761
1391653 0.0105952 0.815743 0.529761
83450 0.0105952 0.815743 0.529761
1406225 0.0105952 0.815743 0.529761
394096 0.0105952 0.815743 0.529761
2741071 0.0105952 0.815743 0.529761
2905690 0.0105952 0.815743 0.529761
2741070 0.0105952 0.815743 0.529761
2093360 0.0105952 0.815743 0.529761
1945871 0.0105952 0.815743 0.529761
1643428 0.0105952 0.815743 0.529761
1639882 0.0105952 0.815743 0.529761
3119007 0.0105952 0.815743 0.529761
3062599 0.0105952 0.815743 0.529761
2014610 0.0105952 0.815743 0.529761
861299 0.0105952 0.815743 0.529761
1379270 0.0105952 0.815743 0.529761
2732249 0.0105952 0.815743 0.529761
3056748 0.0105952 0.815743 0.529761
3032292 0.0105952 0.815743 0.529761
1191523 0.0105952 0.815743 0.529761
1895771 0.0105952 0.815743 0.529761
1196024 0.0105952 0.815743 0.529761
3075598 0.0105952 0.815743 0.529761
716817 0.0105952 0.815743 0.529761
633813 0.0105952 0.815743 0.529761
1850348 0.0105952 0.815743 0.529761
1469170 0.0105952 0.815743 0.529761
1868324 0.0105952 0.815743 0.529761
517418 0.0105952 0.815743 0.529761
1098 0.0105952 0.815743 0.529761
377431 0.0105952 0.815743 0.529761
2952158 0.0105952 0.815743 0.529761
1302730 0.0105952 0.815743 0.529761
2053187 0.0105952 0.815743 0.529761
1736908 0.0105952 0.815743 0.529761
1194090 0.0105952 0.815743 0.529761
1457365 0.0105952 0.815743 0.529761
2812953 0.0105952 0.815743 0.529761
653929 0.0105952 0.815743 0.529761
762903 0.0105952 0.815743 0.529761
496056 0.0105952 0.815743 0.529761
543615 0.0105952 0.815743 0.529761
929556 0.0105952 0.815743 0.529761
2079460 0.0105952 0.815743 0.529761
2695274 0.0105952 0.815743 0.529761
2695275 0.0105952 0.815743 0.529761
990371 0.0105952 0.815743 0.529761
572036 0.0105952 0.815743 0.529761
407022 0.0105952 0.815743 0.529761
1176537 0.0105952 0.815743 0.529761
760123 0.0105952 0.815743 0.529761
652788 0.0105952 0.815743 0.529761
714943 0.0105952 0.815743 0.529761
652787 0.0105952 0.815743 0.529761
423350 0.0105952 0.815743 0.529761
1176721 0.0105952 0.815743 0.529761
2027860 0.0105952 0.815743 0.529761
2682091 0.0105952 0.815743 0.529761
551996 0.0105952 0.815743 0.529761
354630 0.0105952 0.815743 0.529761
1173583 0.0105952 0.815743 0.529761
1302352 0.0105952 0.815743 0.529761
1302236 0.0105952 0.815743 0.529761
1234841 0.0105952 0.815743 0.529761
2740462 0.0105952 0.815743 0.529761
2967225 0.0105952 0.815743 0.529761
2932774 0.0105952 0.815743 0.529761
1196019 0.0105952 0.815743 0.529761
1457233 0.0105952 0.815743 0.529761
1391627 0.0105952 0.815743 0.529761
538021 0.0105952 0.815743 0.529761
2732510 0.0105952 0.815743 0.529761
2305909 0.0105952 0.815743 0.529761
2305508 0.0105952 0.815743 0.529761
2599295 0.0105952 0.815743 0.529761
2599294 0.0105952 0.815743 0.529761
1550579 0.0105952 0.815743 0.529761
862126 0.0105952 0.815743 0.529761
2303333 0.0105952 0.815743 0.529761
2597670 0.0105952 0.815743 0.529761
2695265 0.0105952 0.815743 0.529761
2728022 0.0105952 0.815743 0.529761
2793071 0.0105952 0.815743 0.529761
692994 0.0105952 0.815743 0.529761
398053 0.0105952 0.815743 0.529761
398050 0.0105952 0.815743 0.529761
1259464 0.0105952 0.815743 0.529761
1150600 0.0105952 0.815743 0.529761
699437 0.0105952 0.815743 0.529761
332977 0.0105952 0.815743 0.529761
2045106 0.0105952 0.815743 0.529761
1477437 0.0105952 0.815743 0.529761
623281 0.0105952 0.815743 0.529761
623280 0.0105952 0.815743 0.529761
1358423 0.0105952 0.815743 0.529761
485917 0.0105952 0.815743 0.529761
687842 0.0105952 0.815743 0.529761
425514 0.0105952 0.815743 0.529761
425513 0.0105952 0.815743 0.529761
425512 0.0105952 0.815743 0.529761
425511 0.0105952 0.815743 0.529761
2259170 0.0105952 0.815743 0.529761
390241 0.0105952 0.815743 0.529761
1503925 0.0105952 0.815743 0.529761
2126353 0.0105952 0.815743 0.529761
1241337 0.0105952 0.815743 0.529761
288992 0.0105952 0.815743 0.529761
2679964 0.0105952 0.815743 0.529761
188932 0.0105952 0.815743 0.529761
3004097 0.0105952 0.815743 0.529761
1069985 0.0105952 0.815743 0.529761
414048 0.0105952 0.815743 0.529761
151894 0.0105952 0.815743 0.529761
1590643 0.0105952 0.815743 0.529761
2605747 0.0105952 0.815743 0.529761
475255 0.0105952 0.815743 0.529761
2571273 0.0105952 0.815743 0.529761
2571272 0.0105952 0.815743 0.529761
2766984 0.0105952 0.815743 0.529761
3121371 0.0105952 0.815743 0.529761
2203212 0.0105952 0.815743 0.529761
2563444 0.0105952 0.815743 0.529761
2530456 0.0105952 0.815743 0.529761
2530454 0.0105952 0.815743 0.529761
2530453 0.0105952 0.815743 0.529761
430522 0.0105952 0.815743 0.529761
363852 0.0105952 0.815743 0.529761
363849 0.0105952 0.815743 0.529761
1476464 0.0105952 0.815743 0.529761
3113906 0.0105952 0.815743 0.529761
3113905 0.0105952 0.815743 0.529761
1737356 0.0105952 0.815743 0.529761
3111775 0.0105952 0.815743 0.529761
1346330 0.0105952 0.815743 0.529761
1145106 0.0105952 0.815743 0.529761
28454 0.0105952 0.815743 0.529761
1437280 0.0105952 0.815743 0.529761
683125 0.0105952 0.815743 0.529761
1796905 0.0105952 0.815743 0.529761
415956 0.0105952 0.815743 0.529761
2838759 0.0105952 0.815743 0.529761
1686402 0.0105952 0.815743 0.529761
3025669 0.0105952 0.815743 0.529761
2171749 0.0105952 0.815743 0.529761
662858 0.0105952 0.815743 0.529761
1776859 0.0105952 0.815743 0.529761
1513896 0.0105952 0.815743 0.529761
1874115 0.0105952 0.815743 0.529761
1742264 0.0105952 0.815743 0.529761
561061 0.0105952 0.815743 0.529761
1476465 0.0105952 0.815743 0.529761
259 0.0105952 0.815743 0.529761
1310416 0.0105952 0.815743 0.529761
3014562 0.0105952 0.815743 0.529761
1539049 0.0105952 0.815743 0.529761
2291815 0.0105952 0.815743 0.529761
1302690 0.0105952 0.815743 0.529761
908966 0.0105952 0.815743 0.529761
1007089 0.0105952 0.815743 0.529761
1465490 0.0105952 0.815743 0.529761
1235997 0.0105952 0.815743 0.529761
1792502 0.0105952 0.815743 0.529761
2676868 0.0105952 0.815743 0.529761
2545455 0.0105952 0.815743 0.529761
2315862 0.0105952 0.815743 0.529761
1856322 0.0105952 0.815743 0.529761
1004304 0.0105952 0.815743 0.529761
2575867 0.0105952 0.815743 0.529761
2607284 0.0105952 0.815743 0.529761
2508719 0.0105952 0.815743 0.529761
1393122 0.0105952 0.815743 0.529761
670293 0.0105952 0.815743 0.529761
2077091 0.0105952 0.815743 0.529761
3121375 0.0105952 0.815743 0.529761
1084520 0.0105952 0.815743 0.529761
2656915 0.0105952 0.815743 0.529761
3049108 0.0105952 0.815743 0.529761
2851599 0.0105952 0.815743 0.529761
2982496 0.0105952 0.815743 0.529761
2294116 0.0105952 0.815743 0.529761
577386 0.0105952 0.815743 0.529761
522298 0.0105952 0.815743 0.529761
1035890 0.0105952 0.815743 0.529761
2908004 0.0105952 0.815743 0.529761
2608001 0.0105952 0.815743 0.529761
1434707 0.0105952 0.815743 0.529761
2341117 0.0105952 0.815743 0.529761
551991 0.0105952 0.815743 0.529761
2793269 0.0105952 0.815743 0.529761
1813871 0.0105952 0.815743 0.529761
661481 0.0105952 0.815743 0.529761
1492898 0.0105952 0.815743 0.529761
1834163 0.0105952 0.815743 0.529761
1220578 0.0105952 0.815743 0.529761
1349421 0.0105952 0.815743 0.529761
1978412 0.0105952 0.815743 0.529761
413434 0.0105952 0.815743 0.529761
1086393 0.0105952 0.815743 0.529761
1176587 0.0105952 0.815743 0.529761
929713 0.0105952 0.815743 0.529761
1285928 0.0105952 0.815743 0.529761
3117701 0.0105952 0.815743 0.529761
550983 0.0105952 0.815743 0.529761
1703345 0.0105952 0.815743 0.529761
354355 0.0105952 0.815743 0.529761
2821487 0.0105952 0.815743 0.529761
393003 0.0105952 0.815743 0.529761
485918 0.0105952 0.815743 0.529761
1539050 0.0105952 0.815743 0.529761
2029983 0.0105952 0.815743 0.529761
2291814 0.0105952 0.815743 0.529761
29529 0.0105952 0.815743 0.529761
2683588 0.0105952 0.815743 0.529761
1335309 0.0105952 0.815743 0.529761
2282649 0.0105952 0.815743 0.529761
1233460 0.0105952 0.815743 0.529761
3133966 0.0105952 0.815743 0.529761
3163343 0.0105952 0.815743 0.529761
2703787 0.0105952 0.815743 0.529761
573321 0.0105952 0.815743 0.529761
1293035 0.0105952 0.815743 0.529761
408074 0.0105952 0.815743 0.529761
634771 0.0105952 0.815743 0.529761
2991709 0.0105952 0.815743 0.529761
2267521 0.0105952 0.815743 0.529761
104663 0.0105952 0.815743 0.529761
104662 0.0105952 0.815743 0.529761
331697 0.0105952 0.815743 0.529761
1004 0.0105952 0.815743 0.529761
2508721 0.0105952 0.815743 0.529761
477680 0.0105952 0.815743 0.529761
1737353 0.0105952 0.815743 0.529761
1099794 0.0105952 0.815743 0.529761
760192 0.0105952 0.815743 0.529761
1524460 0.0105952 0.815743 0.529761
1564516 0.0105952 0.815743 0.529761
442734 0.0105952 0.815743 0.529761
478744 0.0105952 0.815743 0.529761
2602767 0.0105952 0.815743 0.529761
438751 0.0105952 0.815743 0.529761
1517758 0.0105952 0.815743 0.529761
1122177 0.0105952 0.815743 0.529761
2864201 0.0105952 0.815743 0.529761
1227546 0.0105952 0.815743 0.529761
984262 0.0105952 0.815743 0.529761
694433 0.0105952 0.815743 0.529761
2982028 0.0105952 0.815743 0.529761
2981993 0.0105952 0.815743 0.529761
313606 0.0105952 0.815743 0.529761
880071 0.0105952 0.815743 0.529761
927664 0.0105952 0.815743 0.529761
1279009 0.0105952 0.815743 0.529761
28195 0.0105952 0.815743 0.529761
2715131 0.0105952 0.815743 0.529761
2016530 0.0105952 0.815743 0.529761
3058365 0.0105952 0.815743 0.529761
1003 0.0105952 0.815743 0.529761
1267423 0.0105952 0.815743 0.529761
1566026 0.0105952 0.815743 0.529761
1758176 0.0105952 0.815743 0.529761
333140 0.0105952 0.815743 0.529761
296218 0.0105952 0.815743 0.529761
1548457 0.0105952 0.815743 0.529761
1046115 0.0105952 0.815743 0.529761
1028 0.0105952 0.815743 0.529761
2782350 0.0105952 0.815743 0.529761
2782352 0.0105952 0.815743 0.529761
2782349 0.0105952 0.815743 0.529761
247481 0.0105952 0.815743 0.529761
452471 0.0105952 0.815743 0.529761
2867963 0.0105952 0.815743 0.529761
1075417 0.0105952 0.815743 0.529761
1389218 0.0105952 0.815743 0.529761
1500549 0.0105952 0.815743 0.529761
237019 0.0105952 0.815743 0.529761
379075 0.0105952 0.815743 0.529761
413964 0.0105952 0.815743 0.529761
1162670 0.0105952 0.815743 0.529761
1324217 0.0105952 0.815743 0.529761
2729599 0.0105952 0.815743 0.529761
2494373 0.0105952 0.815743 0.529761
694437 0.0105952 0.815743 0.529761
915059 0.0105952 0.815743 0.529761
367791 0.0105952 0.815743 0.529761
2726742 0.0105952 0.815743 0.529761
3051825 0.0105952 0.815743 0.529761
3051826 0.0105952 0.815743 0.529761
861051 0.0105952 0.815743 0.529761
447679 0.0105952 0.815743 0.529761
2979869 0.0105952 0.815743 0.529761
2980104 0.0105952 0.815743 0.529761
2979464 0.0105952 0.815743 0.529761
156994 0.0105952 0.815743 0.529761
692418 0.0105952 0.815743 0.529761
1605367 0.0105952 0.815743 0.529761
649349 0.0105952 0.815743 0.529761
1784714 0.0105952 0.815743 0.529761
1028214 0.0105952 0.815743 0.529761
869394 0.0105952 0.815743 0.529761
1537369 0.0105952 0.815743 0.529761
929562 0.0105952 0.815743 0.529761
2492393 0.0105952 0.815743 0.529761
1862386 0.0105952 0.815743 0.529761
1079859 0.0105952 0.815743 0.529761
502259 0.0105952 0.815743 0.529761
3096516 0.0105952 0.815743 0.529761
2516557 0.0105952 0.815743 0.529761
3024868 0.0105952 0.815743 0.529761
502909 0.0105952 0.815743 0.529761
217141 0.0105952 0.815743 0.529761
797020 0.0105952 0.815743 0.529761
591202 0.0105952 0.815743 0.529761
2051041 0.0105952 0.815743 0.529761
643671 0.0105952 0.815743 0.529761
1750698 0.0105952 0.815743 0.529761
2305895 0.0105952 0.815743 0.529761
402147 0.0105952 0.815743 0.529761
2070510 0.0105952 0.815743 0.529761
2817059 0.0105952 0.815743 0.529761
2817061 0.0105952 0.815743 0.529761
2259595 0.0105952 0.815743 0.529761
761193 0.0105952 0.815743 0.529761
370973 0.0105952 0.815743 0.529761
651661 0.0105952 0.815743 0.529761
2259619 0.0105952 0.815743 0.529761
2906456 0.0105952 0.815743 0.529761
2576211 0.0105952 0.815743 0.529761
1591085 0.0105952 0.815743 0.529761
408657 0.0105952 0.815743 0.529761
2822344 0.0105952 0.815743 0.529761
659014 0.0105952 0.815743 0.529761
1082580 0.0105952 0.815743 0.529761
2614655 0.0105952 0.815743 0.529761
269798 0.0105952 0.815743 0.529761
153721 0.0105952 0.815743 0.529761
1655419 0.0105952 0.815743 0.529761
563176 0.0105952 0.815743 0.529761
2094562 0.0105952 0.815743 0.529761
1469603 0.0105952 0.815743 0.529761
1178516 0.0105952 0.815743 0.529761
1987381 0.0105952 0.815743 0.529761
2937440 0.0105952 0.815743 0.529761
2183553 0.0105952 0.815743 0.529761
2771355 0.0105952 0.815743 0.529761
2771354 0.0105952 0.815743 0.529761
2502893 0.0105952 0.815743 0.529761
662367 0.0105952 0.815743 0.529761
2692134 0.0105952 0.815743 0.529761
1379870 0.0105952 0.815743 0.529761
1968276 0.0105952 0.815743 0.529761
1770529 0.0105952 0.815743 0.529761
981 0.0105952 0.815743 0.529761
866807 0.0105952 0.815743 0.529761
2801331 0.0105952 0.815743 0.529761
947013 0.0105952 0.815743 0.529761
2059302 0.0105952 0.815743 0.529761
2879465 0.0105952 0.815743 0.529761
1237149 0.0105952 0.815743 0.529761
2810512 0.0105952 0.815743 0.529761
2803949 0.0105952 0.815743 0.529761
2494733 0.0105952 0.815743 0.529761
396812 0.0105952 0.815743 0.529761
688867 0.0105952 0.815743 0.529761
688913 0.0105952 0.815743 0.529761
3048010 0.0105952 0.815743 0.529761
3048013 0.0105952 0.815743 0.529761
2704465 0.0105952 0.815743 0.529761
651662 0.0105952 0.815743 0.529761
645990 0.0105952 0.815743 0.529761
2682976 0.0105952 0.815743 0.529761
2606448 0.0105952 0.815743 0.529761
3063996 0.0105952 0.815743 0.529761
2594794 0.0105952 0.815743 0.529761
2072846 0.0105952 0.815743 0.529761
1379910 0.0105952 0.815743 0.529761
1567108 0.0105952 0.815743 0.529761
2704466 0.0105952 0.815743 0.529761
1436961 0.0105952 0.815743 0.529761
2080288 0.0105952 0.815743 0.529761
1719035 0.0105952 0.815743 0.529761
2993940 0.0105952 0.815743 0.529761
1610492 0.0105952 0.815743 0.529761
1179743 0.0105952 0.815743 0.529761
926562 0.0105952 0.815743 0.529761
1457030 0.0105952 0.815743 0.529761
1926625 0.0105952 0.815743 0.529761
2840863 0.0105952 0.815743 0.529761
1294296 0.0105952 0.815743 0.529761
2829795 0.0105952 0.815743 0.529761
1803916 0.0105952 0.815743 0.529761
1577780 0.0105952 0.815743 0.529761
911197 0.0105952 0.815743 0.529761
2173829 0.0105952 0.815743 0.529761
884107 0.0105952 0.815743 0.529761
101383 0.0105952 0.815743 0.529761
2692424 0.0105952 0.815743 0.529761
477690 0.0105952 0.815743 0.529761
2219161 0.0105952 0.815743 0.529761
574963 0.0105952 0.815743 0.529761
2766479 0.0105952 0.815743 0.529761
2597671 0.0105952 0.815743 0.529761
200475 0.0105952 0.815743 0.529761
2058658 0.0105952 0.815743 0.529761
1737063 0.0105952 0.815743 0.529761
684065 0.0105952 0.815743 0.529761
865938 0.0105952 0.815743 0.529761
1434701 0.0105952 0.815743 0.529761
343874 0.0105952 0.815743 0.529761
2735899 0.0105952 0.815743 0.529761
1585976 0.0105952 0.815743 0.529761
2961959 0.0105952 0.815743 0.529761
2758037 0.0105952 0.815743 0.529761
2681556 0.0105952 0.815743 0.529761
1338011 0.0105952 0.815743 0.529761
1434700 0.0105952 0.815743 0.529761
2745851 0.0105952 0.815743 0.529761
1628251 0.0105952 0.815743 0.529761
1586267 0.0105952 0.815743 0.529761
2509004 0.0105952 0.815743 0.529761
237258 0.0105952 0.815743 0.529761
517423 0.0105952 0.815743 0.529761
2497989 0.0105952 0.815743 0.529761
867902 0.0105952 0.815743 0.529761
493375 0.0105952 0.815743 0.529761
619805 0.0105952 0.815743 0.529761
631455 0.0105952 0.815743 0.529761
1450526 0.0105952 0.815743 0.529761
2989820 0.0105952 0.815743 0.529761
358687 0.0105952 0.815743 0.529761
1121284 0.0105952 0.815743 0.529761
421072 0.0105952 0.815743 0.529761
216903 0.0105952 0.815743 0.529761
1636086 0.0105952 0.815743 0.529761
1304281 0.0105952 0.815743 0.529761
160396 0.0105952 0.815743 0.529761
192389 0.0105952 0.815743 0.529761
551459 0.0105952 0.815743 0.529761
2058346 0.0105952 0.815743 0.529761
680127 0.0105952 0.815743 0.529761
415851 0.0105952 0.815743 0.529761
2675057 0.0105952 0.815743 0.529761
1265445 0.0105952 0.815743 0.529761
445960 0.0105952 0.815743 0.529761
1854762 0.0105952 0.815743 0.529761
2771435 0.0105952 0.815743 0.529761
2801334 0.0105952 0.815743 0.529761
1423959 0.0105952 0.815743 0.529761
1324352 0.0105952 0.815743 0.529761
2929799 0.0105952 0.815743 0.529761
373672 0.0105952 0.815743 0.529761
536441 0.0105952 0.815743 0.529761
1416776 0.0105952 0.815743 0.529761
333702 0.0105952 0.815743 0.529761
1414727 0.0105952 0.815743 0.529761
2987481 0.0105952 0.815743 0.529761
1807141 0.0105952 0.815743 0.529761
363331 0.0105952 0.815743 0.529761
395933 0.0105952 0.815743 0.529761
2754694 0.0105952 0.815743 0.529761
558152 0.0105952 0.815743 0.529761
253 0.0105952 0.815743 0.529761
216432 0.0105952 0.815743 0.529761
946077 0.0105952 0.815743 0.529761
1454006 0.0105952 0.815743 0.529761
2562285 0.0105952 0.815743 0.529761
1736674 0.0105952 0.815743 0.529761
393006 0.0105952 0.815743 0.529761
3079858 0.0105952 0.815743 0.529761
523696 0.0105952 0.815743 0.529761
1703343 0.0105952 0.815743 0.529761
392009 0.0105952 0.815743 0.529761
555500 0.0105952 0.815743 0.529761
1144750 0.0105952 0.815743 0.529761
227084 0.0105952 0.815743 0.529761
2487930 0.0105952 0.815743 0.529761
2094025 0.0105952 0.815743 0.529761
3076534 0.0105952 0.815743 0.529761
192904 0.0105952 0.815743 0.529761
291179 0.0105952 0.815743 0.529761
3075607 0.0105952 0.815743 0.529761
2583814 0.0105952 0.815743 0.529761
1502358 0.0105952 0.815743 0.529761
2419782 0.0105952 0.815743 0.529761
387659 0.0105952 0.815743 0.529761
1862138 0.0105952 0.815743 0.529761
1763537 0.0105952 0.815743 0.529761
649333 0.0105952 0.815743 0.529761
1173618 0.0105952 0.815743 0.529761
943941 0.0105952 0.815743 0.529761
288019 0.0105952 0.815743 0.529761
2744027 0.0105952 0.815743 0.529761
679257 0.0105952 0.815743 0.529761
2874477 0.0105952 0.815743 0.529761
1334022 0.0105952 0.815743 0.529761
1268269 0.0105952 0.815743 0.529761
578463 0.0105952 0.815743 0.529761
414288 0.0105952 0.815743 0.529761
2576776 0.0105952 0.815743 0.529761
1266046 0.0105952 0.815743 0.529761
1790137 0.0105952 0.815743 0.529761
1526573 0.0105952 0.815743 0.529761
1197477 0.0105952 0.815743 0.529761
2507538 0.0105952 0.815743 0.529761
343403 0.0105952 0.815743 0.529761
1883405 0.0105952 0.815743 0.529761
1227945 0.0105952 0.815743 0.529761
2798802 0.0105952 0.815743 0.529761
472055 0.0105952 0.815743 0.529761
930804 0.0105952 0.815743 0.529761
1323432 0.0105952 0.815743 0.529761
1224947 0.0105952 0.815743 0.529761
2993939 0.0105952 0.815743 0.529761
2567861 0.0105952 0.815743 0.529761
1912246 0.0105952 0.815743 0.529761
2926907 0.0105952 0.815743 0.529761
2697053 0.0105952 0.815743 0.529761
2008672 0.0105952 0.815743 0.529761
1812012 0.0105952 0.815743 0.529761
1123758 0.0105952 0.815743 0.529761
1909700 0.0105952 0.815743 0.529761
2696054 0.0105952 0.815743 0.529761
2202721 0.0105952 0.815743 0.529761
1481457 0.0105952 0.815743 0.529761
2857106 0.0105952 0.815743 0.529761
1445657 0.0105952 0.815743 0.529761
1052145 0.0105952 0.815743 0.529761
754435 0.0105952 0.815743 0.529761
3075591 0.0105952 0.815743 0.529761
3075593 0.0105952 0.815743 0.529761
2058175 0.0105952 0.815743 0.529761
2585771 0.0105952 0.815743 0.529761
679664 0.0105952 0.815743 0.529761
1761453 0.0105952 0.815743 0.529761
641691 0.0105952 0.815743 0.529761
3076079 0.0105952 0.815743 0.529761
221126 0.0105952 0.815743 0.529761
425498 0.0105952 0.815743 0.529761
870482 0.0105952 0.815743 0.529761
1850246 0.0105952 0.815743 0.529761
3075600 0.0105952 0.815743 0.529761
1719034 0.0105952 0.815743 0.529761
1434066 0.0105952 0.815743 0.529761
2126553 0.0105952 0.815743 0.529761
1229726 0.0105952 0.815743 0.529761
2583991 0.0105952 0.815743 0.529761
2058158 0.0105952 0.815743 0.529761
708091 0.0105952 0.815743 0.529761
1913577 0.0105952 0.815743 0.529761
504487 0.0105952 0.815743 0.529761
2942207 0.0105952 0.815743 0.529761
1028745 0.0105952 0.815743 0.529761
2683592 0.0105952 0.815743 0.529761
143224 0.0105952 0.815743 0.529761
248905 0.0105952 0.815743 0.529761
1627892 0.0105952 0.815743 0.529761
1300343 0.0105952 0.815743 0.529761
2479847 0.0105952 0.815743 0.529761
2041041 0.0105952 0.815743 0.529761
1647581 0.0105952 0.815743 0.529761
2965509 0.0105952 0.815743 0.529761
2761487 0.0105952 0.815743 0.529761
49280 0.0105952 0.815743 0.529761
2714865 0.0105952 0.815743 0.529761
1189619 0.0105952 0.815743 0.529761
908615 0.0105952 0.815743 0.529761
2873596 0.0105952 0.815743 0.529761
546024 0.0105952 0.815743 0.529761
1526575 0.0105952 0.815743 0.529761
1526574 0.0105952 0.815743 0.529761
470826 0.0105952 0.815743 0.529761
1155689 0.0105952 0.815743 0.529761
270921 0.0105952 0.815743 0.529761
865937 0.0105952 0.815743 0.529761
1073325 0.0105952 0.815743 0.529761
1335724 0.0105952 0.815743 0.529761
270918 0.0105952 0.815743 0.529761
3153519 0.0105952 0.815743 0.529761
2565367 0.0105952 0.815743 0.529761
3112164 0.0105952 0.815743 0.529761
2915619 0.0105952 0.815743 0.529761
2292706 0.0105952 0.815743 0.529761
1080225 0.0105952 0.815743 0.529761
516051 0.0105952 0.815743 0.529761
1005926 0.0105952 0.815743 0.529761
346185 0.0105952 0.815743 0.529761
570519 0.0105952 0.815743 0.529761
1383885 0.0105952 0.815743 0.529761
2530200 0.0105952 0.815743 0.529761
1435349 0.0105952 0.815743 0.529761
2883124 0.0105952 0.815743 0.529761
1382798 0.0105952 0.815743 0.529761
2496866 0.0105952 0.815743 0.529761
1454201 0.0105952 0.815743 0.529761
1218801 0.0105952 0.815743 0.529761
701523 0.0105952 0.815743 0.529761
3075596 0.0105952 0.815743 0.529761
1300341 0.0105952 0.815743 0.529761
1775166 0.0105952 0.815743 0.529761
1655491 0.0105952 0.815743 0.529761
398720 0.0105952 0.815743 0.529761
573501 0.0105952 0.815743 0.529761
2594004 0.0105952 0.815743 0.529761
225843 0.0105952 0.815743 0.529761
2069432 0.0105952 0.815743 0.529761
2614804 0.0105952 0.815743 0.529761
3056915 0.0105952 0.815743 0.529761
313596 0.0105952 0.815743 0.529761
400055 0.0105952 0.815743 0.529761
2954105 0.0105952 0.815743 0.529761
912802 0.0105952 0.815743 0.529761
1080224 0.0105952 0.815743 0.529761
2762758 0.0105952 0.815743 0.529761
2527939 0.0105952 0.815743 0.529761
1397112 0.0105952 0.815743 0.529761
3075604 0.0105952 0.815743 0.529761
2494560 0.0105952 0.815743 0.529761
228958 0.0105952 0.815743 0.529761
228959 0.0105952 0.815743 0.529761
228956 0.0105952 0.815743 0.529761
1178778 0.0105952 0.815743 0.529761
1206816 0.0105952 0.815743 0.529761
320912 0.0105952 0.815743 0.529761
2578118 0.0105952 0.815743 0.529761
1069117 0.0105952 0.815743 0.529761
1658664 0.0105952 0.815743 0.529761
1854708 0.0105952 0.815743 0.529761
2594478 0.0105952 0.815743 0.529761
561365 0.0105952 0.815743 0.529761
429344 0.0105952 0.815743 0.529761
321268 0.0105952 0.815743 0.529761
1109740 0.0105952 0.815743 0.529761
1622118 0.0105952 0.815743 0.529761
861111 0.0105952 0.815743 0.529761
762486 0.0105952 0.815743 0.529761
691689 0.0105952 0.815743 0.529761
593133 0.0105952 0.815743 0.529761
1084421 0.0105952 0.815743 0.529761
1150368 0.0105952 0.815743 0.529761
680283 0.0105952 0.815743 0.529761
390640 0.0105952 0.815743 0.529761
2722702 0.0105952 0.815743 0.529761
262005 0.0105952 0.815743 0.529761
262006 0.0105952 0.815743 0.529761
943939 0.0105952 0.815743 0.529761
1915063 0.0105952 0.815743 0.529761
1517766 0.0105952 0.815743 0.529761
2828330 0.0105952 0.815743 0.529761
1156618 0.0105952 0.815743 0.529761
533325 0.0105952 0.815743 0.529761
1089305 0.0105952 0.815743 0.529761
1220182 0.0105952 0.815743 0.529761
2819984 0.0105952 0.815743 0.529761
2721623 0.0105952 0.815743 0.529761
1929488 0.0105952 0.815743 0.529761
264023 0.0105952 0.815743 0.529761
3045158 0.0105952 0.815743 0.529761
1159016 0.0105952 0.815743 0.529761
2488728 0.0105952 0.815743 0.529761
395087 0.0105952 0.815743 0.529761
1849968 0.0105952 0.815743 0.529761
421621 0.0105952 0.815743 0.529761
1803846 0.0105952 0.815743 0.529761
1574308 0.0105952 0.815743 0.529761
319238 0.0105952 0.815743 0.529761
323412 0.0105952 0.815743 0.529761
1964542 0.0105952 0.815743 0.529761
584605 0.0105952 0.815743 0.529761
350814 0.0105952 0.815743 0.529761
1038014 0.0105952 0.815743 0.529761
1920033 0.0105952 0.815743 0.529761
870485 0.0105952 0.815743 0.529761
279356 0.0105952 0.815743 0.529761
2047982 0.0105952 0.815743 0.529761
570521 0.0105952 0.815743 0.529761
1317122 0.0105952 0.815743 0.529761
1578017 0.0105952 0.815743 0.529761
1642818 0.0105952 0.815743 0.529761
2589995 0.0105952 0.815743 0.529761
2489054 0.0105952 0.815743 0.529761
228955 0.0105952 0.815743 0.529761
616991 0.0105952 0.815743 0.529761
237373 0.0105952 0.815743 0.529761
558155 0.0105952 0.815743 0.529761
28189 0.0105952 0.815743 0.529761
860228 0.0105952 0.815743 0.529761
1004260 0.0105952 0.815743 0.529761
2708117 0.0105952 0.815743 0.529761
45242 0.0105952 0.815743 0.529761
1019 0.0105952 0.815743 0.529761
1017 0.0105952 0.815743 0.529761
1341154 0.0105952 0.815743 0.529761
1406840 0.0105952 0.815743 0.529761
3143118 0.0105952 0.815743 0.529761
1094466 0.0105952 0.815743 0.529761
1121886 0.0105952 0.815743 0.529761
1086011 0.0105952 0.815743 0.529761
2949086 0.0105952 0.815743 0.529761
229205 0.0105952 0.815743 0.529761
1176532 0.0105952 0.815743 0.529761
29536 0.0105952 0.815743 0.529761
946677 0.0105952 0.815743 0.529761
3075618 0.0105952 0.815743 0.529761
2026653 0.0105952 0.815743 0.529761
3139140 0.0105952 0.815743 0.529761
3139139 0.0105952 0.815743 0.529761
2547394 0.0105952 0.815743 0.529761
2023067 0.0105952 0.815743 0.529761
2743471 0.0105952 0.815743 0.529761
1202724 0.0105952 0.815743 0.529761
416016 0.0105952 0.815743 0.529761
415425 0.0105952 0.815743 0.529761
2872310 0.0105952 0.815743 0.529761
2249356 0.0105952 0.815743 0.529761
150146 0.0105952 0.815743 0.529761
2541734 0.0105952 0.815743 0.529761
739143 0.0105952 0.815743 0.529761
935223 0.0105952 0.815743 0.529761
3163298 0.0105952 0.815743 0.529761
1852020 0.0105952 0.815743 0.529761
1784713 0.0105952 0.815743 0.529761
1128970 0.0105952 0.815743 0.529761
1751095 0.0105952 0.815743 0.529761
2045105 0.0105952 0.815743 0.529761
2502784 0.0105952 0.815743 0.529761
2764718 0.0105952 0.815743 0.529761
2893885 0.0105952 0.815743 0.529761
1353778 0.0105952 0.815743 0.529761
2893755 0.0105952 0.815743 0.529761
1124188 0.0105952 0.815743 0.529761
2565924 0.0105952 0.815743 0.529761
665133 0.0105952 0.815743 0.529761
402734 0.0105952 0.815743 0.529761
271157 0.0105952 0.815743 0.529761
2793066 0.0105952 0.815743 0.529761
1678728 0.0105952 0.815743 0.529761
2169410 0.0105952 0.815743 0.529761
2169409 0.0105952 0.815743 0.529761
2201181 0.0105952 0.815743 0.529761
1774945 0.0105952 0.815743 0.529761
991 0.0105952 0.815743 0.529761
99286 0.0105952 0.815743 0.529761
459471 0.0105952 0.815743 0.529761
2654843 0.0105952 0.815743 0.529761
295428 0.0105952 0.815743 0.529761
915352 0.0105952 0.815743 0.529761
1349785 0.0105952 0.815743 0.529761
584609 0.0105952 0.815743 0.529761
3137860 0.0105952 0.815743 0.529761
3137857 0.0105952 0.815743 0.529761
3137852 0.0105952 0.815743 0.529761
413713 0.0105952 0.815743 0.529761
1458515 0.0105952 0.815743 0.529761
1850252 0.0105952 0.815743 0.529761
669041 0.0105952 0.815743 0.529761
361581 0.0105952 0.815743 0.529761
426481 0.0105952 0.815743 0.529761
283786 0.0105952 0.815743 0.529761
291189 0.0105952 0.815743 0.529761
1737064 0.0105952 0.815743 0.529761
703342 0.0105952 0.815743 0.529761
480520 0.0105952 0.815743 0.529761
256 0.0105952 0.815743 0.529761
688270 0.0105952 0.815743 0.529761
1328323 0.0105952 0.815743 0.529761
76595 0.0105952 0.815743 0.529761
1333662 0.0105952 0.815743 0.529761
1300348 0.0105952 0.815743 0.529761
53483 0.0105952 0.815743 0.529761
2738844 0.0105952 0.815743 0.529761
996801 0.0105952 0.815743 0.529761
2304626 0.0105952 0.815743 0.529761
1775173 0.0105952 0.815743 0.529761
1642819 0.0105952 0.815743 0.529761
2100726 0.0105952 0.815743 0.529761
985043 0.0105952 0.815743 0.529761
102 0.0105952 0.815743 0.529761
1628250 0.0105952 0.815743 0.529761
1793873 0.0105952 0.815743 0.529761
579105 0.0105952 0.815743 0.529761
213248 0.0105952 0.815743 0.529761
369791 0.0105952 0.815743 0.529761
861110 0.0105952 0.815743 0.529761
1703946 0.0105952 0.815743 0.529761
1307839 0.0105952 0.815743 0.529761
694427 0.0105952 0.815743 0.529761
1678841 0.0105952 0.815743 0.529761
1640674 0.0105952 0.815743 0.529761
2590900 0.0105952 0.815743 0.529761
2838479 0.0105952 0.815743 0.529761
742726 0.0105952 0.815743 0.529761
979970 0.0105952 0.815743 0.529761
2840730 0.0105952 0.815743 0.529761
1433126 0.0105952 0.815743 0.529761
2838766 0.0105952 0.815743 0.529761
742725 0.0105952 0.815743 0.529761
1211813 0.0105952 0.815743 0.529761
2585118 0.0105952 0.815743 0.529761
1562970 0.0105952 0.815743 0.529761
163665 0.0105952 0.815743 0.529761
45254 0.0105952 0.815743 0.529761
997873 0.0105952 0.815743 0.529761
679937 0.0105952 0.815743 0.529761
2838475 0.0105952 0.815743 0.529761
2840690 0.0105952 0.815743 0.529761
2840833 0.0105952 0.815743 0.529761
2840716 0.0105952 0.815743 0.529761
2840718 0.0105952 0.815743 0.529761
2762212 0.0105952 0.815743 0.529761
547042 0.0105952 0.815743 0.529761
2606626 0.0105952 0.815743 0.529761
2094151 0.0105952 0.815743 0.529761
2109911 0.0105952 0.815743 0.529761
2518971 0.0105952 0.815743 0.529761
2094150 0.0105952 0.815743 0.529761
2530391 0.0105952 0.815743 0.529761
2530390 0.0105952 0.815743 0.529761
1796646 0.0105952 0.815743 0.529761
1547597 0.0105952 0.815743 0.529761
1387297 0.0105952 0.815743 0.529761
1350067 0.0105952 0.815743 0.529761
28115 0.0105952 0.815743 0.529761
553175 0.0105952 0.815743 0.529761
28114 0.0105952 0.815743 0.529761
322095 0.0105952 0.815743 0.529761
3137470 0.0105952 0.815743 0.529761
111105 0.0105952 0.815743 0.529761
36874 0.0105952 0.815743 0.529761
2840839 0.0105952 0.815743 0.529761
511995 0.0105952 0.815743 0.529761
2840783 0.0105952 0.815743 0.529761
2840778 0.0105952 0.815743 0.529761
2840674 0.0105952 0.815743 0.529761
2540710 0.0105952 0.815743 0.529761
3083063 0.0105952 0.815743 0.529761
2840854 0.0105952 0.815743 0.529761
2840856 0.0105952 0.815743 0.529761
2840758 0.0105952 0.815743 0.529761
2840770 0.0105952 0.815743 0.529761
927665 0.0105952 0.815743 0.529761
1203610 0.0105952 0.815743 0.529761
2838723 0.0105952 0.815743 0.529761
2951805 0.0105952 0.815743 0.529761
1411148 0.0105952 0.815743 0.529761
1841864 0.0105952 0.815743 0.529761
1776379 0.0105952 0.815743 0.529761
2133944 0.0105952 0.815743 0.529761
2838725 0.0105952 0.815743 0.529761
762982 0.0105952 0.815743 0.529761
2736294 0.0105952 0.815743 0.529761
83231 0.0105952 0.815743 0.529761
2736290 0.0105952 0.815743 0.529761
2736289 0.0105952 0.815743 0.529761
1676614 0.0105952 0.815743 0.529761
1115809 0.0105952 0.815743 0.529761
999422 0.0105952 0.815743 0.529761
2053716 0.0105952 0.815743 0.529761
77095 0.0105952 0.815743 0.529761
165179 0.0105952 0.815743 0.529761
1127699 0.0105952 0.815743 0.529761
1401074 0.0105952 0.815743 0.529761
862515 0.0105952 0.815743 0.529761
1122985 0.0105952 0.815743 0.529761
1081904 0.0105952 0.815743 0.529761
425941 0.0105952 0.815743 0.529761
76123 0.0105952 0.815743 0.529761
1401068 0.0105952 0.815743 0.529761
1401075 0.0105952 0.815743 0.529761
888743 0.0105952 0.815743 0.529761
2913614 0.0105952 0.815743 0.529761
1602169 0.0105952 0.815743 0.529761
28128 0.0105952 0.815743 0.529761
3236793 0.0105952 0.815743 0.529761
2838738 0.0105952 0.815743 0.529761
2608404 0.0105952 0.815743 0.529761
2508867 0.0105952 0.815743 0.529761
2801997 0.0105952 0.815743 0.529761
81582 0.0105952 0.815743 0.529761
2490854 0.0105952 0.815743 0.529761
1336250 0.0105952 0.815743 0.529761
585502 0.0105952 0.815743 0.529761
688246 0.0105952 0.815743 0.529761
2606637 0.0105952 0.815743 0.529761
990 0.0105952 0.815743 0.529761
385682 0.0105952 0.815743 0.529761
2992111 0.0105952 0.815743 0.529761
2992112 0.0105952 0.815743 0.529761
2006564 0.0105952 0.815743 0.529761
1628157 0.0105952 0.815743 0.529761
1717717 0.0105952 0.815743 0.529761
2487017 0.0105952 0.815743 0.529761
1117708 0.0105952 0.815743 0.529761
2184082 0.0105952 0.815743 0.529761
1484053 0.0105952 0.815743 0.529761
2010828 0.0105952 0.815743 0.529761
1409788 0.0105952 0.815743 0.529761
1639118 0.0105952 0.815743 0.529761
1544798 0.0105952 0.815743 0.529761
1168034 0.0105952 0.815743 0.529761
1541063 0.0105952 0.815743 0.529761
314319 0.0105952 0.815743 0.529761
2083153 0.0105952 0.815743 0.529761
1867749 0.0105952 0.815743 0.529761
1817760 0.0105952 0.815743 0.529761
2602750 0.0105952 0.815743 0.529761
297 0.0105952 0.815743 0.529761
1559896 0.0105952 0.815743 0.529761
2675298 0.0105952 0.815743 0.529761
2715678 0.0105952 0.815743 0.529761
2732067 0.0105952 0.815743 0.529761
1971610 0.0105952 0.815743 0.529761
2778876 0.0105952 0.815743 0.529761
2975601 0.0105952 0.815743 0.529761
1223802 0.0105952 0.815743 0.529761
1565605 0.0105952 0.815743 0.529761
311182 0.0105952 0.815743 0.529761
1381557 0.0105952 0.815743 0.529761
2528202 0.0105952 0.815743 0.529761
1914471 0.0105952 0.815743 0.529761
2608985 0.0105952 0.815743 0.529761
714531 0.0105952 0.815743 0.529761
522306 0.0105952 0.815743 0.529761
327160 0.0105952 0.815743 0.529761
1454003 0.0105952 0.815743 0.529761
1454001 0.0105952 0.815743 0.529761
2954385 0.0105952 0.815743 0.529761
2016596 0.0105952 0.815743 0.529761
1121029 0.0105952 0.815743 0.529761
2565930 0.0105952 0.815743 0.529761
2067960 0.0105952 0.815743 0.529761
418699 0.0105952 0.815743 0.529761
29545 0.0105952 0.815743 0.529761
666964 0.0105952 0.815743 0.529761
96773 0.0105952 0.815743 0.529761
44139 0.0105952 0.815743 0.529761
1134435 0.0105952 0.815743 0.529761
82788 0.0105952 0.815743 0.529761
2767595 0.0105952 0.815743 0.529761
2795389 0.0105952 0.815743 0.529761
1629404 0.0105952 0.815743 0.529761
2731212 0.0105952 0.815743 0.529761
2024550 0.0105952 0.815743 0.529761
1615952 0.0105952 0.815743 0.529761
3114758 0.0105952 0.815743 0.529761
1552750 0.0105952 0.815743 0.529761
310767 0.0105952 0.815743 0.529761
2728840 0.0105952 0.815743 0.529761
350 0.0105952 0.815743 0.529761
146940 0.0105952 0.815743 0.529761
418702 0.0105952 0.815743 0.529761
281362 0.0105952 0.815743 0.529761
159087 0.0105952 0.815743 0.529761
1101404 0.0105952 0.815743 0.529761
1735038 0.0105952 0.815743 0.529761
857335 0.0105952 0.815743 0.529761
3149053 0.0105952 0.815743 0.529761
1066 0.0105952 0.815743 0.529761
83767 0.0105952 0.815743 0.529761
1860101 0.0105952 0.815743 0.529761
1193620 0.0105952 0.815743 0.529761
2811415 0.0105952 0.815743 0.529761
90060 0.0105952 0.815743 0.529761
92002 0.0105952 0.815743 0.529761
75796 0.0105952 0.815743 0.529761
200254 0.0105952 0.815743 0.529761
34027 0.0105952 0.815743 0.529761
2785627 0.0105952 0.815743 0.529761
404405 0.0105952 0.815743 0.529761
2565572 0.0105952 0.815743 0.529761
1965230 0.0105952 0.815743 0.529761
1121388 0.0105952 0.815743 0.529761
1401065 0.0105952 0.815743 0.529761
324606 0.0105952 0.815743 0.529761
2026239 0.0105952 0.815743 0.529761
645616 0.0105952 0.815743 0.529761
1888893 0.0105952 0.815743 0.529761
380911 0.0105952 0.815743 0.529761
2707330 0.0105952 0.815743 0.529761
3064283 0.0105952 0.815743 0.529761
1917182 0.0105952 0.815743 0.529761
2175229 0.0105952 0.815743 0.529761
206506 0.0105952 0.815743 0.529761
627131 0.0105952 0.815743 0.529761
659016 0.0105952 0.815743 0.529761
2755040 0.0105952 0.815743 0.529761
1247510 0.0105952 0.815743 0.529761
683354 0.0105952 0.815743 0.529761
683355 0.0105952 0.815743 0.529761
1157987 0.0105952 0.815743 0.529761
643674 0.0105952 0.815743 0.529761
2697024 0.0105952 0.815743 0.529761
305977 0.0105952 0.815743 0.529761
1007095 0.0105952 0.815743 0.529761
516702 0.0105952 0.815743 0.529761
2478468 0.0105952 0.815743 0.529761
151784 0.0105952 0.815743 0.529761
1940612 0.0105952 0.815743 0.529761
1631957 0.0105952 0.815743 0.529761
2652177 0.0105952 0.815743 0.529761
1414851 0.0105952 0.815743 0.529761
762376 0.0105952 0.815743 0.529761
477184 0.0105952 0.815743 0.529761
32002 0.0105952 0.815743 0.529761
217204 0.0105952 0.815743 0.529761
217203 0.0105952 0.815743 0.529761
1750518 0.0105952 0.815743 0.529761
1389935 0.0105952 0.815743 0.529761
470868 0.0105952 0.815743 0.529761
1353890 0.0105952 0.815743 0.529761
1353889 0.0105952 0.815743 0.529761
2069367 0.0105952 0.815743 0.529761
546114 0.0105952 0.815743 0.529761
1144617 0.0105952 0.815743 0.529761
659013 0.0105952 0.815743 0.529761
797535 0.0105952 0.815743 0.529761
1247726 0.0105952 0.815743 0.529761
267800 0.0105952 0.815743 0.529761
2045210 0.0105952 0.815743 0.529761
2028345 0.0105952 0.815743 0.529761
658167 0.0105952 0.815743 0.529761
657015 0.0105952 0.815743 0.529761
323284 0.0105952 0.815743 0.529761
1929088 0.0105952 0.815743 0.529761
511 0.0105952 0.815743 0.529761
1331262 0.0105952 0.815743 0.529761
257311 0.0105952 0.815743 0.529761
1331206 0.0105952 0.815743 0.529761
340100 0.0105952 0.815743 0.529761
360910 0.0105952 0.815743 0.529761
288768 0.0105952 0.815743 0.529761
123899 0.0105952 0.815743 0.529761
1331258 0.0105952 0.815743 0.529761
1395608 0.0105952 0.815743 0.529761
1395607 0.0105952 0.815743 0.529761
1983456 0.0105952 0.815743 0.529761
568707 0.0105952 0.815743 0.529761
257310 0.0105952 0.815743 0.529761
1416805 0.0105952 0.815743 0.529761
1416804 0.0105952 0.815743 0.529761
1416803 0.0105952 0.815743 0.529761
463044 0.0105952 0.815743 0.529761
463040 0.0105952 0.815743 0.529761
463025 0.0105952 0.815743 0.529761
463014 0.0105952 0.815743 0.529761
1851544 0.0105952 0.815743 0.529761
2782176 0.0105952 0.815743 0.529761
2163011 0.0105952 0.815743 0.529761
457575 0.0105952 0.815743 0.529761
360241 0.0105952 0.815743 0.529761
1793872 0.0105952 0.815743 0.529761
2697032 0.0105952 0.815743 0.529761
54067 0.0105952 0.815743 0.529761
2528630 0.0105952 0.815743 0.529761
1296669 0.0105952 0.815743 0.529761
70586 0.0105952 0.815743 0.529761
2493092 0.0105952 0.815743 0.529761
247482 0.0105952 0.815743 0.529761
1101373 0.0105952 0.815743 0.529761
114249 0.0105952 0.815743 0.529761
307486 0.0105952 0.815743 0.529761
2267262 0.0105952 0.815743 0.529761
2588942 0.0105952 0.815743 0.529761
364030 0.0105952 0.815743 0.529761
339866 0.0105952 0.815743 0.529761
426114 0.0105952 0.815743 0.529761
1121117 0.0105952 0.815743 0.529761
1458275 0.0105952 0.815743 0.529761
596154 0.0105952 0.815743 0.529761
2029117 0.0105952 0.815743 0.529761
1076744 0.0105952 0.815743 0.529761
1527607 0.0105952 0.815743 0.529761
2116657 0.0105952 0.815743 0.529761
1165852 0.0105952 0.815743 0.529761
1917811 0.0105952 0.815743 0.529761
180197 0.0105952 0.815743 0.529761
1031594 0.0105952 0.815743 0.529761
1550736 0.0105952 0.815743 0.529761
433924 0.0105952 0.815743 0.529761
1283306 0.0105952 0.815743 0.529761
263067 0.0105952 0.815743 0.529761
1110392 0.0105952 0.815743 0.529761
391735 0.0105952 0.815743 0.529761
545864 0.0105952 0.815743 0.529761
747304 0.0105952 0.815743 0.529761
343013 0.0105952 0.815743 0.529761
1926868 0.0105952 0.815743 0.529761
3045173 0.0105952 0.815743 0.529761
1293045 0.0105952 0.815743 0.529761
323423 0.0105952 0.815743 0.529761
2109915 0.0105952 0.815743 0.529761
2315688 0.0105952 0.815743 0.529761
1207057 0.0105952 0.815743 0.529761
2816950 0.0105952 0.815743 0.529761
3040346 0.0105952 0.815743 0.529761
219182 0.0105952 0.815743 0.529761
2675430 0.0105952 0.815743 0.529761
511108 0.0105952 0.815743 0.529761
2109914 0.0105952 0.815743 0.529761
3026422 0.0105952 0.815743 0.529761
667019 0.0105952 0.815743 0.529761
3026419 0.0105952 0.815743 0.529761
1715720 0.0105952 0.815743 0.529761
535289 0.0105952 0.815743 0.529761
1288495 0.0105952 0.815743 0.529761
2596921 0.0105952 0.815743 0.529761
1121255 0.0105952 0.815743 0.529761
2793270 0.0105952 0.815743 0.529761
696074 0.0105952 0.815743 0.529761
1330072 0.0105952 0.815743 0.529761
1122156 0.0105952 0.815743 0.529761
2562762 0.0105952 0.815743 0.529761
1610491 0.0105952 0.815743 0.529761
397945 0.0105952 0.815743 0.529761
643561 0.0105952 0.815743 0.529761
1177982 0.0105952 0.815743 0.529761
187868 0.0105952 0.815743 0.529761
80868 0.0105952 0.815743 0.529761
78229 0.0105952 0.815743 0.529761
2682844 0.0105952 0.815743 0.529761
365046 0.0105952 0.815743 0.529761
2780094 0.0105952 0.815743 0.529761
2780087 0.0105952 0.815743 0.529761
2606681 0.0105952 0.815743 0.529761
2801330 0.0105952 0.815743 0.529761
2079448 0.0105952 0.815743 0.529761
2732512 0.0105952 0.815743 0.529761
1781167 0.0105952 0.815743 0.529761
2764187 0.0105952 0.815743 0.529761
502333 0.0105952 0.815743 0.529761
2795217 0.0105952 0.815743 0.529761
2728837 0.0105952 0.815743 0.529761
204072 0.0105952 0.815743 0.529761
457502 0.0105952 0.815743 0.529761
365044 0.0105952 0.815743 0.529761
1614635 0.0105952 0.815743 0.529761
335476 0.0105952 0.815743 0.529761
332657 0.0105952 0.815743 0.529761
37448 0.0105952 0.815743 0.529761
338969 0.0105952 0.815743 0.529761
1111071 0.0105952 0.815743 0.529761
28066 0.0105952 0.815743 0.529761
2184758 0.0105952 0.815743 0.529761
3068338 0.0105952 0.815743 0.529761
2509614 0.0105952 0.815743 0.529761
2798804 0.0105952 0.815743 0.529761
1484693 0.0105952 0.815743 0.529761
1842727 0.0105952 0.815743 0.529761
2527691 0.0105952 0.815743 0.529761
1924988 0.0105952 0.815743 0.529761
2976702 0.0105952 0.815743 0.529761
80878 0.0105952 0.815743 0.529761
12917 0.0105952 0.815743 0.529761
2004485 0.0105952 0.815743 0.529761
592050 0.0105952 0.815743 0.529761
1457173 0.0105952 0.815743 0.529761
1392005 0.0105952 0.815743 0.529761
2949090 0.0105952 0.815743 0.529761
3046670 0.0105952 0.815743 0.529761
32013 0.0105952 0.815743 0.529761
160825 0.0105952 0.815743 0.529761
225992 0.0105952 0.815743 0.529761
2743470 0.0105952 0.815743 0.529761
1562974 0.0105952 0.815743 0.529761
379895 0.0105952 0.815743 0.529761
117506 0.0105952 0.815743 0.529761
510515 0.0105952 0.815743 0.529761
673548 0.0105952 0.815743 0.529761
1194168 0.0105952 0.815743 0.529761
1387849 0.0105952 0.815743 0.529761
108437 0.0105952 0.815743 0.529761
2762231 0.0105952 0.815743 0.529761
2597701 0.0105952 0.815743 0.529761
1082851 0.0105952 0.815743 0.529761
558537 0.0105952 0.815743 0.529761
398578 0.0105952 0.815743 0.529761
913761 0.0105952 0.815743 0.529761
595537 0.0105952 0.815743 0.529761
344883 0.0105952 0.815743 0.529761
376815 0.0105952 0.815743 0.529761
436515 0.0105952 0.815743 0.529761
1679495 0.0105952 0.815743 0.529761
2923278 0.0105952 0.815743 0.529761
1775474 0.0105952 0.815743 0.529761
363844 0.0105952 0.815743 0.529761
1836200 0.0105952 0.815743 0.529761
1836198 0.0105952 0.815743 0.529761
1769758 0.0105952 0.815743 0.529761
2716225 0.0105952 0.815743 0.529761
1281780 0.0105952 0.815743 0.529761
1763535 0.0105952 0.815743 0.529761
2610898 0.0105952 0.815743 0.529761
249410 0.0105952 0.815743 0.529761
249409 0.0105952 0.815743 0.529761
1230953 0.0105952 0.815743 0.529761
47421 0.0105952 0.815743 0.529761
439611 0.0105952 0.815743 0.529761
1805971 0.0105952 0.815743 0.529761
65786 0.0105952 0.815743 0.529761
65655 0.0105952 0.815743 0.529761
2498847 0.0105952 0.815743 0.529761
1527608 0.0105952 0.815743 0.529761
1384487 0.0105952 0.815743 0.529761
2268024 0.0105952 0.815743 0.529761
1770053 0.0105952 0.815743 0.529761
2490857 0.0105952 0.815743 0.529761
28092 0.0105952 0.815743 0.529761
2981849 0.0105952 0.815743 0.529761
417203 0.0105952 0.815743 0.529761
882378 0.0105952 0.815743 0.529761
1792498 0.0105952 0.815743 0.529761
621374 0.0105952 0.815743 0.529761
481366 0.0105952 0.815743 0.529761
2939690 0.0105952 0.815743 0.529761
2732163 0.0105952 0.815743 0.529761
1778671 0.0105952 0.815743 0.529761
28094 0.0105952 0.815743 0.529761
2291023 0.0105952 0.815743 0.529761
2419777 0.0105952 0.815743 0.529761
380675 0.0105952 0.815743 0.529761
2571746 0.0105952 0.815743 0.529761
2571161 0.0105952 0.815743 0.529761
863227 0.0105952 0.815743 0.529761
564714 0.0105952 0.815743 0.529761
3058602 0.0105952 0.815743 0.529761
342110 0.0105952 0.815743 0.529761
1031711 0.0105952 0.815743 0.529761
859656 0.0105952 0.815743 0.529761
564066 0.0105952 0.815743 0.529761
3058599 0.0105952 0.815743 0.529761
105219 0.0105952 0.815743 0.529761
2953896 0.0105952 0.815743 0.529761
2953895 0.0105952 0.815743 0.529761
196367 0.0105952 0.815743 0.529761
908627 0.0105952 0.815743 0.529761
60547 0.0105952 0.815743 0.529761
1071679 0.0105952 0.815743 0.529761
1232866 0.0105952 0.815743 0.529761
1777144 0.0105952 0.815743 0.529761
1777142 0.0105952 0.815743 0.529761
1777141 0.0105952 0.815743 0.529761
1777140 0.0105952 0.815743 0.529761
1777139 0.0105952 0.815743 0.529761
1777137 0.0105952 0.815743 0.529761
1777135 0.0105952 0.815743 0.529761
758793 0.0105952 0.815743 0.529761
1544861 0.0105952 0.815743 0.529761
1127483 0.0105952 0.815743 0.529761
936133 0.0105952 0.815743 0.529761
264198 0.0105952 0.815743 0.529761
195930 0.0105952 0.815743 0.529761
96344 0.0105952 0.815743 0.529761
942865 0.0105952 0.815743 0.529761
1040979 0.0105952 0.815743 0.529761
381666 0.0105952 0.815743 0.529761
1042878 0.0105952 0.815743 0.529761
1462994 0.0105952 0.815743 0.529761
2608999 0.0105952 0.815743 0.529761
82633 0.0105952 0.815743 0.529761
367825 0.0105952 0.815743 0.529761
93222 0.0105952 0.815743 0.529761
1537710 0.0105952 0.815743 0.529761
93220 0.0105952 0.815743 0.529761
93218 0.0105952 0.815743 0.529761
1891094 0.0105952 0.815743 0.529761
445709 0.0105952 0.815743 0.529761
2508297 0.0105952 0.815743 0.529761
2508295 0.0105952 0.815743 0.529761
2508292 0.0105952 0.815743 0.529761
2508291 0.0105952 0.815743 0.529761
2508290 0.0105952 0.815743 0.529761
2508288 0.0105952 0.815743 0.529761
573737 0.0105952 0.815743 0.529761
656178 0.0105952 0.815743 0.529761
342113 0.0105952 0.815743 0.529761
320371 0.0105952 0.815743 0.529761
357348 0.0105952 0.815743 0.529761
243160 0.0105952 0.815743 0.529761
412022 0.0105952 0.815743 0.529761
640512 0.0105952 0.815743 0.529761
242163 0.0105952 0.815743 0.529761
41899 0.0105952 0.815743 0.529761
1090375 0.0105952 0.815743 0.529761
331271 0.0105952 0.815743 0.529761
1009846 0.0105952 0.815743 0.529761
1506587 0.0105952 0.815743 0.529761
95485 0.0105952 0.815743 0.529761
1503054 0.0105952 0.815743 0.529761
1207504 0.0105952 0.815743 0.529761
60550 0.0105952 0.815743 0.529761
482957 0.0105952 0.815743 0.529761
2015348 0.0105952 0.815743 0.529761
396597 0.0105952 0.815743 0.529761
339670 0.0105952 0.815743 0.529761
395019 0.0105952 0.815743 0.529761
513052 0.0105952 0.815743 0.529761
337 0.0105952 0.815743 0.529761
1323664 0.0105952 0.815743 0.529761
391038 0.0105952 0.815743 0.529761
1055526 0.0105952 0.815743 0.529761
1211383 0.0105952 0.815743 0.529761
1701573 0.0105952 0.815743 0.529761
2782701 0.0105952 0.815743 0.529761
2913261 0.0105952 0.815743 0.529761
487049 0.0105952 0.815743 0.529761
60549 0.0105952 0.815743 0.529761
420953 0.0105952 0.815743 0.529761
420952 0.0105952 0.815743 0.529761
92647 0.0105952 0.815743 0.529761
157910 0.0105952 0.815743 0.529761
2057004 0.0105952 0.815743 0.529761
2777537 0.0105952 0.815743 0.529761
1761016 0.0105952 0.815743 0.529761
2547399 0.0105952 0.815743 0.529761
580937 0.0105952 0.815743 0.529761
416943 0.0105952 0.815743 0.529761
1399968 0.0105952 0.815743 0.529761
2546446 0.0105952 0.815743 0.529761
480658 0.0105952 0.815743 0.529761
1462993 0.0105952 0.815743 0.529761
1723730 0.0105952 0.815743 0.529761
311230 0.0105952 0.815743 0.529761
2571748 0.0105952 0.815743 0.529761
2604047 0.0105952 0.815743 0.529761
1324617 0.0105952 0.815743 0.529761
1912599 0.0105952 0.815743 0.529761
765414 0.0105952 0.815743 0.529761
2305225 0.0105952 0.815743 0.529761
273251 0.0105952 0.815743 0.529761
2861782 0.0105952 0.815743 0.529761
2599607 0.0105952 0.815743 0.529761
1189126 0.0105952 0.815743 0.529761
2728848 0.0105952 0.815743 0.529761
2728839 0.0105952 0.815743 0.529761
1515439 0.0105952 0.815743 0.529761
2793076 0.0105952 0.815743 0.529761
694025 0.0105952 0.815743 0.529761
2528715 0.0105952 0.815743 0.529761
2823469 0.0105952 0.815743 0.529761
398527 0.0105952 0.815743 0.529761
1417228 0.0105952 0.815743 0.529761
627669 0.0105952 0.815743 0.529761
1544867 0.0105952 0.815743 0.529761
134537 0.0105952 0.815743 0.529761
134536 0.0105952 0.815743 0.529761
624376 0.0105952 0.815743 0.529761
984307 0.0105952 0.815743 0.529761
2654982 0.0105952 0.815743 0.529761
1081782 0.0105952 0.815743 0.529761
1245441 0.0105952 0.815743 0.529761
1245417 0.0105952 0.815743 0.529761
3014751 0.0105952 0.815743 0.529761
392597 0.0105952 0.815743 0.529761
420662 0.0105952 0.815743 0.529761
2897159 0.0105952 0.815743 0.529761
1547922 0.0105952 0.815743 0.529761
413882 0.0105952 0.815743 0.529761
2944811 0.0105952 0.815743 0.529761
215580 0.0105952 0.815743 0.529761
376175 0.0105952 0.815743 0.529761
1452508 0.0105952 0.815743 0.529761
2795030 0.0105952 0.815743 0.529761
392593 0.0105952 0.815743 0.529761
2795029 0.0105952 0.815743 0.529761
2499851 0.0105952 0.815743 0.529761
2728836 0.0105952 0.815743 0.529761
45677 0.0105952 0.815743 0.529761
2759899 0.0105952 0.815743 0.529761
2801332 0.0105952 0.815743 0.529761
3119538 0.0105952 0.815743 0.529761
391953 0.0105952 0.815743 0.529761
2742824 0.0105952 0.815743 0.529761
946333 0.0105952 0.815743 0.529761
2496871 0.0105952 0.815743 0.529761
2937441 0.0105952 0.815743 0.529761
513160 0.0105952 0.815743 0.529761
1233411 0.0105952 0.815743 0.529761
2707176 0.0105952 0.815743 0.529761
2824119 0.0105952 0.815743 0.529761
2824118 0.0105952 0.815743 0.529761
36863 0.0105952 0.815743 0.529761
2984193 0.0105952 0.815743 0.529761
2732868 0.0105952 0.815743 0.529761
2315236 0.0105952 0.815743 0.529761
2984194 0.0105952 0.815743 0.529761
2984192 0.0105952 0.815743 0.529761
1862385 0.0105952 0.815743 0.529761
983917 0.0105952 0.815743 0.529761
316997 0.0105952 0.815743 0.529761
2499835 0.0105952 0.815743 0.529761
3145238 0.0105952 0.815743 0.529761
1769250 0.0105952 0.815743 0.529761
3077235 0.0105952 0.815743 0.529761
2978473 0.0105952 0.815743 0.529761
582607 0.0105952 0.815743 0.529761
2906763 0.0105952 0.815743 0.529761
2906762 0.0105952 0.815743 0.529761
3299028 0.0105952 0.815743 0.529761
3299026 0.0105952 0.815743 0.529761
3299025 0.0105952 0.815743 0.529761
3098619 0.0105952 0.815743 0.529761
76731 0.0105952 0.815743 0.529761
3058042 0.0105952 0.815743 0.529761
270368 0.0105952 0.815743 0.529761
2070761 0.0105952 0.815743 0.529761
3053353 0.0105952 0.815743 0.529761
2987526 0.0105952 0.815743 0.529761
2987525 0.0105952 0.815743 0.529761
431061 0.0105952 0.815743 0.529761
431059 0.0105952 0.815743 0.529761
431058 0.0105952 0.815743 0.529761
3019553 0.0105952 0.815743 0.529761
3149041 0.0105952 0.815743 0.529761
2917965 0.0105952 0.815743 0.529761
304 0.0105952 0.815743 0.529761
89 0.0105952 0.815743 0.529761
395495 0.0105952 0.815743 0.529761
522889 0.0105952 0.815743 0.529761
1286631 0.0105952 0.815743 0.529761
2914710 0.0105952 0.815743 0.529761
744406 0.0105952 0.815743 0.529761
639200 0.0105952 0.815743 0.529761
2735897 0.0105952 0.815743 0.529761
47994 0.0105952 0.815743 0.529761
3064264 0.0105952 0.815743 0.529761
1762892 0.0105952 0.815743 0.529761
1224302 0.0105952 0.815743 0.529761
1549640 0.0105952 0.815743 0.529761
401470 0.0105952 0.815743 0.529761
1051899 0.0105952 0.815743 0.529761
2099400 0.0105952 0.815743 0.529761
279113 0.0105952 0.815743 0.529761
1005048 0.0105952 0.815743 0.529761
279058 0.0105952 0.815743 0.529761
179467 0.0105952 0.815743 0.529761
573741 0.0105952 0.815743 0.529761
2946593 0.0105952 0.815743 0.529761
556268 0.0105952 0.815743 0.529761
933080 0.0105952 0.815743 0.529761
3074428 0.0105952 0.815743 0.529761
3075126 0.0105952 0.815743 0.529761
1262470 0.0105952 0.815743 0.529761
213312 0.0105952 0.815743 0.529761
2014887 0.0105952 0.815743 0.529761
568783 0.0105952 0.815743 0.529761
1747903 0.0105952 0.815743 0.529761
29581 0.0105952 0.815743 0.529761
368607 0.0105952 0.815743 0.529761
2987524 0.0105952 0.815743 0.529761
2495591 0.0105952 0.815743 0.529761
401471 0.0105952 0.815743 0.529761
2590999 0.0105952 0.815743 0.529761
728004 0.0105952 0.815743 0.529761
2828731 0.0105952 0.815743 0.529761
3073561 0.0105952 0.815743 0.529761
2828728 0.0105952 0.815743 0.529761
1812100 0.0105952 0.815743 0.529761
2762297 0.0105952 0.815743 0.529761
1119058 0.0105952 0.815743 0.529761
1344950 0.0105952 0.815743 0.529761
1131567 0.0105952 0.815743 0.529761
1537398 0.0105952 0.815743 0.529761
666702 0.0105952 0.815743 0.529761
2828733 0.0105952 0.815743 0.529761
2762295 0.0105952 0.815743 0.529761
2762291 0.0105952 0.815743 0.529761
1344949 0.0105952 0.815743 0.529761
321983 0.0105952 0.815743 0.529761
321984 0.0105952 0.815743 0.529761
1462440 0.0105952 0.815743 0.529761
1035707 0.0105952 0.815743 0.529761
864828 0.0105952 0.815743 0.529761
2666085 0.0105952 0.815743 0.529761
1715466 0.0105952 0.815743 0.529761
2072590 0.0105952 0.815743 0.529761
2692179 0.0105952 0.815743 0.529761
2561931 0.0105952 0.815743 0.529761
551988 0.0105952 0.815743 0.529761
2849652 0.0105952 0.815743 0.529761
551987 0.0105952 0.815743 0.529761
2666084 0.0105952 0.815743 0.529761
2666081 0.0105952 0.815743 0.529761
75659 0.0105952 0.815743 0.529761
762836 0.0105952 0.815743 0.529761
2692177 0.0105952 0.815743 0.529761
2692169 0.0105952 0.815743 0.529761
2758570 0.0105952 0.815743 0.529761
2743357 0.0105952 0.815743 0.529761
2758568 0.0105952 0.815743 0.529761
758825 0.0105952 0.815743 0.529761
457921 0.0105952 0.815743 0.529761
457923 0.0105952 0.815743 0.529761
1603353 0.0105952 0.815743 0.529761
3044279 0.0105952 0.815743 0.529761
453817 0.0105952 0.815743 0.529761
2320864 0.0105952 0.815743 0.529761
648894 0.0105952 0.815743 0.529761
1164594 0.0105952 0.815743 0.529761
2769491 0.0105952 0.815743 0.529761
1524097 0.0105952 0.815743 0.529761
2603288 0.0105952 0.815743 0.529761
373040 0.0105952 0.815743 0.529761
1485217 0.0105952 0.815743 0.529761
1811225 0.0105952 0.815743 0.529761
1811224 0.0105952 0.815743 0.529761
2892444 0.0105952 0.815743 0.529761
2728020 0.0105952 0.815743 0.529761
1776165 0.0105952 0.815743 0.529761
1772194 0.0105952 0.815743 0.529761
34071 0.0105952 0.815743 0.529761
2717319 0.0105952 0.815743 0.529761
2320865 0.0105952 0.815743 0.529761
2849687 0.0105952 0.815743 0.529761
2320863 0.0105952 0.815743 0.529761
2709383 0.0105952 0.815743 0.529761
709839 0.0105952 0.815743 0.529761
1688639 0.0105952 0.815743 0.529761
2801341 0.0105952 0.815743 0.529761
1224511 0.0105952 0.815743 0.529761
1968433 0.0105952 0.815743 0.529761
3080276 0.0105952 0.815743 0.529761
1054498 0.0105952 0.815743 0.529761
57480 0.0105952 0.815743 0.529761
2884804 0.0105952 0.815743 0.529761
2725557 0.0105952 0.815743 0.529761
83765 0.0105952 0.815743 0.529761
1121001 0.0105952 0.815743 0.529761
3031301 0.0105952 0.815743 0.529761
300266 0.0105952 0.815743 0.529761
857265 0.0105952 0.815743 0.529761
613195 0.0105952 0.815743 0.529761
1041641 0.0105952 0.815743 0.529761
2571148 0.0105952 0.815743 0.529761
553088 0.0105952 0.815743 0.529761
1963018 0.0105952 0.815743 0.529761
1121279 0.0105952 0.815743 0.529761
1434937 0.0105952 0.815743 0.529761
2594795 0.0105952 0.815743 0.529761
537 0.0105952 0.815743 0.529761
590593 0.0105952 0.815743 0.529761
375574 0.0105952 0.815743 0.529761
1123014 0.0105952 0.815743 0.529761
2675226 0.0105952 0.815743 0.529761
1144873 0.0105952 0.815743 0.529761
1225769 0.0105952 0.815743 0.529761
332411 0.0105952 0.815743 0.529761
3044273 0.0105952 0.815743 0.529761
1108595 0.0105952 0.815743 0.529761
3044269 0.0105952 0.815743 0.529761
251747 0.0105952 0.815743 0.529761
1778675 0.0105952 0.815743 0.529761
2073169 0.0105952 0.815743 0.529761
2202141 0.0105952 0.815743 0.529761
394935 0.0105952 0.815743 0.529761
1655232 0.0105952 0.815743 0.529761
1069161 0.0105952 0.815743 0.529761
3160864 0.0105952 0.815743 0.529761
1193621 0.0105952 0.815743 0.529761
45465 0.0105952 0.815743 0.529761
2984206 0.0105952 0.815743 0.529761
2984199 0.0105952 0.815743 0.529761
1507449 0.0105952 0.815743 0.529761
2809020 0.0105952 0.815743 0.529761
2686017 0.0105952 0.815743 0.529761
2067065 0.0105952 0.815743 0.529761
494 0.0105952 0.815743 0.529761
2766967 0.0105952 0.815743 0.529761
546274 0.0105952 0.815743 0.529761
2946699 0.0105952 0.815743 0.529761
1385367 0.0105952 0.815743 0.529761
1452487 0.0105952 0.815743 0.529761
2290923 0.0105952 0.815743 0.529761
3056844 0.0105952 0.815743 0.529761
2563443 0.0105952 0.815743 0.529761
211502 0.0105952 0.815743 0.529761
1121352 0.0105952 0.815743 0.529761
153491 0.0105952 0.815743 0.529761
1120981 0.0105952 0.815743 0.529761
2779506 0.0105952 0.815743 0.529761
888741 0.0105952 0.815743 0.529761
1522312 0.0105952 0.815743 0.529761
547045 0.0105952 0.815743 0.529761
521006 0.0105952 0.815743 0.529761
1032488 0.0105952 0.815743 0.529761
1030841 0.0105952 0.815743 0.529761
662598 0.0105952 0.815743 0.529761
888742 0.0105952 0.815743 0.529761
194197 0.0105952 0.815743 0.529761
2912188 0.0105952 0.815743 0.529761
1470200 0.0105952 0.815743 0.529761
492 0.0105952 0.815743 0.529761
63 0.0105952 0.815743 0.529761
1689272 0.0105952 0.815743 0.529761
61 0.0105952 0.815743 0.529761
585455 0.0105952 0.815743 0.529761
3110268 0.0105952 0.815743 0.529761
1548547 0.0105952 0.815743 0.529761
1561924 0.0105952 0.815743 0.529761
914150 0.0105952 0.815743 0.529761
1329800 0.0105952 0.815743 0.529761
644221 0.0105952 0.815743 0.529761
1304275 0.0105952 0.815743 0.529761
856730 0.0105952 0.815743 0.529761
1304272 0.0105952 0.815743 0.529761
2094031 0.0105952 0.815743 0.529761
658187 0.0105952 0.815743 0.529761
1122169 0.0105952 0.815743 0.529761
297245 0.0105952 0.815743 0.529761
96232 0.0105952 0.815743 0.529761
28085 0.0105952 0.815743 0.529761
1498499 0.0105952 0.815743 0.529761
1034943 0.0105952 0.815743 0.529761
45074 0.0105952 0.815743 0.529761
39962 0.0105952 0.815743 0.529761
454 0.0105952 0.815743 0.529761
451 0.0105952 0.815743 0.529761
447 0.0105952 0.815743 0.529761
2695856 0.0105952 0.815743 0.529761
2805490 0.0105952 0.815743 0.529761
1842136 0.0105952 0.815743 0.529761
465721 0.0105952 0.815743 0.529761
732238 0.0105952 0.815743 0.529761
1196095 0.0105952 0.815743 0.529761
1798183 0.0105952 0.815743 0.529761
1970738 0.0105952 0.815743 0.529761
2741544 0.0105952 0.815743 0.529761
1620215 0.0105952 0.815743 0.529761
163359 0.0105952 0.815743 0.529761
1675686 0.0105952 0.815743 0.529761
1076937 0.0105952 0.815743 0.529761
2029166 0.0105952 0.815743 0.529761
381431 0.0105952 0.815743 0.529761
2689987 0.0105952 0.815743 0.529761
985250 0.0105952 0.815743 0.529761
490188 0.0105952 0.815743 0.529761
1172194 0.0105952 0.815743 0.529761
2086571 0.0105952 0.815743 0.529761
2714601 0.0105952 0.815743 0.529761
1396819 0.0105952 0.815743 0.529761
1632867 0.0105952 0.815743 0.529761
686340 0.0105952 0.815743 0.529761
1760988 0.0105952 0.815743 0.529761
3067653 0.0105952 0.815743 0.529761
1420851 0.0105952 0.815743 0.529761
1704499 0.0105952 0.815743 0.529761
2707345 0.0105952 0.815743 0.529761
697282 0.0105952 0.815743 0.529761
1538553 0.0105952 0.815743 0.529761
318114 0.0105952 0.815743 0.529761
1173101 0.0105952 0.815743 0.529761
702114 0.0105952 0.815743 0.529761
2952226 0.0105952 0.815743 0.529761
2952224 0.0105952 0.815743 0.529761
1077255 0.0105952 0.815743 0.529761
2094561 0.0105952 0.815743 0.529761
748120 0.0105952 0.815743 0.529761
1435465 0.0105952 0.815743 0.529761
2283318 0.0105952 0.815743 0.529761
45610 0.0105952 0.815743 0.529761
554343 0.0105952 0.815743 0.529761
1945520 0.0105952 0.815743 0.529761
2565531 0.0105952 0.815743 0.529761
198480 0.0105952 0.815743 0.529761
34059 0.0105952 0.815743 0.529761
34062 0.0105952 0.815743 0.529761
62977 0.0105952 0.815743 0.529761
1341683 0.0105952 0.815743 0.529761
421052 0.0105952 0.815743 0.529761
707232 0.0105952 0.815743 0.529761
1392540 0.0105952 0.815743 0.529761
3156489 0.0105952 0.815743 0.529761
1120926 0.0105952 0.815743 0.529761
1217677 0.0105952 0.815743 0.529761
1217662 0.0105952 0.815743 0.529761
1217656 0.0105952 0.815743 0.529761
2126983 0.0105952 0.815743 0.529761
2715163 0.0105952 0.815743 0.529761
2419603 0.0105952 0.815743 0.529761
2053287 0.0105952 0.815743 0.529761
1789224 0.0105952 0.815743 0.529761
281375 0.0105952 0.815743 0.529761
280147 0.0105952 0.815743 0.529761
1262585 0.0105952 0.815743 0.529761
1229165 0.0105952 0.815743 0.529761
2605270 0.0105952 0.815743 0.529761
1096779 0.0105952 0.815743 0.529761
1324350 0.0105952 0.815743 0.529761
2994642 0.0105952 0.815743 0.529761
2665161 0.0105952 0.815743 0.529761
1582270 0.0105952 0.815743 0.529761
106651 0.0105952 0.815743 0.529761
1776742 0.0105952 0.815743 0.529761
1776741 0.0105952 0.815743 0.529761
2006115 0.0105952 0.815743 0.529761
1219383 0.0105952 0.815743 0.529761
202956 0.0105952 0.815743 0.529761
2136183 0.0105952 0.815743 0.529761
2136182 0.0105952 0.815743 0.529761
595670 0.0105952 0.815743 0.529761
2004650 0.0105952 0.815743 0.529761
70346 0.0105952 0.815743 0.529761
1806892 0.0105952 0.815743 0.529761
1871111 0.0105952 0.815743 0.529761
1785128 0.0105952 0.815743 0.529761
1530123 0.0105952 0.815743 0.529761
509170 0.0105952 0.815743 0.529761
1310613 0.0105952 0.815743 0.529761
1409923 0.0105952 0.815743 0.529761
557600 0.0105952 0.815743 0.529761
1230338 0.0105952 0.815743 0.529761
743974 0.0105952 0.815743 0.529761
1122245 0.0105952 0.815743 0.529761
90239 0.0105952 0.815743 0.529761
2904122 0.0105952 0.815743 0.529761
470453 0.0105952 0.815743 0.529761
34060 0.0105952 0.815743 0.529761
480 0.0105952 0.815743 0.529761
478 0.0105952 0.815743 0.529761
476 0.0105952 0.815743 0.529761
1755811 0.0105952 0.815743 0.529761
1796497 0.0105952 0.815743 0.529761
1908198 0.0105952 0.815743 0.529761
1179155 0.0105952 0.815743 0.529761
1236703 0.0105952 0.815743 0.529761
566293 0.0105952 0.815743 0.529761
80852 0.0105952 0.815743 0.529761
1238450 0.0105952 0.815743 0.529761
196600 0.0105952 0.815743 0.529761
575788 0.0105952 0.815743 0.529761
345073 0.0105952 0.815743 0.529761
634439 0.0105952 0.815743 0.529761
1191298 0.0105952 0.815743 0.529761
796620 0.0105952 0.815743 0.529761
1123498 0.0105952 0.815743 0.529761
1123492 0.0105952 0.815743 0.529761
2695891 0.0105952 0.815743 0.529761
1188252 0.0105952 0.815743 0.529761
1219072 0.0105952 0.815743 0.529761
1219070 0.0105952 0.815743 0.529761
1219065 0.0105952 0.815743 0.529761
1216006 0.0105952 0.815743 0.529761
1671868 0.0105952 0.815743 0.529761
654686 0.0105952 0.815743 0.529761
2653505 0.0105952 0.815743 0.529761
1243002 0.0105952 0.815743 0.529761
1046128 0.0105952 0.815743 0.529761
62763 0.0105952 0.815743 0.529761
2487322 0.0105952 0.815743 0.529761
29495 0.0105952 0.815743 0.529761
29494 0.0105952 0.815743 0.529761
2847292 0.0105952 0.815743 0.529761
28171 0.0105952 0.815743 0.529761
190893 0.0105952 0.815743 0.529761
1435069 0.0105952 0.815743 0.529761
1074311 0.0105952 0.815743 0.529761
2711221 0.0105952 0.815743 0.529761
2841925 0.0105952 0.815743 0.529761
55601 0.0105952 0.815743 0.529761
579748 0.0105952 0.815743 0.529761
2807619 0.0105952 0.815743 0.529761
446374 0.0105952 0.815743 0.529761
1461322 0.0105952 0.815743 0.529761
3034029 0.0105952 0.815743 0.529761
1918946 0.0105952 0.815743 0.529761
1918945 0.0105952 0.815743 0.529761
673372 0.0105952 0.815743 0.529761
212667 0.0105952 0.815743 0.529761
474394 0.0105952 0.815743 0.529761
1652836 0.0105952 0.815743 0.529761
3232307 0.0105952 0.815743 0.529761
2829489 0.0105952 0.815743 0.529761
861298 0.0105952 0.815743 0.529761
2302434 0.0105952 0.815743 0.529761
1481923 0.0105952 0.815743 0.529761
1481914 0.0105952 0.815743 0.529761
990268 0.0105952 0.815743 0.529761
1481663 0.0105952 0.815743 0.529761
2726741 0.0105952 0.815743 0.529761
170651 0.0105952 0.815743 0.529761
1229493 0.0105952 0.815743 0.529761
2902295 0.0105952 0.815743 0.529761
1219067 0.0105952 0.815743 0.529761
1219064 0.0105952 0.815743 0.529761
190895 0.0105952 0.815743 0.529761
50718 0.0105952 0.815743 0.529761
766224 0.0105952 0.815743 0.529761
3020714 0.0105952 0.815743 0.529761
2758441 0.0105952 0.815743 0.529761
2200953 0.0105952 0.815743 0.529761
1381081 0.0105952 0.815743 0.529761
462991 0.0105952 0.815743 0.529761
659351 0.0105952 0.815743 0.529761
1117707 0.0105952 0.815743 0.529761
945543 0.0105952 0.815743 0.529761
945550 0.0105952 0.815743 0.529761
1051646 0.0105952 0.815743 0.529761
300876 0.0105952 0.815743 0.529761
526588 0.0105952 0.815743 0.529761
689 0.0105952 0.815743 0.529761
685 0.0105952 0.815743 0.529761
1278244 0.0105952 0.815743 0.529761
1080227 0.0105952 0.815743 0.529761
388278 0.0105952 0.815743 0.529761
1342794 0.0105952 0.815743 0.529761
320778 0.0105952 0.815743 0.529761
2774143 0.0105952 0.815743 0.529761
512643 0.0105952 0.815743 0.529761
1195763 0.0105952 0.815743 0.529761
1654360 0.0105952 0.815743 0.529761
865757 0.0105952 0.815743 0.529761
1056511 0.0105952 0.815743 0.529761
1775171 0.0105952 0.815743 0.529761
265726 0.0105952 0.815743 0.529761
1903952 0.0105952 0.815743 0.529761
264736 0.0105952 0.815743 0.529761
754436 0.0105952 0.815743 0.529761
294936 0.0105952 0.815743 0.529761
1927128 0.0105952 0.815743 0.529761
1121868 0.0105952 0.815743 0.529761
1185651 0.0105952 0.815743 0.529761
1121869 0.0105952 0.815743 0.529761
294935 0.0105952 0.815743 0.529761
381308 0.0105952 0.815743 0.529761
415747 0.0105952 0.815743 0.529761
2841688 0.0105952 0.815743 0.529761
1125411 0.0105952 0.815743 0.529761
2510334 0.0105952 0.815743 0.529761
1986256 0.0105952 0.815743 0.529761
1655577 0.0105952 0.815743 0.529761
1524264 0.0105952 0.815743 0.529761
559956 0.0105952 0.815743 0.529761
412034 0.0105952 0.815743 0.529761
886464 0.0105952 0.815743 0.529761
1133106 0.0105952 0.815743 0.529761
1655571 0.0105952 0.815743 0.529761
2030880 0.0105952 0.815743 0.529761
400390 0.0105952 0.815743 0.529761
152573 0.0105952 0.815743 0.529761
2200906 0.0105952 0.815743 0.529761
2200908 0.0105952 0.815743 0.529761
1860122 0.0105952 0.815743 0.529761
1192854 0.0105952 0.815743 0.529761
47960 0.0105952 0.815743 0.529761
1317117 0.0105952 0.815743 0.529761
414046 0.0105952 0.815743 0.529761
547122 0.0105952 0.815743 0.529761
85925 0.0105952 0.815743 0.529761
2182432 0.0105952 0.815743 0.529761
1750597 0.0105952 0.815743 0.529761
406100 0.0105952 0.815743 0.529761
1765967 0.0105952 0.815743 0.529761
160660 0.0105952 0.815743 0.529761
1335757 0.0105952 0.815743 0.529761
1260251 0.0105952 0.815743 0.529761
2664894 0.0105952 0.815743 0.529761
3122417 0.0105952 0.815743 0.529761
108003 0.0105952 0.815743 0.529761
1255043 0.0105952 0.815743 0.529761
106634 0.0105952 0.815743 0.529761
3119006 0.0105952 0.815743 0.529761
2613842 0.0105952 0.815743 0.529761
1579979 0.0105952 0.815743 0.529761
1792836 0.0105952 0.815743 0.529761
2548426 0.0105952 0.815743 0.529761
191960 0.0105952 0.815743 0.529761
1543721 0.0105952 0.815743 0.529761
2792791 0.0105952 0.815743 0.529761
1818881 0.0105952 0.815743 0.529761
2792787 0.0105952 0.815743 0.529761
1166950 0.0105952 0.815743 0.529761
765911 0.0105952 0.815743 0.529761
1653858 0.0105952 0.815743 0.529761
77007 0.0105952 0.815743 0.529761
329406 0.0105952 0.815743 0.529761
1058 0.0105952 0.815743 0.529761
1048 0.0105952 0.815743 0.529761
1323745 0.0105952 0.815743 0.529761
2848612 0.0105952 0.815743 0.529761
875043 0.0105952 0.815743 0.529761
1834037 0.0105952 0.815743 0.529761
1628148 0.0105952 0.815743 0.529761
443616 0.0105952 0.815743 0.529761
1547515 0.0105952 0.815743 0.529761
400153 0.0105952 0.815743 0.529761
1774958 0.0105952 0.815743 0.529761
13276 0.0105952 0.815743 0.529761
279832 0.0105952 0.815743 0.529761
246195 0.0105952 0.815743 0.529761
2654998 0.0105952 0.815743 0.529761
472583 0.0105952 0.815743 0.529761
2838621 0.0105952 0.815743 0.529761
2923279 0.0105952 0.815743 0.529761
1157986 0.0105952 0.815743 0.529761
28159 0.0105952 0.815743 0.529761
2094024 0.0105952 0.815743 0.529761
85402 0.0105952 0.815743 0.529761
1521931 0.0105952 0.815743 0.529761
1521930 0.0105952 0.815743 0.529761
1907939 0.0105952 0.815743 0.529761
733 0.0105952 0.815743 0.529761
51049 0.0105952 0.815743 0.529761
51161 0.0105952 0.815743 0.529761
146806 0.0105952 0.815743 0.529761
97481 0.0105952 0.815743 0.529761
1122938 0.0105952 0.815743 0.529761
667128 0.0105952 0.815743 0.529761
203482 0.0105952 0.815743 0.529761
256731 0.0105952 0.815743 0.529761
233412 0.0105952 0.815743 0.529761
71421 0.0105952 0.815743 0.529761
1078480 0.0105952 0.815743 0.529761
2028574 0.0105952 0.815743 0.529761
2028575 0.0105952 0.815743 0.529761
675874 0.0105952 0.815743 0.529761
595494 0.0105952 0.815743 0.529761
347534 0.0105952 0.815743 0.529761
347535 0.0105952 0.815743 0.529761
2116700 0.0105952 0.815743 0.529761
2803811 0.0105952 0.815743 0.529761
870480 0.0105952 0.815743 0.529761
1414654 0.0105952 0.815743 0.529761
981381 0.0105952 0.815743 0.529761
1903694 0.0105952 0.815743 0.529761
84158 0.0105952 0.815743 0.529761
129578 0.0105952 0.815743 0.529761
3028314 0.0105952 0.815743 0.529761
264574 0.0105952 0.815743 0.529761
328412 0.0105952 0.815743 0.529761
2138166 0.0105952 0.815743 0.529761
1268236 0.0105952 0.815743 0.529761
1268237 0.0105952 0.815743 0.529761
440079 0.0105952 0.815743 0.529761
105751 0.0105952 0.815743 0.529761
648 0.0105952 0.815743 0.529761
179995 0.0105952 0.815743 0.529761
762983 0.0105952 0.815743 0.529761
867 0.0105952 0.815743 0.529761
2820300 0.0105952 0.815743 0.529761
1123324 0.0105952 0.815743 0.529761
634765 0.0105952 0.815743 0.529761
1003181 0.0105952 0.815743 0.529761
40754 0.0105952 0.815743 0.529761
3080823 0.0105952 0.815743 0.529761
2735563 0.0105952 0.815743 0.529761
92487 0.0105952 0.815743 0.529761
2799669 0.0105952 0.815743 0.529761
1247513 0.0105952 0.815743 0.529761
1481894 0.0105952 0.815743 0.529761
28885 0.0105952 0.815743 0.529761
637616 0.0105952 0.815743 0.529761
2580412 0.0105952 0.815743 0.529761
2748010 0.0105952 0.815743 0.529761
2739063 0.0105952 0.815743 0.529761
584787 0.0105952 0.815743 0.529761
745411 0.0105952 0.815743 0.529761
500638 0.0105952 0.815743 0.529761
1549888 0.0105952 0.815743 0.529761
1123402 0.0105952 0.815743 0.529761
2897391 0.0105952 0.815743 0.529761
158841 0.0105952 0.815743 0.529761
2697027 0.0105952 0.815743 0.529761
1239307 0.0105952 0.815743 0.529761
466109 0.0105952 0.815743 0.529761
1354271 0.0105952 0.815743 0.529761
1124991 0.0105952 0.815743 0.529761
2805098 0.0105952 0.815743 0.529761
1141660 0.0105952 0.815743 0.529761
1141662 0.0105952 0.815743 0.529761
663916 0.0105952 0.815743 0.529761
3037798 0.0105952 0.815743 0.529761
1873482 0.0105952 0.815743 0.529761
406817 0.0105952 0.815743 0.529761
1560201 0.0105952 0.815743 0.529761
1926881 0.0105952 0.815743 0.529761
1619313 0.0105952 0.815743 0.529761
642227 0.0105952 0.815743 0.529761
1005995 0.0105952 0.815743 0.529761
399969 0.0105952 0.815743 0.529761
665914 0.0105952 0.815743 0.529761
1458355 0.0105952 0.815743 0.529761
2562439 0.0105952 0.815743 0.529761
1076550 0.0105952 0.815743 0.529761
932677 0.0105952 0.815743 0.529761
1891675 0.0105952 0.815743 0.529761
1465635 0.0105952 0.815743 0.529761
55209 0.0105952 0.815743 0.529761
2608357 0.0105952 0.815743 0.529761
3230026 0.0105952 0.815743 0.529761
574096 0.0105952 0.815743 0.529761
1884370 0.0105952 0.815743 0.529761
472693 0.0105952 0.815743 0.529761
2726955 0.0105952 0.815743 0.529761
1938870 0.0105952 0.815743 0.529761
2364647 0.0105952 0.815743 0.529761
1544696 0.0105952 0.815743 0.529761
988801 0.0105952 0.815743 0.529761
55212 0.0105952 0.815743 0.529761
3237104 0.0105952 0.815743 0.529761
55211 0.0105952 0.815743 0.529761
1922217 0.0105952 0.815743 0.529761
889211 0.0105952 0.815743 0.529761
1219359 0.0105952 0.815743 0.529761
69224 0.0105952 0.815743 0.529761
2060067 0.0105952 0.815743 0.529761
910964 0.0105952 0.815743 0.529761
2703885 0.0105952 0.815743 0.529761
929813 0.0105952 0.815743 0.529761
1878942 0.0105952 0.815743 0.529761
349968 0.0105952 0.815743 0.529761
360102 0.0105952 0.815743 0.529761
29483 0.0105952 0.815743 0.529761
2703884 0.0105952 0.815743 0.529761
3234145 0.0105952 0.815743 0.529761
1646377 0.0105952 0.815743 0.529761
1513468 0.0105952 0.815743 0.529761
61651 0.0105952 0.815743 0.529761
61652 0.0105952 0.815743 0.529761
47917 0.0105952 0.815743 0.529761
137545 0.0105952 0.815743 0.529761
2034155 0.0105952 0.815743 0.529761
71656 0.0105952 0.815743 0.529761
71657 0.0105952 0.815743 0.529761
2590031 0.0105952 0.815743 0.529761
2778550 0.0105952 0.815743 0.529761
218491 0.0105952 0.815743 0.529761
1201031 0.0105952 0.815743 0.529761
180957 0.0105952 0.815743 0.529761
2691583 0.0105952 0.815743 0.529761
3157919 0.0105952 0.815743 0.529761
590409 0.0105952 0.815743 0.529761
198628 0.0105952 0.815743 0.529761
1778540 0.0105952 0.815743 0.529761
204042 0.0105952 0.815743 0.529761
204039 0.0105952 0.815743 0.529761
1577887 0.0105952 0.815743 0.529761
486993 0.0105952 0.815743 0.529761
904139 0.0105952 0.815743 0.529761
2871826 0.0105952 0.815743 0.529761
476281 0.0105952 0.815743 0.529761
2799638 0.0105952 0.815743 0.529761
693216 0.0105952 0.815743 0.529761
1639133 0.0105952 0.815743 0.529761
357233 0.0105952 0.815743 0.529761
61646 0.0105952 0.815743 0.529761
158822 0.0105952 0.815743 0.529761
451513 0.0105952 0.815743 0.529761
2022662 0.0105952 0.815743 0.529761
379893 0.0105952 0.815743 0.529761
435910 0.0105952 0.815743 0.529761
299766 0.0105952 0.815743 0.529761
716541 0.0105952 0.815743 0.529761
69218 0.0105952 0.815743 0.529761
1354253 0.0105952 0.815743 0.529761
1006004 0.0105952 0.815743 0.529761
395631 0.0105952 0.815743 0.529761
1485952 0.0105952 0.815743 0.529761
1006551 0.0105952 0.815743 0.529761
574 0.0105952 0.815743 0.529761
1028307 0.0105952 0.815743 0.529761
2058152 0.0105952 0.815743 0.529761
1259973 0.0105952 0.815743 0.529761
577 0.0105952 0.815743 0.529761
62101 0.0105952 0.815743 0.529761
377629 0.0105952 0.815743 0.529761
1470433 0.0105952 0.815743 0.529761
2904075 0.0105952 0.815743 0.529761
570281 0.0105952 0.815743 0.529761
569599 0.0105952 0.815743 0.529761
306545 0.0105952 0.815743 0.529761
3058037 0.0105952 0.815743 0.529761
1444977 0.0105952 0.815743 0.529761
2591008 0.0105952 0.815743 0.529761
2721545 0.0105952 0.815743 0.529761
1237077 0.0105952 0.815743 0.529761
498211 0.0105952 0.815743 0.529761
2082724 0.0105952 0.815743 0.529761
39650 0.0105952 0.815743 0.529761
1492769 0.0105952 0.815743 0.529761
1117647 0.0105952 0.815743 0.529761
1510459 0.0105952 0.815743 0.529761
2315479 0.0105952 0.815743 0.529761
2974818 0.0105952 0.815743 0.529761
314287 0.0105952 0.815743 0.529761
1655626 0.0105952 0.815743 0.529761
2559237 0.0105952 0.815743 0.529761
434086 0.0105952 0.815743 0.529761
247633 0.0105952 0.815743 0.529761
2029982 0.0105952 0.815743 0.529761
716816 0.0105952 0.815743 0.529761
2950436 0.0105952 0.815743 0.529761
2304603 0.0105952 0.815743 0.529761
641702 0.0105952 0.815743 0.529761
2857107 0.0105952 0.815743 0.529761
1641715 0.0105952 0.815743 0.529761
933926 0.0105952 0.815743 0.529761
2760804 0.0105952 0.815743 0.529761
2794344 0.0105952 0.815743 0.529761
2721624 0.0105952 0.815743 0.529761
565045 0.0105952 0.815743 0.529761
1265313 0.0105952 0.815743 0.529761
2518994 0.0105952 0.815743 0.529761
2518993 0.0105952 0.815743 0.529761
2518991 0.0105952 0.815743 0.529761
2518989 0.0105952 0.815743 0.529761
287487 0.0105952 0.815743 0.529761
1132028 0.0105952 0.815743 0.529761
930806 0.0105952 0.815743 0.529761
2562682 0.0105952 0.815743 0.529761
2758564 0.0105952 0.815743 0.529761
2547392 0.0105952 0.815743 0.529761
2518990 0.0105952 0.815743 0.529761
2283635 0.0105952 0.815743 0.529761
651086 0.0105952 0.815743 0.529761
2716870 0.0105952 0.815743 0.529761
1852021 0.0105952 0.815743 0.529761
2601894 0.0105952 0.815743 0.529761
930805 0.0105952 0.815743 0.529761
1905677 0.0105952 0.815743 0.529761
2708301 0.0105952 0.815743 0.529761
3081201 0.0105952 0.815743 0.529761
314285 0.0105952 0.815743 0.529761
3081200 0.0105952 0.815743 0.529761
1737061 0.0105952 0.815743 0.529761
2606449 0.0105952 0.815743 0.529761
2944933 0.0105952 0.815743 0.529761
260552 0.0105952 0.815743 0.529761
252514 0.0105952 0.815743 0.529761
1562603 0.0105952 0.815743 0.529761
435905 0.0105952 0.815743 0.529761
1908308 0.0105952 0.815743 0.529761
658218 0.0105952 0.815743 0.529761
494016 0.0105952 0.815743 0.529761
393907 0.0105952 0.815743 0.529761
1769779 0.0105952 0.815743 0.529761
3036711 0.0105952 0.815743 0.529761
1680762 0.0105952 0.815743 0.529761
1917421 0.0105952 0.815743 0.529761
1524254 0.0105952 0.815743 0.529761
1768907 0.0105952 0.815743 0.529761
1249552 0.0105952 0.815743 0.529761
1305731 0.0105952 0.815743 0.529761
225937 0.0105952 0.815743 0.529761
443152 0.0105952 0.815743 0.529761
488533 0.0105952 0.815743 0.529761
1928859 0.0105952 0.815743 0.529761
650891 0.0105952 0.815743 0.529761
187981 0.0105952 0.815743 0.529761
2055143 0.0105952 0.815743 0.529761
578215 0.0105952 0.815743 0.529761
643747 0.0105952 0.815743 0.529761
2576384 0.0105952 0.815743 0.529761
379482 0.0105952 0.815743 0.529761
3030833 0.0105952 0.815743 0.529761
2962607 0.0105952 0.815743 0.529761
2666256 0.0105952 0.815743 0.529761
994319 0.0105952 0.815743 0.529761
2528979 0.0105952 0.815743 0.529761
135739 0.0105952 0.815743 0.529761
330734 0.0105952 0.815743 0.529761
1484056 0.0105952 0.815743 0.529761
1429083 0.0105952 0.815743 0.529761
521720 0.0105952 0.815743 0.529761
2213226 0.0105952 0.815743 0.529761
640205 0.0105952 0.815743 0.529761
2762745 0.0105952 0.815743 0.529761
2759166 0.0105952 0.815743 0.529761
1510150 0.0105952 0.815743 0.529761
1501432 0.0105952 0.815743 0.529761
3041622 0.0105952 0.815743 0.529761
1697053 0.0105952 0.815743 0.529761
1434072 0.0105952 0.815743 0.529761
653930 0.0105952 0.815743 0.529761
254161 0.0105952 0.815743 0.529761
1720063 0.0105952 0.815743 0.529761
797277 0.0105952 0.815743 0.529761
291995 0.0105952 0.815743 0.529761
379731 0.0105952 0.815743 0.529761
2211392 0.0105952 0.815743 0.529761
1056496 0.0105952 0.815743 0.529761
69962 0.0105952 0.815743 0.529761
1986537 0.0105952 0.815743 0.529761
658457 0.0105952 0.815743 0.529761
399739 0.0105952 0.815743 0.529761
1245526 0.0105952 0.815743 0.529761
1135990 0.0105952 0.815743 0.529761
707248 0.0105952 0.815743 0.529761
1301098 0.0105952 0.815743 0.529761
556533 0.0105952 0.815743 0.529761
2161748 0.0105952 0.815743 0.529761
2816993 0.0105952 0.815743 0.529761
129847 0.0105952 0.815743 0.529761
359110 0.0105952 0.815743 0.529761
915471 0.0105952 0.815743 0.529761
226910 0.0105952 0.815743 0.529761
95300 0.0105952 0.815743 0.529761
2715964 0.0105952 0.815743 0.529761
3239015 0.0105952 0.815743 0.529761
158627 0.0105952 0.815743 0.529761
191391 0.0105952 0.815743 0.529761
191390 0.0105952 0.815743 0.529761
485876 0.0105952 0.815743 0.529761
2320867 0.0105952 0.815743 0.529761
2320866 0.0105952 0.815743 0.529761
321846 0.0105952 0.815743 0.529761
321661 0.0105952 0.815743 0.529761
2812000 0.0105952 0.815743 0.529761
157783 0.0105952 0.815743 0.529761
157782 0.0105952 0.815743 0.529761
2942633 0.0105952 0.815743 0.529761
2745493 0.0105952 0.815743 0.529761
2745490 0.0105952 0.815743 0.529761
1958950 0.0105952 0.815743 0.529761
1793966 0.0105952 0.815743 0.529761
1007099 0.0105952 0.815743 0.529761
515393 0.0105952 0.815743 0.529761
89065 0.0105952 0.815743 0.529761
1563157 0.0105952 0.815743 0.529761
2708063 0.0105952 0.815743 0.529761
53407 0.0105952 0.815743 0.529761
216142 0.0105952 0.815743 0.529761
2607908 0.0105952 0.815743 0.529761
543360 0.0105952 0.815743 0.529761
1788301 0.0105952 0.815743 0.529761
2738125 0.0105952 0.815743 0.529761
1853130 0.0105952 0.815743 0.529761
2213015 0.0105952 0.815743 0.529761
1392877 0.0105952 0.815743 0.529761
2867264 0.0105952 0.815743 0.529761
1424203 0.0105952 0.815743 0.529761
47886 0.0105952 0.815743 0.529761
46677 0.0105952 0.815743 0.529761
2666183 0.0105952 0.815743 0.529761
2731552 0.0105952 0.815743 0.529761
2600065 0.0105952 0.815743 0.529761
2599595 0.0105952 0.815743 0.529761
1288410 0.0105952 0.815743 0.529761
1943631 0.0105952 0.815743 0.529761
1515666 0.0105952 0.815743 0.529761
237609 0.0105952 0.815743 0.529761
1055468 0.0105952 0.815743 0.529761
137658 0.0105952 0.815743 0.529761
366289 0.0105952 0.815743 0.529761
104087 0.0105952 0.815743 0.529761
2725477 0.0105952 0.815743 0.529761
2593654 0.0105952 0.815743 0.529761
1806536 0.0105952 0.815743 0.529761
298908 0.0105952 0.815743 0.529761
1674920 0.0105952 0.815743 0.529761
1608994 0.0105952 0.815743 0.529761
2722792 0.0105952 0.815743 0.529761
428992 0.0105952 0.815743 0.529761
3115852 0.0105952 0.815743 0.529761
2853159 0.0105952 0.815743 0.529761
251702 0.0105952 0.815743 0.529761
55398 0.0105952 0.815743 0.529761
81036 0.0105952 0.815743 0.529761
629264 0.0105952 0.815743 0.529761
264450 0.0105952 0.815743 0.529761
199198 0.0105952 0.815743 0.529761
1451454 0.0105952 0.815743 0.529761
36746 0.0105952 0.815743 0.529761
200454 0.0105952 0.815743 0.529761
208964 0.0105952 0.815743 0.529761
46680 0.0105952 0.815743 0.529761
53408 0.0105952 0.815743 0.529761
53406 0.0105952 0.815743 0.529761
198616 0.0105952 0.815743 0.529761
1785161 0.0105952 0.815743 0.529761
1785162 0.0105952 0.815743 0.529761
47885 0.0105952 0.815743 0.529761
2078786 0.0105952 0.815743 0.529761
78327 0.0105952 0.815743 0.529761
76869 0.0105952 0.815743 0.529761
1227924 0.0105952 0.815743 0.529761
1384061 0.0105952 0.815743 0.529761
231023 0.0105952 0.815743 0.529761
132476 0.0105952 0.815743 0.529761
1042209 0.0105952 0.815743 0.529761
97473 0.0105952 0.815743 0.529761
1147786 0.0105952 0.815743 0.529761
2938197 0.0105952 0.815743 0.529761
183795 0.0105952 0.815743 0.529761
47883 0.0105952 0.815743 0.529761
47878 0.0105952 0.815743 0.529761
46679 0.0105952 0.815743 0.529761
78544 0.0105952 0.815743 0.529761
76760 0.0105952 0.815743 0.529761
76758 0.0105952 0.815743 0.529761
2827099 0.0105952 0.815743 0.529761
168469 0.0105952 0.815743 0.529761
200451 0.0105952 0.815743 0.529761
200450 0.0105952 0.815743 0.529761
198620 0.0105952 0.815743 0.529761
1114970 0.0105952 0.815743 0.529761
459528 0.0105952 0.815743 0.529761
2654845 0.0105952 0.815743 0.529761
556534 0.0105952 0.815743 0.529761
1124983 0.0105952 0.815743 0.529761
86185 0.0105952 0.815743 0.529761
296 0.0105952 0.815743 0.529761
319939 0.0105952 0.815743 0.529761
1245471 0.0105952 0.815743 0.529761
2604832 0.0105952 0.815743 0.529761
2822138 0.0105952 0.815743 0.529761
141451 0.0105952 0.815743 0.529761
418701 0.0105952 0.815743 0.529761
2759953 0.0105952 0.815743 0.529761
2528527 0.0105952 0.815743 0.529761
2933565 0.0105952 0.815743 0.529761
1177154 0.0105952 0.815743 0.529761
3238810 0.0105952 0.815743 0.529761
1094342 0.0105952 0.815743 0.529761
1177169 0.0105952 0.815743 0.529761
75684 0.0105952 0.815743 0.529761
1635171 0.0105952 0.815743 0.529761
2942213 0.0105952 0.815743 0.529761
1960125 0.0105952 0.815743 0.529761
1036133 0.0105952 0.815743 0.529761
305900 0.0105952 0.815743 0.529761
1137799 0.0105952 0.815743 0.529761
3120522 0.0105952 0.815743 0.529761
3142973 0.0105952 0.815743 0.529761
349521 0.0105952 0.815743 0.529761
1054972 0.0105952 0.815743 0.529761
2994442 0.0105952 0.815743 0.529761
2994640 0.0105952 0.815743 0.529761
202772 0.0105952 0.815743 0.529761
1712262 0.0105952 0.815743 0.529761
3162458 0.0105952 0.815743 0.529761
2592383 0.0105952 0.815743 0.529761
3070815 0.0105952 0.815743 0.529761
523701 0.0105952 0.815743 0.529761
418750 0.0105952 0.815743 0.529761
2161747 0.0105952 0.815743 0.529761
1445510 0.0105952 0.815743 0.529761
1310421 0.0105952 0.815743 0.529761
314283 0.0105952 0.815743 0.529761
1336806 0.0105952 0.815743 0.529761
2593301 0.0105952 0.815743 0.529761
230495 0.0105952 0.815743 0.529761
197479 0.0105952 0.815743 0.529761
2080658 0.0105952 0.815743 0.529761
284577 0.0105952 0.815743 0.529761
33074 0.0105952 0.815743 0.529761
574349 0.0105952 0.815743 0.529761
376489 0.0105952 0.815743 0.529761
48727 0.0105952 0.815743 0.529761
1883414 0.0105952 0.815743 0.529761
77098 0.0105952 0.815743 0.529761
1851019 0.0105952 0.815743 0.529761
2944682 0.0105952 0.815743 0.529761
141389 0.0105952 0.815743 0.529761
86179 0.0105952 0.815743 0.529761
447567 0.0105952 0.815743 0.529761
1204738 0.0105952 0.815743 0.529761
2282306 0.0105952 0.815743 0.529761
115553 0.0105952 0.815743 0.529761
2732867 0.0105952 0.815743 0.529761
44935 0.0105952 0.815743 0.529761
2042704 0.0105952 0.815743 0.529761
272774 0.0105952 0.815743 0.529761
370767 0.0105952 0.815743 0.529761
1449798 0.0105952 0.815743 0.529761
1178777 0.0105952 0.815743 0.529761
1121942 0.0105952 0.815743 0.529761
119000 0.0105952 0.815743 0.529761
980347 0.0105952 0.815743 0.529761
1121939 0.0105952 0.815743 0.529761
28258 0.0105952 0.815743 0.529761
553385 0.0105952 0.815743 0.529761
1055104 0.0105952 0.815743 0.529761
321266 0.0105952 0.815743 0.529761
2717286 0.0105952 0.815743 0.529761
52021 0.0105952 0.815743 0.529761
2606936 0.0105952 0.815743 0.529761
376427 0.0105952 0.815743 0.529761
2733486 0.0105952 0.815743 0.529761
2733484 0.0105952 0.815743 0.529761
74661 0.0105952 0.815743 0.529761
2497861 0.0105952 0.815743 0.529761
2033802 0.0105952 0.815743 0.529761
504092 0.0105952 0.815743 0.529761
157779 0.0105952 0.815743 0.529761
402385 0.0105952 0.815743 0.529761
2100822 0.0105952 0.815743 0.529761
657387 0.0105952 0.815743 0.529761
1949085 0.0105952 0.815743 0.529761
2606937 0.0105952 0.815743 0.529761
1949083 0.0105952 0.815743 0.529761
404433 0.0105952 0.815743 0.529761
1443141 0.0105952 0.815743 0.529761
2032626 0.0105952 0.815743 0.529761
31910 0.0105952 0.815743 0.529761
229007 0.0105952 0.815743 0.529761
2950872 0.0105952 0.815743 0.529761
490901 0.0105952 0.815743 0.529761
2259590 0.0105952 0.815743 0.529761
1930622 0.0105952 0.815743 0.529761
29573 0.0105952 0.815743 0.529761
2945105 0.0105952 0.815743 0.529761
257772 0.0105952 0.815743 0.529761
650850 0.0105952 0.815743 0.529761
321265 0.0105952 0.815743 0.529761
416872 0.0105952 0.815743 0.529761
447425 0.0105952 0.815743 0.529761
2838617 0.0105952 0.815743 0.529761
2607506 0.0105952 0.815743 0.529761
3031727 0.0105952 0.815743 0.529761
213554 0.0105952 0.815743 0.529761
475662 0.0105952 0.815743 0.529761
147248 0.0105952 0.815743 0.529761
507626 0.0105952 0.815743 0.529761
245385 0.0105952 0.815743 0.529761
1684789 0.0105952 0.815743 0.529761
438744 0.0105952 0.815743 0.529761
44933 0.0105952 0.815743 0.529761
2562282 0.0105952 0.815743 0.529761
463301 0.0105952 0.815743 0.529761
2691040 0.0105952 0.815743 0.529761
2920385 0.0105952 0.815743 0.529761
657012 0.0105952 0.815743 0.529761
2032625 0.0105952 0.815743 0.529761
252 0.0105952 0.815743 0.529761
64971 0.0105952 0.815743 0.529761
698738 0.0105952 0.815743 0.529761
718191 0.0105952 0.815743 0.529761
2781979 0.0105952 0.815743 0.529761
484498 0.0105952 0.815743 0.529761
1171596 0.0105952 0.815743 0.529761
2283196 0.0105952 0.815743 0.529761
3133425 0.0105952 0.815743 0.529761
2997323 0.0105952 0.815743 0.529761
207954 0.0105952 0.815743 0.529761
207949 0.0105952 0.815743 0.529761
1249553 0.0105952 0.815743 0.529761
2589817 0.0105952 0.815743 0.529761
1473156 0.0105952 0.815743 0.529761
1834034 0.0105952 0.815743 0.529761
1572645 0.0105952 0.815743 0.529761
1441457 0.0105952 0.815743 0.529761
1045558 0.0105952 0.815743 0.529761
619304 0.0105952 0.815743 0.529761
1031538 0.0105952 0.815743 0.529761
1815562 0.0105952 0.815743 0.529761
217169 0.0105952 0.815743 0.529761
1122209 0.0105952 0.815743 0.529761
1122252 0.0105952 0.815743 0.529761
2219697 0.0105952 0.815743 0.529761
2614693 0.0105952 0.815743 0.529761
267850 0.0105952 0.815743 0.529761
1708751 0.0105952 0.815743 0.529761
518897 0.0105952 0.815743 0.529761
1698799 0.0105952 0.815743 0.529761
420402 0.0105952 0.815743 0.529761
1232683 0.0105952 0.815743 0.529761
1821621 0.0105952 0.815743 0.529761
49186 0.0105952 0.815743 0.529761
568106 0.0105952 0.815743 0.529761
1679163 0.0105952 0.815743 0.529761
267374 0.0105952 0.815743 0.529761
1542925 0.0105952 0.815743 0.529761
1476959 0.0105952 0.815743 0.529761
2760088 0.0105952 0.815743 0.529761
64969 0.0105952 0.815743 0.529761
966 0.0105952 0.815743 0.529761
1122207 0.0105952 0.815743 0.529761
717774 0.0105952 0.815743 0.529761
1122206 0.0105952 0.815743 0.529761
400668 0.0105952 0.815743 0.529761
2883105 0.0105952 0.815743 0.529761
1208321 0.0105952 0.815743 0.529761
28254 0.0105952 0.815743 0.529761
2940935 0.0105952 0.815743 0.529761
383750 0.0105952 0.815743 0.529761
1137284 0.0105952 0.815743 0.529761
1792290 0.0105952 0.815743 0.529761
3004091 0.0105952 0.815743 0.529761
2774408 0.0105952 0.815743 0.529761
2213058 0.0105952 0.815743 0.529761
178399 0.0105952 0.815743 0.529761
569601 0.0105952 0.815743 0.529761
2795388 0.0105952 0.815743 0.529761
2823372 0.0105952 0.815743 0.529761
1053647 0.0105952 0.815743 0.529761
1806667 0.0105952 0.815743 0.529761
2984494 0.0105952 0.815743 0.529761
264739 0.0105952 0.815743 0.529761
491954 0.0105952 0.815743 0.529761
491951 0.0105952 0.815743 0.529761
491948 0.0105952 0.815743 0.529761
491947 0.0105952 0.815743 0.529761
452629 0.0105952 0.815743 0.529761
355243 0.0105952 0.815743 0.529761
2490544 0.0105952 0.815743 0.529761
1385517 0.0105952 0.815743 0.529761
1300345 0.0105952 0.815743 0.529761
1341696 0.0105952 0.815743 0.529761
1338420 0.0105952 0.815743 0.529761
1327343 0.0105952 0.815743 0.529761
1324796 0.0105952 0.815743 0.529761
2699169 0.0105952 0.815743 0.529761
1776034 0.0105952 0.815743 0.529761
659595 0.0105952 0.815743 0.529761
265719 0.0105952 0.815743 0.529761
3115820 0.0105952 0.815743 0.529761
2483112 0.0105952 0.815743 0.529761
1604334 0.0105952 0.815743 0.529761
1169913 0.0105952 0.815743 0.529761
1273429 0.0105952 0.815743 0.529761
2933270 0.0105952 0.815743 0.529761
2774145 0.0105952 0.815743 0.529761
2763317 0.0105952 0.815743 0.529761
2865112 0.0105952 0.815743 0.529761
2303539 0.0105952 0.815743 0.529761
2927791 0.0105952 0.815743 0.529761
2781023 0.0105952 0.815743 0.529761
1122188 0.0105952 0.815743 0.529761
2872639 0.0105952 0.815743 0.529761
215690 0.0105952 0.815743 0.529761
2872701 0.0105952 0.815743 0.529761
213588 0.0105952 0.815743 0.529761
141949 0.0105952 0.815743 0.529761
2202149 0.0105952 0.815743 0.529761
1121015 0.0105952 0.815743 0.529761
1384054 0.0105952 0.815743 0.529761
1121014 0.0105952 0.815743 0.529761
1121013 0.0105952 0.815743 0.529761
2546226 0.0105952 0.815743 0.529761
2269504 0.0105952 0.815743 0.529761
1446479 0.0105952 0.815743 0.529761
676599 0.0105952 0.815743 0.529761
1236960 0.0105952 0.815743 0.529761
2771362 0.0105952 0.815743 0.529761
1685415 0.0105952 0.815743 0.529761
2045451 0.0105952 0.815743 0.529761
405444 0.0105952 0.815743 0.529761
266128 0.0105952 0.815743 0.529761
659018 0.0105952 0.815743 0.529761
935569 0.0105952 0.815743 0.529761
1045855 0.0105952 0.815743 0.529761
128785 0.0105952 0.815743 0.529761
2480810 0.0105952 0.815743 0.529761
283923 0.0105952 0.815743 0.529761
443615 0.0105952 0.815743 0.529761
344882 0.0105952 0.815743 0.529761
1453541 0.0105952 0.815743 0.529761
2137479 0.0105952 0.815743 0.529761
428993 0.0105952 0.815743 0.529761
227946 0.0105952 0.815743 0.529761
360094 0.0105952 0.815743 0.529761
1885902 0.0105952 0.815743 0.529761
3115848 0.0105952 0.815743 0.529761
3046274 0.0105952 0.815743 0.529761
487821 0.0105952 0.815743 0.529761
195709 0.0105952 0.815743 0.529761
2912242 0.0105952 0.815743 0.529761
56455 0.0105952 0.815743 0.529761
86183 0.0105952 0.815743 0.529761
48664 0.0105952 0.815743 0.529761
2989819 0.0105952 0.815743 0.529761
2752306 0.0105952 0.815743 0.529761
2752307 0.0105952 0.815743 0.529761
488485 0.0105952 0.815743 0.529761
1176533 0.0105952 0.815743 0.529761
3042025 0.0105952 0.815743 0.529761
3042023 0.0105952 0.815743 0.529761
3237697 0.0105952 0.815743 0.529761
1165507 0.0105952 0.815743 0.529761
1132694 0.0105952 0.815743 0.529761
2572684 0.0105952 0.815743 0.529761
2599615 0.0105952 0.815743 0.529761
1714359 0.0105952 0.815743 0.529761
2565782 0.0105952 0.815743 0.529761
2006110 0.0105952 0.815743 0.529761
1578200 0.0105952 0.815743 0.529761
985012 0.0105952 0.815743 0.529761
1706195 0.0105952 0.815743 0.529761
2591633 0.0105952 0.815743 0.529761
1605891 0.0105952 0.815743 0.529761
553636 0.0105952 0.815743 0.529761
2293254 0.0105952 0.815743 0.529761
453783 0.0105952 0.815743 0.529761
380629 0.0105952 0.815743 0.529761
84531 0.0105952 0.815743 0.529761
1685901 0.0105952 0.815743 0.529761
1255263 0.0105952 0.815743 0.529761
266122 0.0105952 0.815743 0.529761
262324 0.0105952 0.815743 0.529761
262323 0.0105952 0.815743 0.529761
69 0.0105952 0.815743 0.529761
1792834 0.0105952 0.815743 0.529761
1171543 0.0105952 0.815743 0.529761
644220 0.0105952 0.815743 0.529761
2021234 0.0105952 0.815743 0.529761
1665687 0.0105952 0.815743 0.529761
2010829 0.0105952 0.815743 0.529761
634155 0.0105952 0.815743 0.529761
993689 0.0105952 0.815743 0.529761
529704 0.0105952 0.815743 0.529761
1475481 0.0105952 0.815743 0.529761
1495200 0.0105952 0.815743 0.529761
155197 0.0105952 0.815743 0.529761
582702 0.0105952 0.815743 0.529761
3351462 0.0105952 0.815743 0.529761
418647 0.0105952 0.815743 0.529761
2250595 0.0105952 0.815743 0.529761
1888173 0.0105952 0.815743 0.529761
1623218 0.0105952 0.815743 0.529761
3162487 0.0105952 0.815743 0.529761
666685 0.0105952 0.815743 0.529761
75310 0.0105952 0.815743 0.529761
657654 0.0105952 0.815743 0.529761
2976241 0.0105952 0.815743 0.529761
520092 0.0105952 0.815743 0.529761
2963937 0.0105952 0.815743 0.529761
2983605 0.0105952 0.815743 0.529761
529810 0.0105952 0.815743 0.529761
578942 0.0105952 0.815743 0.529761
328517 0.0105952 0.815743 0.529761
3021977 0.0105952 0.815743 0.529761
345309 0.0105952 0.815743 0.529761
564369 0.0105952 0.815743 0.529761
2589080 0.0105952 0.815743 0.529761
1927958 0.0105952 0.815743 0.529761
522319 0.0105952 0.815743 0.529761
2775866 0.0105952 0.815743 0.529761
2282381 0.0105952 0.815743 0.529761
1920168 0.0105952 0.815743 0.529761
1849582 0.0105952 0.815743 0.529761
1849580 0.0105952 0.815743 0.529761
2763498 0.0105952 0.815743 0.529761
500610 0.0105952 0.815743 0.529761
1217721 0.0105952 0.815743 0.529761
1440762 0.0105952 0.815743 0.529761
1379159 0.0105952 0.815743 0.529761
1867835 0.0105952 0.815743 0.529761
1867834 0.0105952 0.815743 0.529761
1867833 0.0105952 0.815743 0.529761
69539 0.0105952 0.815743 0.529761
80854 0.0105952 0.815743 0.529761
2303987 0.0105952 0.815743 0.529761
2742685 0.0105952 0.815743 0.529761
88364 0.0105952 0.815743 0.529761
357804 0.0105952 0.815743 0.529761
2005072 0.0105952 0.815743 0.529761
168275 0.0105952 0.815743 0.529761
1193278 0.0105952 0.815743 0.529761
2282215 0.0105952 0.815743 0.529761
1177826 0.0105952 0.815743 0.529761
550540 0.0105952 0.815743 0.529761
718193 0.0105952 0.815743 0.529761
2569539 0.0105952 0.815743 0.529761
1255257 0.0105952 0.815743 0.529761
2724191 0.0105952 0.815743 0.529761
299255 0.0105952 0.815743 0.529761
2013866 0.0105952 0.815743 0.529761
508461 0.0105952 0.815743 0.529761
2870530 0.0105952 0.815743 0.529761
1215918 0.0105952 0.815743 0.529761
1327752 0.0105952 0.815743 0.529761
740709 0.0105952 0.815743 0.529761
1096243 0.0105952 0.815743 0.529761
263724 0.0105952 0.815743 0.529761
859059 0.0105952 0.815743 0.529761
946228 0.0105952 0.815743 0.529761
531312 0.0105952 0.815743 0.529761
1249555 0.0105952 0.815743 0.529761
641841 0.0105952 0.815743 0.529761
519453 0.0105952 0.815743 0.529761
1323738 0.0105952 0.815743 0.529761
1159017 0.0105952 0.815743 0.529761
1517416 0.0105952 0.815743 0.529761
435908 0.0105952 0.815743 0.529761
337250 0.0105952 0.815743 0.529761
624146 0.0105952 0.815743 0.529761
137584 0.0105952 0.815743 0.529761
485447 0.0105952 0.815743 0.529761
1967665 0.0105952 0.815743 0.529761
2912588 0.0105952 0.815743 0.529761
167879 0.0105952 0.815743 0.529761
517723 0.0105952 0.815743 0.529761
89402 0.0105952 0.815743 0.529761
641665 0.0105952 0.815743 0.529761
2716224 0.0105952 0.815743 0.529761
1144278 0.0105952 0.815743 0.529761
3075612 0.0105952 0.815743 0.529761
2056778 0.0105952 0.815743 0.529761
2020715 0.0105952 0.815743 0.529761
349064 0.0105952 0.815743 0.529761
280483 0.0105952 0.815743 0.529761
3065648 0.0105952 0.815743 0.529761
3065647 0.0105952 0.815743 0.529761
1230533 0.0105952 0.815743 0.529761
1655234 0.0105952 0.815743 0.529761
2572245 0.0105952 0.815743 0.529761
2036687 0.0105952 0.815743 0.529761
1673741 0.0105952 0.815743 0.529761
2491017 0.0105952 0.815743 0.529761
718192 0.0105952 0.815743 0.529761
1537679 0.0105952 0.815743 0.529761
2259620 0.0105952 0.815743 0.529761
1306992 0.0105952 0.815743 0.529761
2125989 0.0105952 0.815743 0.529761
1632866 0.0105952 0.815743 0.529761
1631968 0.0105952 0.815743 0.529761
2183582 0.0105952 0.815743 0.529761
1526571 0.0105952 0.815743 0.529761
2961944 0.0105952 0.815743 0.529761
2172099 0.0105952 0.815743 0.529761
1740262 0.0105952 0.815743 0.529761
2164068 0.0105952 0.815743 0.529761
680279 0.0105952 0.815743 0.529761
1331007 0.0105952 0.815743 0.529761
1563703 0.0105952 0.815743 0.529761
671278 0.0105952 0.815743 0.529761
1195246 0.0105952 0.815743 0.529761
582857 0.0105952 0.815743 0.529761
1127673 0.0105952 0.815743 0.529761
2079529 0.0105952 0.815743 0.529761
1856405 0.0105952 0.815743 0.529761
634436 0.0105952 0.815743 0.529761
502051 0.0105952 0.815743 0.529761
751969 0.0105952 0.815743 0.529761
521012 0.0105952 0.815743 0.529761
1121923 0.0105952 0.815743 0.529761
3075602 0.0105952 0.815743 0.529761
1085623 0.0105952 0.815743 0.529761
1121922 0.0105952 0.815743 0.529761
3075611 0.0105952 0.815743 0.529761
2984329 0.0105952 0.815743 0.529761
226011 0.0105952 0.815743 0.529761
1902781 0.0105952 0.815743 0.529761
1431249 0.0105952 0.815743 0.529761
493475 0.0105952 0.815743 0.529761
1129793 0.0105952 0.815743 0.529761
1799789 0.0105952 0.815743 0.529761
3050085 0.0105952 0.815743 0.529761
3055817 0.0105952 0.815743 0.529761
2259342 0.0105952 0.815743 0.529761
315421 0.0105952 0.815743 0.529761
1004788 0.0105952 0.815743 0.529761
1656094 0.0105952 0.815743 0.529761
2998417 0.0105952 0.815743 0.529761
471225 0.0105952 0.815743 0.529761
203795 0.0105952 0.815743 0.529761
2987522 0.0105952 0.815743 0.529761
1938339 0.0105952 0.815743 0.529761
1479524 0.0105952 0.815743 0.529761
233316 0.0105952 0.815743 0.529761
2720613 0.0105952 0.815743 0.529761
2982530 0.0105952 0.815743 0.529761
2303538 0.0105952 0.815743 0.529761
2572577 0.0105952 0.815743 0.529761
2729140 0.0105952 0.815743 0.529761
2785918 0.0105952 0.815743 0.529761
1315283 0.0105952 0.815743 0.529761
1123010 0.0105952 0.815743 0.529761
1314868 0.0105952 0.815743 0.529761
1314867 0.0105952 0.815743 0.529761
1314866 0.0105952 0.815743 0.529761
1117314 0.0105952 0.815743 0.529761
882626 0.0105952 0.815743 0.529761
161398 0.0105952 0.815743 0.529761
2518973 0.0105952 0.815743 0.529761
1859457 0.0105952 0.815743 0.529761
151081 0.0105952 0.815743 0.529761
3131913 0.0105952 0.815743 0.529761
182141 0.0105952 0.815743 0.529761
2963714 0.0105952 0.815743 0.529761
570156 0.0105952 0.815743 0.529761
43662 0.0105952 0.815743 0.529761
43658 0.0105952 0.815743 0.529761
1365250 0.0105952 0.815743 0.529761
1365257 0.0105952 0.815743 0.529761
1353533 0.0105952 0.815743 0.529761
107327 0.0105952 0.815743 0.529761
1840331 0.0105952 0.815743 0.529761
1872678 0.0105952 0.815743 0.529761
1348114 0.0105952 0.815743 0.529761
298657 0.0105952 0.815743 0.529761
1737459 0.0105952 0.815743 0.529761
288 0.0105952 0.815743 0.529761
2044854 0.0105952 0.815743 0.529761
716813 0.0105952 0.815743 0.529761
3023714 0.0105952 0.815743 0.529761
2820710 0.0105952 0.815743 0.529761
318167 0.0105952 0.815743 0.529761
225849 0.0105952 0.815743 0.529761
398579 0.0105952 0.815743 0.529761
260364 0.0105952 0.815743 0.529761
2520507 0.0105952 0.815743 0.529761
225848 0.0105952 0.815743 0.529761
2978345 0.0105952 0.815743 0.529761
2814292 0.0105952 0.815743 0.529761
93973 0.0105952 0.815743 0.529761
552357 0.0105952 0.815743 0.529761
190310 0.0105952 0.815743 0.529761
614070 0.0105952 0.815743 0.529761
614069 0.0105952 0.815743 0.529761
220752 0.0105952 0.815743 0.529761
515560 0.0105952 0.815743 0.529761
2282699 0.0105952 0.815743 0.529761
314092 0.0105952 0.815743 0.529761
934143 0.0105952 0.815743 0.529761
212020 0.0105952 0.815743 0.529761
2864872 0.0105952 0.815743 0.529761
1028752 0.0105952 0.815743 0.529761
173509 0.0105952 0.815743 0.529761
1515746 0.0105952 0.815743 0.529761
2726434 0.0105952 0.815743 0.529761
38313 0.0105952 0.815743 0.529761
1642821 0.0105952 0.815743 0.529761
2723052 0.0105952 0.815743 0.529761
2919576 0.0105952 0.815743 0.529761
2952222 0.0105952 0.815743 0.529761
560080 0.0105952 0.815743 0.529761
1738770 0.0105952 0.815743 0.529761
25 0.0105952 0.815743 0.529761
23 0.0105952 0.815743 0.529761
2338552 0.0105952 0.815743 0.529761
342950 0.0105952 0.815743 0.529761
1188247 0.0105952 0.815743 0.529761
488538 0.0105952 0.815743 0.529761
2056226 0.0105952 0.815743 0.529761
1236966 0.0105952 0.815743 0.529761
2576439 0.0105952 0.815743 0.529761
2959716 0.0105952 0.815743 0.529761
480070 0.0105952 0.815743 0.529761
189966 0.0105952 0.815743 0.529761
2665222 0.0105952 0.815743 0.529761
1759059 0.0105952 0.815743 0.529761
1199156 0.0105952 0.815743 0.529761
582402 0.0105952 0.815743 0.529761
1280952 0.0105952 0.815743 0.529761
1280953 0.0105952 0.815743 0.529761
1280954 0.0105952 0.815743 0.529761
1280950 0.0105952 0.815743 0.529761
1280949 0.0105952 0.815743 0.529761
1280951 0.0105952 0.815743 0.529761
228405 0.0105952 0.815743 0.529761
1280948 0.0105952 0.815743 0.529761
1280947 0.0105952 0.815743 0.529761
1280941 0.0105952 0.815743 0.529761
2305467 0.0105952 0.815743 0.529761
86342 0.0105952 0.815743 0.529761
1608422 0.0105952 0.815743 0.529761
3108223 0.0105952 0.815743 0.529761
1963835 0.0105952 0.815743 0.529761
3133430 0.0105952 0.815743 0.529761
1110502 0.0105952 0.815743 0.529761
657419 0.0105952 0.815743 0.529761
349750 0.0105952 0.815743 0.529761
2816034 0.0105952 0.815743 0.529761
2606216 0.0105952 0.815743 0.529761
1418234 0.0105952 0.815743 0.529761
2950108 0.0105952 0.815743 0.529761
745714 0.0105952 0.815743 0.529761
1526572 0.0105952 0.815743 0.529761
1566827 0.0105952 0.815743 0.529761
1519374 0.0105952 0.815743 0.529761
3143536 0.0105952 0.815743 0.529761
1866326 0.0105952 0.815743 0.529761
2058213 0.0105952 0.815743 0.529761
2666033 0.0105952 0.815743 0.529761
2292771 0.0105952 0.815743 0.529761
314260 0.0105952 0.815743 0.529761
2965077 0.0105952 0.815743 0.529761
2732508 0.0105952 0.815743 0.529761
491923 0.0105952 0.815743 0.529761
91604 0.0105952 0.815743 0.529761
1427503 0.0105952 0.815743 0.529761
2175152 0.0105952 0.815743 0.529761
1397666 0.0105952 0.815743 0.529761
2030921 0.0105952 0.815743 0.529761
2043170 0.0105952 0.815743 0.529761
1505037 0.0105952 0.815743 0.529761
2975056 0.0105952 0.815743 0.529761
3024400 0.0105952 0.815743 0.529761
1456591 0.0105952 0.815743 0.529761
1735581 0.0105952 0.815743 0.529761
2161677 0.0105952 0.815743 0.529761
637679 0.0105952 0.815743 0.529761
911205 0.0105952 0.815743 0.529761
2899147 0.0105952 0.815743 0.529761
3064888 0.0105952 0.815743 0.529761
1979269 0.0105952 0.815743 0.529761
990373 0.0105952 0.815743 0.529761
1442381 0.0105952 0.815743 0.529761
2804533 0.0105952 0.815743 0.529761
938405 0.0105952 0.815743 0.529761
2835040 0.0105952 0.815743 0.529761
455361 0.0105952 0.815743 0.529761
2041189 0.0105952 0.815743 0.529761
2865671 0.0105952 0.815743 0.529761
2716930 0.0105952 0.815743 0.529761
1123062 0.0105952 0.815743 0.529761
2184016 0.0105952 0.815743 0.529761
2801474 0.0105952 0.815743 0.529761
430521 0.0105952 0.815743 0.529761
2527868 0.0105952 0.815743 0.529761
2883479 0.0105952 0.815743 0.529761
2230885 0.0105952 0.815743 0.529761
1854500 0.0105952 0.815743 0.529761
424704 0.0105952 0.815743 0.529761
693023 0.0105952 0.815743 0.529761
198092 0.0105952 0.815743 0.529761
257708 0.0105952 0.815743 0.529761
525371 0.0105952 0.815743 0.529761
1335062 0.0105952 0.815743 0.529761
907779 0.0105952 0.815743 0.529761
2545983 0.0105952 0.815743 0.529761
2937791 0.0105952 0.815743 0.529761
2478470 0.0105952 0.815743 0.529761
1817963 0.0105952 0.815743 0.529761
2768162 0.0105952 0.815743 0.529761
2768161 0.0105952 0.815743 0.529761
1750527 0.0105952 0.815743 0.529761
2307229 0.0105952 0.815743 0.529761
2307076 0.0105952 0.815743 0.529761
1224513 0.0105952 0.815743 0.529761
568898 0.0105952 0.815743 0.529761
207340 0.0105952 0.815743 0.529761
1608942 0.0105952 0.815743 0.529761
2820811 0.0105952 0.815743 0.529761
2843330 0.0105952 0.815743 0.529761
1303579 0.0105952 0.815743 0.529761
1120923 0.0105952 0.815743 0.529761
1922313 0.0105952 0.815743 0.529761
2802395 0.0105952 0.815743 0.529761
2802396 0.0105952 0.815743 0.529761
926570 0.0105952 0.815743 0.529761
349163 0.0105952 0.815743 0.529761
768198 0.0105952 0.815743 0.529761
526 0.0105952 0.815743 0.529761
1231351 0.0105952 0.815743 0.529761
1231623 0.0105952 0.815743 0.529761
1231350 0.0105952 0.815743 0.529761
1223519 0.0105952 0.815743 0.529761
1123227 0.0105952 0.815743 0.529761
1872105 0.0105952 0.815743 0.529761
2782605 0.0105952 0.815743 0.529761
2683649 0.0105952 0.815743 0.529761
2812733 0.0105952 0.815743 0.529761
2320859 0.0105952 0.815743 0.529761
320497 0.0105952 0.815743 0.529761
153496 0.0105952 0.815743 0.529761
182838 0.0105952 0.815743 0.529761
442969 0.0105952 0.815743 0.529761
1293412 0.0105952 0.815743 0.529761
504468 0.0105952 0.815743 0.529761
77585 0.0105952 0.815743 0.529761
2959299 0.0105952 0.815743 0.529761
2991712 0.0105952 0.815743 0.529761
2762277 0.0105952 0.815743 0.529761
1484109 0.0105952 0.815743 0.529761
2039288 0.0105952 0.815743 0.529761
1216886 0.0105952 0.815743 0.529761
1510841 0.0105952 0.815743 0.529761
2984948 0.0105952 0.815743 0.529761
2558360 0.0105952 0.815743 0.529761
1181271 0.0105952 0.815743 0.529761
198093 0.0105952 0.815743 0.529761
1071 0.0105952 0.815743 0.529761
3081148 0.0105952 0.815743 0.529761
1307925 0.0105952 0.815743 0.529761
1307926 0.0105952 0.815743 0.529761
2021998 0.0105952 0.815743 0.529761
1203393 0.0105952 0.815743 0.529761
2070537 0.0105952 0.815743 0.529761
2972786 0.0105952 0.815743 0.529761
1053551 0.0105952 0.815743 0.529761
634177 0.0105952 0.815743 0.529761
265959 0.0105952 0.815743 0.529761
287609 0.0105952 0.815743 0.529761
424799 0.0105952 0.815743 0.529761
1232220 0.0105952 0.815743 0.529761
1452450 0.0105952 0.815743 0.529761
1346889 0.0105952 0.815743 0.529761
1288313 0.0105952 0.815743 0.529761
1307951 0.0105952 0.815743 0.529761
1088869 0.0105952 0.815743 0.529761
1381097 0.0105952 0.815743 0.529761
656744 0.0105952 0.815743 0.529761
941463 0.0105952 0.815743 0.529761
376620 0.0105952 0.815743 0.529761
38307 0.0105952 0.815743 0.529761
89584 0.0105952 0.815743 0.529761
272568 0.0105952 0.815743 0.529761
112140 0.0105952 0.815743 0.529761
142834 0.0105952 0.815743 0.529761
2729096 0.0105952 0.815743 0.529761
1017181 0.0105952 0.815743 0.529761
1120919 0.0105952 0.815743 0.529761
945681 0.0105952 0.815743 0.529761
2817435 0.0105952 0.815743 0.529761
1502842 0.0105952 0.815743 0.529761
1502841 0.0105952 0.815743 0.529761
1076596 0.0105952 0.815743 0.529761
1076594 0.0105952 0.815743 0.529761
446692 0.0105952 0.815743 0.529761
146476 0.0105952 0.815743 0.529761
146475 0.0105952 0.815743 0.529761
146474 0.0105952 0.815743 0.529761
2661687 0.0105952 0.815743 0.529761
104101 0.0105952 0.815743 0.529761
104098 0.0105952 0.815743 0.529761
431306 0.0105952 0.815743 0.529761
1737473 0.0105952 0.815743 0.529761
1737472 0.0105952 0.815743 0.529761
2687306 0.0105952 0.815743 0.529761
1509237 0.0105952 0.815743 0.529761
3061083 0.0105952 0.815743 0.529761
2686094 0.0105952 0.815743 0.529761
366602 0.0105952 0.815743 0.529761
509190 0.0105952 0.815743 0.529761
3161137 0.0105952 0.815743 0.529761
2010972 0.0105952 0.815743 0.529761
2172652 0.0105952 0.815743 0.529761
1679497 0.0105952 0.815743 0.529761
565050 0.0105952 0.815743 0.529761
190650 0.0105952 0.815743 0.529761
400775 0.0105952 0.815743 0.529761
69666 0.0105952 0.815743 0.529761
1121022 0.0105952 0.815743 0.529761
715226 0.0105952 0.815743 0.529761
260084 0.0105952 0.815743 0.529761
1395890 0.0105952 0.815743 0.529761
2984212 0.0105952 0.815743 0.529761
2984210 0.0105952 0.815743 0.529761
588932 0.0105952 0.815743 0.529761
1391729 0.0105952 0.815743 0.529761
947378 0.0105952 0.815743 0.529761
2813778 0.0105952 0.815743 0.529761
322163 0.0105952 0.815743 0.529761
2774189 0.0105952 0.815743 0.529761
871741 0.0105952 0.815743 0.529761
13160 0.0105952 0.815743 0.529761
74326 0.0105952 0.815743 0.529761
74316 0.0105952 0.815743 0.529761
172043 0.0105952 0.815743 0.529761
363631 0.0105952 0.815743 0.529761
657642 0.0105952 0.815743 0.529761
1298959 0.0105952 0.815743 0.529761
450851 0.0105952 0.815743 0.529761
2803784 0.0105952 0.815743 0.529761
1914756 0.0105952 0.815743 0.529761
1813876 0.0105952 0.815743 0.529761
2665495 0.0105952 0.815743 0.529761
2170551 0.0105952 0.815743 0.529761
2201350 0.0105952 0.815743 0.529761
2823693 0.0105952 0.815743 0.529761
266125 0.0105952 0.815743 0.529761
1445034 0.0105952 0.815743 0.529761
2982689 0.0105952 0.815743 0.529761
98513 0.0105952 0.815743 0.529761
1445552 0.0105952 0.815743 0.529761
34015 0.0105952 0.815743 0.529761
579138 0.0105952 0.815743 0.529761
555217 0.0105952 0.815743 0.529761
2761622 0.0105952 0.815743 0.529761
680125 0.0105952 0.815743 0.529761
1301087 0.0105952 0.815743 0.529761
1208342 0.0105952 0.815743 0.529761
1331060 0.0105952 0.815743 0.529761
1329909 0.0105952 0.815743 0.529761
1420583 0.0105952 0.815743 0.529761
1219045 0.0105952 0.815743 0.529761
690566 0.0105952 0.815743 0.529761
2782607 0.0105952 0.815743 0.529761
2715436 0.0105952 0.815743 0.529761
944425 0.0105952 0.815743 0.529761
1007511 0.0105952 0.815743 0.529761
56193 0.0105952 0.815743 0.529761
121428 0.0105952 0.815743 0.529761
120107 0.0105952 0.815743 0.529761
1592790 0.0105952 0.815743 0.529761
1886786 0.0105952 0.815743 0.529761
870476 0.0105952 0.815743 0.529761
1591116 0.0105952 0.815743 0.529761
2933566 0.0105952 0.815743 0.529761
3063954 0.0105952 0.815743 0.529761
2735886 0.0105952 0.815743 0.529761
2506423 0.0105952 0.815743 0.529761
2008318 0.0105952 0.815743 0.529761
432308 0.0105952 0.815743 0.529761
595605 0.0105952 0.815743 0.529761
627688 0.0105952 0.815743 0.529761
529005 0.0105952 0.815743 0.529761
135719 0.0105952 0.815743 0.529761
1082345 0.0105952 0.815743 0.529761
1850238 0.0105952 0.815743 0.529761
392499 0.0105952 0.815743 0.529761
439228 0.0105952 0.815743 0.529761
2529389 0.0105952 0.815743 0.529761
861865 0.0105952 0.815743 0.529761
653954 0.0105952 0.815743 0.529761
2511025 0.0105952 0.815743 0.529761
1070431 0.0105952 0.815743 0.529761
1715348 0.0105952 0.815743 0.529761
2759707 0.0105952 0.815743 0.529761
1771310 0.0105952 0.815743 0.529761
1981098 0.0105952 0.815743 0.529761
1439888 0.0105952 0.815743 0.529761
2827236 0.0105952 0.815743 0.529761
1234595 0.0105952 0.815743 0.529761
333708 0.0105952 0.815743 0.529761
335406 0.0105952 0.815743 0.529761
3050082 0.0105952 0.815743 0.529761
1538146 0.0105952 0.815743 0.529761
1219035 0.0105952 0.815743 0.529761
1926630 0.0105952 0.815743 0.529761
2969984 0.0105952 0.815743 0.529761
538382 0.0105952 0.815743 0.529761
2584124 0.0105952 0.815743 0.529761
1300349 0.0105952 0.815743 0.529761
2182384 0.0105952 0.815743 0.529761
2739433 0.0105952 0.815743 0.529761
2828328 0.0105952 0.815743 0.529761
35811 0.0105952 0.815743 0.529761
1112 0.0105952 0.815743 0.529761
1044 0.0105952 0.815743 0.529761
1503981 0.0105952 0.815743 0.529761
2489173 0.0105952 0.815743 0.529761
2909673 0.0105952 0.815743 0.529761
2782568 0.0105952 0.815743 0.529761
3067652 0.0105952 0.815743 0.529761
2867240 0.0105952 0.815743 0.529761
2867233 0.0105952 0.815743 0.529761
874156 0.0105952 0.815743 0.529761
3145232 0.0105952 0.815743 0.529761
1784712 0.0105952 0.815743 0.529761
1648404 0.0105952 0.815743 0.529761
2793064 0.0105952 0.815743 0.529761
374177 0.0105952 0.815743 0.529761
2320269 0.0105952 0.815743 0.529761
1808508 0.0105952 0.815743 0.529761
1703339 0.0105952 0.815743 0.529761
1703341 0.0105952 0.815743 0.529761
3075597 0.0105952 0.815743 0.529761
450378 0.0105952 0.815743 0.529761
2217664 0.0105952 0.815743 0.529761
1348774 0.0105952 0.815743 0.529761
2306996 0.0105952 0.815743 0.529761
2976475 0.0105952 0.815743 0.529761
692370 0.0105952 0.815743 0.529761
1837929 0.0105952 0.815743 0.529761
1509367 0.0105952 0.815743 0.529761
2730337 0.0105952 0.815743 0.529761
1267766 0.0105952 0.815743 0.529761
1572751 0.0105952 0.815743 0.529761
1739690 0.0105952 0.815743 0.529761
1476466 0.0105952 0.815743 0.529761
1737568 0.0105952 0.815743 0.529761
3032592 0.0105952 0.815743 0.529761
2743979 0.0105952 0.815743 0.529761
476157 0.0105952 0.815743 0.529761
3113904 0.0105952 0.815743 0.529761
361183 0.0105952 0.815743 0.529761
2292257 0.0105952 0.815743 0.529761
392610 0.0105952 0.815743 0.529761
940136 0.0105952 0.815743 0.529761
1490041 0.0105952 0.815743 0.529761
1913578 0.0105952 0.815743 0.529761
1343899 0.0105952 0.815743 0.529761
2806553 0.0105952 0.815743 0.529761
1123272 0.0105952 0.815743 0.529761
2725558 0.0105952 0.815743 0.529761
394733 0.0105952 0.815743 0.529761
1507287 0.0105952 0.815743 0.529761
1219058 0.0105952 0.815743 0.529761
651663 0.0105952 0.815743 0.529761
2054227 0.0105952 0.815743 0.529761
2871171 0.0105952 0.815743 0.529761
1129133 0.0105952 0.815743 0.529761
173675 0.0105952 0.815743 0.529761
1515612 0.0105952 0.815743 0.529761
267128 0.0105952 0.815743 0.529761
462372 0.0105952 0.815743 0.529761
592051 0.0105952 0.815743 0.529761
33050 0.0105952 0.815743 0.529761
2601267 0.0105952 0.815743 0.529761
2851013 0.0105952 0.815743 0.529761
2950949 0.0105952 0.815743 0.529761
941907 0.0105952 0.815743 0.529761
1176539 0.0105952 0.815743 0.529761
2116704 0.0105952 0.815743 0.529761
2068657 0.0105952 0.815743 0.529761
645617 0.0105952 0.815743 0.529761
1763828 0.0105952 0.815743 0.529761
1921510 0.0105952 0.815743 0.529761
13656 0.0105952 0.815743 0.529761
3121345 0.0105952 0.815743 0.529761
517720 0.0105952 0.815743 0.529761
3075605 0.0105952 0.815743 0.529761
2711215 0.0105952 0.815743 0.529761
2860338 0.0105952 0.815743 0.529761
463200 0.0105952 0.815743 0.529761
1123269 0.0105952 0.815743 0.529761
908605 0.0105952 0.815743 0.529761
1123267 0.0105952 0.815743 0.529761
1219049 0.0105952 0.815743 0.529761
1219043 0.0105952 0.815743 0.529761
2555898 0.0105952 0.815743 0.529761
1736690 0.0105952 0.815743 0.529761
2949094 0.0105952 0.815743 0.529761
2949093 0.0105952 0.815743 0.529761
2949092 0.0105952 0.815743 0.529761
653931 0.0105952 0.815743 0.529761
1735121 0.0105952 0.815743 0.529761
3012344 0.0105952 0.815743 0.529761
1176646 0.0105952 0.815743 0.529761
1045317 0.0105952 0.815743 0.529761
1241761 0.0105952 0.815743 0.529761
2682842 0.0105952 0.815743 0.529761
2714943 0.0105952 0.815743 0.529761
1141890 0.0105952 0.815743 0.529761
3042314 0.0105952 0.815743 0.529761
977800 0.0105952 0.815743 0.529761
93064 0.0105952 0.815743 0.529761
93063 0.0105952 0.815743 0.529761
2484750 0.0105952 0.815743 0.529761
2320861 0.0105952 0.815743 0.529761
2319844 0.0105952 0.815743 0.529761
418184 0.0105952 0.815743 0.529761
2908209 0.0105952 0.815743 0.529761
2908207 0.0105952 0.815743 0.529761
2908206 0.0105952 0.815743 0.529761
2908205 0.0105952 0.815743 0.529761
2907998 0.0105952 0.815743 0.529761
2842451 0.0105952 0.815743 0.529761
1268553 0.0105952 0.815743 0.529761
3103142 0.0105952 0.815743 0.529761
940133 0.0105952 0.815743 0.529761
2938948 0.0105952 0.815743 0.529761
2283317 0.0105952 0.815743 0.529761
185951 0.0105952 0.815743 0.529761
2315689 0.0105952 0.815743 0.529761
2315330 0.0105952 0.815743 0.529761
2249466 0.0105952 0.815743 0.529761
2904799 0.0105952 0.815743 0.529761
1888892 0.0105952 0.815743 0.529761
53317 0.0105952 0.815743 0.529761
1855283 0.0105952 0.815743 0.529761
1560345 0.0105952 0.815743 0.529761
511662 0.0105952 0.815743 0.529761
904715 0.0105952 0.815743 0.529761
1395960 0.0105952 0.815743 0.529761
1395958 0.0105952 0.815743 0.529761
1658060 0.0105952 0.815743 0.529761
1166340 0.0105952 0.815743 0.529761
1166337 0.0105952 0.815743 0.529761
1166323 0.0105952 0.815743 0.529761
1886787 0.0105952 0.815743 0.529761
869719 0.0105952 0.815743 0.529761
2606412 0.0105952 0.815743 0.529761
344880 0.0105952 0.815743 0.529761
1327635 0.0105952 0.815743 0.529761
2572576 0.0105952 0.815743 0.529761
3063994 0.0105952 0.815743 0.529761
3063330 0.0105952 0.815743 0.529761
1915074 0.0105952 0.815743 0.529761
1848973 0.0105952 0.815743 0.529761
1979270 0.0105952 0.815743 0.529761
2305907 0.0105952 0.815743 0.529761
2698828 0.0105952 0.815743 0.529761
2698679 0.0105952 0.815743 0.529761
2764186 0.0105952 0.815743 0.529761
1813879 0.0105952 0.815743 0.529761
535907 0.0105952 0.815743 0.529761
1813468 0.0105952 0.815743 0.529761
2599297 0.0105952 0.815743 0.529761
370959 0.0105952 0.815743 0.529761
2795726 0.0105952 0.815743 0.529761
2992113 0.0105952 0.815743 0.529761
862134 0.0105952 0.815743 0.529761
1779358 0.0105952 0.815743 0.529761
1549858 0.0105952 0.815743 0.529761
237611 0.0105952 0.815743 0.529761
1843237 0.0105952 0.815743 0.529761
335630 0.0105952 0.815743 0.529761
2071607 0.0105952 0.815743 0.529761
2759526 0.0105952 0.815743 0.529761
563996 0.0105952 0.815743 0.529761
1219257 0.0105952 0.815743 0.529761
301154 0.0105952 0.815743 0.529761
2594473 0.0105952 0.815743 0.529761
1609977 0.0105952 0.815743 0.529761
298708 0.0105952 0.815743 0.529761
429134 0.0105952 0.815743 0.529761
2722791 0.0105952 0.815743 0.529761
68569 0.0105952 0.815743 0.529761
658225 0.0105952 0.815743 0.529761
2951807 0.0105952 0.815743 0.529761
2918765 0.0105952 0.815743 0.529761
296544 0.0105952 0.815743 0.529761
1344951 0.0105952 0.815743 0.529761
1541170 0.0105952 0.815743 0.529761
3080540 0.0105952 0.815743 0.529761
33051 0.0105952 0.815743 0.529761
1096930 0.0105952 0.815743 0.529761
279238 0.0105952 0.815743 0.529761
1088721 0.0105952 0.815743 0.529761
983920 0.0105952 0.815743 0.529761
1114963 0.0105952 0.815743 0.529761
1211806 0.0105952 0.815743 0.529761
2029884 0.0105952 0.815743 0.529761
260085 0.0105952 0.815743 0.529761
1176536 0.0105952 0.815743 0.529761
158500 0.0105952 0.815743 0.529761
2976432 0.0105952 0.815743 0.529761
1955250 0.0105952 0.815743 0.529761
2839843 0.0105952 0.815743 0.529761
2282397 0.0105952 0.815743 0.529761
3133436 0.0105952 0.815743 0.529761
3133435 0.0105952 0.815743 0.529761
1428314 0.0105952 0.815743 0.529761
3230299 0.0105952 0.815743 0.529761
574956 0.0105952 0.815743 0.529761
3031130 0.0105952 0.815743 0.529761
48936 0.0105952 0.815743 0.529761
1850347 0.0105952 0.815743 0.529761
1391222 0.0105952 0.815743 0.529761
2930389 0.0105952 0.815743 0.529761
2930094 0.0105952 0.815743 0.529761
2930093 0.0105952 0.815743 0.529761
2930092 0.0105952 0.815743 0.529761
13688 0.0105952 0.815743 0.529761
1256514 0.0105952 0.815743 0.529761
1256513 0.0105952 0.815743 0.529761
173676 0.0105952 0.815743 0.529761
3024215 0.0105952 0.815743 0.529761
3056842 0.0105952 0.815743 0.529761
1778672 0.0105952 0.815743 0.529761
1908524 0.0105952 0.815743 0.529761
2792964 0.0105952 0.815743 0.529761
1514948 0.0105952 0.815743 0.529761
2791981 0.0105952 0.815743 0.529761
563162 0.0105952 0.815743 0.529761
1348853 0.0105952 0.815743 0.529761
1117702 0.0105952 0.815743 0.529761
428991 0.0105952 0.815743 0.529761
428990 0.0105952 0.815743 0.529761
624388 0.0105952 0.815743 0.529761
1770194 0.0105952 0.815743 0.529761
1507448 0.0105952 0.815743 0.529761
580166 0.0105952 0.815743 0.529761
2812848 0.0105952 0.815743 0.529761
94 0.0105952 0.815743 0.529761
2211142 0.0105952 0.815743 0.529761
1264899 0.0105952 0.815743 0.529761
1489064 0.0105952 0.815743 0.529761
454162 0.0105952 0.815743 0.529761
1550907 0.0105952 0.815743 0.529761
1549748 0.0105952 0.815743 0.529761
272627 0.0105952 0.815743 0.529761
342108 0.0105952 0.815743 0.529761
1244869 0.0105952 0.815743 0.529761
2053833 0.0105952 0.815743 0.529761
1285242 0.0105952 0.815743 0.529761
1177929 0.0105952 0.815743 0.529761
1177930 0.0105952 0.815743 0.529761
1353532 0.0105952 0.815743 0.529761
1123366 0.0105952 0.815743 0.529761
744227 0.0105952 0.815743 0.529761
3037796 0.0105952 0.815743 0.529761
2048283 0.0105952 0.815743 0.529761
1293891 0.0105952 0.815743 0.529761
502049 0.0105952 0.815743 0.529761
168935 0.0105952 0.815743 0.529761
1867952 0.0105952 0.815743 0.529761
1634917 0.0105952 0.815743 0.529761
2602015 0.0105952 0.815743 0.529761
2602016 0.0105952 0.815743 0.529761
1867774 0.0105952 0.815743 0.529761
578943 0.0105952 0.815743 0.529761
940149 0.0105952 0.815743 0.529761
3064282 0.0105952 0.815743 0.529761
600628 0.0105952 0.815743 0.529761
1633335 0.0105952 0.815743 0.529761
1123362 0.0105952 0.815743 0.529761
1862145 0.0105952 0.815743 0.529761
2729598 0.0105952 0.815743 0.529761
1461337 0.0105952 0.815743 0.529761
2500179 0.0105952 0.815743 0.529761
2039722 0.0105952 0.815743 0.529761
1773489 0.0105952 0.815743 0.529761
28181 0.0105952 0.815743 0.529761
1766165 0.0105952 0.815743 0.529761
269796 0.0105952 0.815743 0.529761
382514 0.0105952 0.815743 0.529761
1168082 0.0105952 0.815743 0.529761
83401 0.0105952 0.815743 0.529761
111831 0.0105952 0.815743 0.529761
1220600 0.0105952 0.815743 0.529761
1709002 0.0105952 0.815743 0.529761
2591009 0.0105952 0.815743 0.529761
2022747 0.0105952 0.815743 0.529761
552518 0.0105952 0.815743 0.529761
140058 0.0105952 0.815743 0.529761
390880 0.0105952 0.815743 0.529761
140057 0.0105952 0.815743 0.529761
1576914 0.0105952 0.815743 0.529761
2594003 0.0105952 0.815743 0.529761
431944 0.0105952 0.815743 0.529761
908842 0.0105952 0.815743 0.529761
1150626 0.0105952 0.815743 0.529761
1437059 0.0105952 0.815743 0.529761
478448 0.0105952 0.815743 0.529761
1150469 0.0105952 0.815743 0.529761
363840 0.0105952 0.815743 0.529761
1398085 0.0105952 0.815743 0.529761
3032591 0.0105952 0.815743 0.529761
560819 0.0105952 0.815743 0.529761
374515 0.0105952 0.815743 0.529761
1419723 0.0105952 0.815743 0.529761
2661937 0.0105952 0.815743 0.529761
1579333 0.0105952 0.815743 0.529761
1082479 0.0105952 0.815743 0.529761
1087 0.0105952 0.815743 0.529761
1549855 0.0105952 0.815743 0.529761
80876 0.0105952 0.815743 0.529761
189 0.0105952 0.815743 0.529761
414052 0.0105952 0.815743 0.529761
1238182 0.0105952 0.815743 0.529761
28077 0.0105952 0.815743 0.529761
1441467 0.0105952 0.815743 0.529761
765888 0.0105952 0.815743 0.529761
201185 0.0105952 0.815743 0.529761
1612173 0.0105952 0.815743 0.529761
1981099 0.0105952 0.815743 0.529761
92933 0.0105952 0.815743 0.529761
488438 0.0105952 0.815743 0.529761
2320860 0.0105952 0.815743 0.529761
286727 0.0105952 0.815743 0.529761
416170 0.0105952 0.815743 0.529761
2970906 0.0105952 0.815743 0.529761
2735135 0.0105952 0.815743 0.529761
2800326 0.0105952 0.815743 0.529761
1226968 0.0105952 0.815743 0.529761
2044885 0.0105952 0.815743 0.529761
2202148 0.0105952 0.815743 0.529761
2496639 0.0105952 0.815743 0.529761
528244 0.0105952 0.815743 0.529761
192 0.0105952 0.815743 0.529761
2775420 0.0105952 0.815743 0.529761
1385369 0.0105952 0.815743 0.529761
393310 0.0105952 0.815743 0.529761
2609175 0.0105952 0.815743 0.529761
1434191 0.0105952 0.815743 0.529761
144022 0.0105952 0.815743 0.529761
144026 0.0105952 0.815743 0.529761
1133559 0.0105952 0.815743 0.529761
2029849 0.0105952 0.815743 0.529761
2135793 0.0105952 0.815743 0.529761
1736751 0.0105952 0.815743 0.529761
3116575 0.0105952 0.815743 0.529761
1220491 0.0105952 0.815743 0.529761
568099 0.0105952 0.815743 0.529761
287478 0.0105952 0.815743 0.529761
1128113 0.0105952 0.815743 0.529761
1298735 0.0105952 0.815743 0.529761
1479486 0.0105952 0.815743 0.529761
314256 0.0105952 0.815743 0.529761
1037889 0.0105952 0.815743 0.529761
1231392 0.0105952 0.815743 0.529761
398580 0.0105952 0.815743 0.529761
3111907 0.0105952 0.815743 0.529761
2486419 0.0105952 0.815743 0.529761
552061 0.0105952 0.815743 0.529761
321339 0.0105952 0.815743 0.529761
2614809 0.0105952 0.815743 0.529761
385492 0.0105952 0.815743 0.529761
254357 0.0105952 0.815743 0.529761
282199 0.0105952 0.815743 0.529761
576131 0.0105952 0.815743 0.529761
1852017 0.0105952 0.815743 0.529761
1524259 0.0105952 0.815743 0.529761
2964767 0.0105952 0.815743 0.529761
1685382 0.0105952 0.815743 0.529761
1914409 0.0105952 0.815743 0.529761
569882 0.0105952 0.815743 0.529761
1387277 0.0105952 0.815743 0.529761
1156985 0.0105952 0.815743 0.529761
42444 0.0105952 0.815743 0.529761
2827239 0.0105952 0.815743 0.529761
74033 0.0105952 0.815743 0.529761
1579316 0.0105952 0.815743 0.529761
595589 0.0105952 0.815743 0.529761
561184 0.0105952 0.815743 0.529761
393663 0.0105952 0.815743 0.529761
1200281 0.0105952 0.815743 0.529761
1200284 0.0105952 0.815743 0.529761
871651 0.0105952 0.815743 0.529761
871652 0.0105952 0.815743 0.529761
2968472 0.0105952 0.815743 0.529761
1402135 0.0105952 0.815743 0.529761
391948 0.0105952 0.815743 0.529761
490829 0.0105952 0.815743 0.529761
1820329 0.0105952 0.815743 0.529761
391616 0.0105952 0.815743 0.529761
391626 0.0105952 0.815743 0.529761
1655543 0.0105952 0.815743 0.529761
1458307 0.0105952 0.815743 0.529761
2836868 0.0105952 0.815743 0.529761
314271 0.0105952 0.815743 0.529761
2606218 0.0105952 0.815743 0.529761
2603819 0.0105952 0.815743 0.529761
441119 0.0105952 0.815743 0.529761
641238 0.0105952 0.815743 0.529761
1031541 0.0105952 0.815743 0.529761
3075590 0.0105952 0.815743 0.529761
441112 0.0105952 0.815743 0.529761
1396826 0.0105952 0.815743 0.529761
999552 0.0105952 0.815743 0.529761
506591 0.0105952 0.815743 0.529761
405746 0.0105952 0.815743 0.529761
390807 0.0105952 0.815743 0.529761
1244108 0.0105952 0.815743 0.529761
420998 0.0105952 0.815743 0.529761
188906 0.0105952 0.815743 0.529761
3038773 0.0105952 0.815743 0.529761
282197 0.0105952 0.815743 0.529761
313367 0.0105952 0.815743 0.529761
935700 0.0105952 0.815743 0.529761
475081 0.0105952 0.815743 0.529761
2829797 0.0105952 0.815743 0.529761
1501240 0.0105952 0.815743 0.529761
2489174 0.0105952 0.815743 0.529761
387096 0.0105952 0.815743 0.529761
2547833 0.0105952 0.815743 0.529761
315423 0.0105952 0.815743 0.529761
568105 0.0105952 0.815743 0.529761
481181 0.0105952 0.815743 0.529761
1569283 0.0105952 0.815743 0.529761
1387282 0.0105952 0.815743 0.529761
3058420 0.0105952 0.815743 0.529761
441103 0.0105952 0.815743 0.529761
2795731 0.0105952 0.815743 0.529761
515897 0.0105952 0.815743 0.529761
1943633 0.0105952 0.815743 0.529761
422297 0.0105952 0.815743 0.529761
1779329 0.0105952 0.815743 0.529761
311180 0.0105952 0.815743 0.529761
996342 0.0105952 0.815743 0.529761
505252 0.0105952 0.815743 0.529761
1323742 0.0105952 0.815743 0.529761
1123756 0.0105952 0.815743 0.529761
2029103 0.0105952 0.815743 0.529761
1454373 0.0105952 0.815743 0.529761
1461693 0.0105952 0.815743 0.529761
1524263 0.0105952 0.815743 0.529761
1614693 0.0105952 0.815743 0.529761
1891787 0.0105952 0.815743 0.529761
391595 0.0105952 0.815743 0.529761
2931391 0.0105952 0.815743 0.529761
2602289 0.0105952 0.815743 0.529761
2859783 0.0105952 0.815743 0.529761
1123069 0.0105952 0.815743 0.529761
442562 0.0105952 0.815743 0.529761
490979 0.0105952 0.815743 0.529761
687525 0.0105952 0.815743 0.529761
2585369 0.0105952 0.815743 0.529761
696760 0.0105952 0.815743 0.529761
1037362 0.0105952 0.815743 0.529761
221822 0.0105952 0.815743 0.529761
60890 0.0105952 0.815743 0.529761
481446 0.0105952 0.815743 0.529761
1844006 0.0105952 0.815743 0.529761
1580596 0.0105952 0.815743 0.529761
1208324 0.0105952 0.815743 0.529761
588602 0.0105952 0.815743 0.529761
1758178 0.0105952 0.815743 0.529761
1397108 0.0105952 0.815743 0.529761
576117 0.0105952 0.815743 0.529761
1651082 0.0105952 0.815743 0.529761
792649 0.0105952 0.815743 0.529761
2881335 0.0105952 0.815743 0.529761
195913 0.0105952 0.815743 0.529761
245187 0.0105952 0.815743 0.529761
366533 0.0105952 0.815743 0.529761
1447782 0.0105952 0.815743 0.529761
1123501 0.0105952 0.815743 0.529761
92947 0.0105952 0.815743 0.529761
759362 0.0105952 0.815743 0.529761
1123237 0.0105952 0.815743 0.529761
314265 0.0105952 0.815743 0.529761
555512 0.0105952 0.815743 0.529761
282683 0.0105952 0.815743 0.529761
1229727 0.0105952 0.815743 0.529761
2865933 0.0105952 0.815743 0.529761
568098 0.0105952 0.815743 0.529761
1775170 0.0105952 0.815743 0.529761
1250539 0.0105952 0.815743 0.529761
299262 0.0105952 0.815743 0.529761
2518930 0.0105952 0.815743 0.529761
1449350 0.0105952 0.815743 0.529761
1449351 0.0105952 0.815743 0.529761
93684 0.0105952 0.815743 0.529761
1529041 0.0105952 0.815743 0.529761
936889 0.0105952 0.815743 0.529761
633194 0.0105952 0.815743 0.529761
1379903 0.0105952 0.815743 0.529761
420403 0.0105952 0.815743 0.529761
1470563 0.0105952 0.815743 0.529761
321267 0.0105952 0.815743 0.529761
1566352 0.0105952 0.815743 0.529761
647720 0.0105952 0.815743 0.529761
254406 0.0105952 0.815743 0.529761
1662395 0.0105952 0.815743 0.529761
1715693 0.0105952 0.815743 0.529761
1280847 0.0105952 0.815743 0.529761
1280846 0.0105952 0.815743 0.529761
571298 0.0105952 0.815743 0.529761
658057 0.0105952 0.815743 0.529761
762213 0.0105952 0.815743 0.529761
943940 0.0105952 0.815743 0.529761
388399 0.0105952 0.815743 0.529761
2820268 0.0105952 0.815743 0.529761
981384 0.0105952 0.815743 0.529761
2706882 0.0105952 0.815743 0.529761
686389 0.0105952 0.815743 0.529761
2583820 0.0105952 0.815743 0.529761
2747601 0.0105952 0.815743 0.529761
1173585 0.0105952 0.815743 0.529761
2942209 0.0105952 0.815743 0.529761
639004 0.0105952 0.815743 0.529761
81569 0.0105952 0.815743 0.529761
1685379 0.0105952 0.815743 0.529761
1685378 0.0105952 0.815743 0.529761
996115 0.0105952 0.815743 0.529761
1715692 0.0105952 0.815743 0.529761
1446476 0.0105952 0.815743 0.529761
985054 0.0105952 0.815743 0.529761
1300350 0.0105952 0.815743 0.529761
391624 0.0105952 0.815743 0.529761
2161676 0.0105952 0.815743 0.529761
1342301 0.0105952 0.815743 0.529761
1342299 0.0105952 0.815743 0.529761
60137 0.0105952 0.815743 0.529761
1499314 0.0105952 0.815743 0.529761
1563671 0.0105952 0.815743 0.529761
218673 0.0105952 0.815743 0.529761
218672 0.0105952 0.815743 0.529761
83219 0.0105952 0.815743 0.529761
1917485 0.0105952 0.815743 0.529761
2766981 0.0105952 0.815743 0.529761
2698830 0.0105952 0.815743 0.529761
2829501 0.0105952 0.815743 0.529761
74348 0.0105952 0.815743 0.529761
335975 0.0105952 0.815743 0.529761
2562655 0.0105952 0.815743 0.529761
1775881 0.0105952 0.815743 0.529761
1246864 0.0105952 0.815743 0.529761
394264 0.0105952 0.815743 0.529761
2282382 0.0105952 0.815743 0.529761
1210524 0.0105952 0.815743 0.529761
373675 0.0105952 0.815743 0.529761
2851652 0.0105952 0.815743 0.529761
53501 0.0105952 0.815743 0.529761
1010611 0.0105952 0.815743 0.529761
1294297 0.0105952 0.815743 0.529761
340021 0.0105952 0.815743 0.529761
2072972 0.0105952 0.815743 0.529761
2692236 0.0105952 0.815743 0.529761
657014 0.0105952 0.815743 0.529761
2785917 0.0105952 0.815743 0.529761
1288298 0.0105952 0.815743 0.529761
89187 0.0105952 0.815743 0.529761
2980108 0.0105952 0.815743 0.529761
2320272 0.0105952 0.815743 0.529761
2022336 0.0105952 0.815743 0.529761
1005928 0.0105952 0.815743 0.529761
2576383 0.0105952 0.815743 0.529761
540747 0.0105952 0.815743 0.529761
475083 0.0105952 0.815743 0.529761
573024 0.0105952 0.815743 0.529761
505353 0.0105952 0.815743 0.529761
1356575 0.0105952 0.815743 0.529761
337701 0.0105952 0.815743 0.529761
1287727 0.0105952 0.815743 0.529761
1155722 0.0105952 0.815743 0.529761
74031 0.0105952 0.815743 0.529761
2494550 0.0105952 0.815743 0.529761
1641875 0.0105952 0.815743 0.529761
1247867 0.0105952 0.815743 0.529761
1312363 0.0105952 0.815743 0.529761
3080976 0.0105952 0.815743 0.529761
3080827 0.0105952 0.815743 0.529761
670155 0.0105952 0.815743 0.529761
1123360 0.0105952 0.815743 0.529761
670154 0.0105952 0.815743 0.529761
2601869 0.0105952 0.815743 0.529761
1486859 0.0105952 0.815743 0.529761
1510457 0.0105952 0.815743 0.529761
1049199 0.0105952 0.815743 0.529761
2161673 0.0105952 0.815743 0.529761
1294273 0.0105952 0.815743 0.529761
2650661 0.0105952 0.815743 0.529761
1193142 0.0105952 0.815743 0.529761
164332 0.0105952 0.815743 0.529761
2949426 0.0105952 0.815743 0.529761
1526570 0.0105952 0.815743 0.529761
2729614 0.0105952 0.815743 0.529761
1652492 0.0105952 0.815743 0.529761
393278 0.0105952 0.815743 0.529761
2715277 0.0105952 0.815743 0.529761
272942 0.0105952 0.815743 0.529761
453582 0.0105952 0.815743 0.529761
2907145 0.0105952 0.815743 0.529761
446682 0.0105952 0.815743 0.529761
1850250 0.0105952 0.815743 0.529761
371731 0.0105952 0.815743 0.529761
1675527 0.0105952 0.815743 0.529761
1641972 0.0105952 0.815743 0.529761
2851012 0.0105952 0.815743 0.529761
2306993 0.0105952 0.815743 0.529761
1105367 0.0105952 0.815743 0.529761
2294033 0.0105952 0.815743 0.529761
991905 0.0105952 0.815743 0.529761
666509 0.0105952 0.815743 0.529761
2030798 0.0105952 0.815743 0.529761
488547 0.0105952 0.815743 0.529761
2028108 0.0105952 0.815743 0.529761
2683284 0.0105952 0.815743 0.529761
2748098 0.0105952 0.815743 0.529761
1699413 0.0105952 0.815743 0.529761
1930667 0.0105952 0.815743 0.529761
2583821 0.0105952 0.815743 0.529761
1173614 0.0105952 0.815743 0.529761
3073604 0.0105952 0.815743 0.529761
1795308 0.0105952 0.815743 0.529761
1795305 0.0105952 0.815743 0.529761
1695997 0.0105952 0.815743 0.529761
1826607 0.0105952 0.815743 0.529761
2579971 0.0105952 0.815743 0.529761
89524 0.0105952 0.815743 0.529761
2743469 0.0105952 0.815743 0.529761
875041 0.0105952 0.815743 0.529761
2841044 0.0105952 0.815743 0.529761
2480588 0.0105952 0.815743 0.529761
1267769 0.0105952 0.815743 0.529761
1267768 0.0105952 0.815743 0.529761
2807096 0.0105952 0.815743 0.529761
3036245 0.0105952 0.815743 0.529761
2804194 0.0105952 0.815743 0.529761
2803939 0.0105952 0.815743 0.529761
1591409 0.0105952 0.815743 0.529761
2771008 0.0105952 0.815743 0.529761
1819565 0.0105952 0.815743 0.529761
2605946 0.0105952 0.815743 0.529761
1852029 0.0105952 0.815743 0.529761
1391910 0.0105952 0.815743 0.529761
1227549 0.0105952 0.815743 0.529761
1323750 0.0105952 0.815743 0.529761
2699202 0.0105952 0.815743 0.529761
765699 0.0105952 0.815743 0.529761
1519096 0.0105952 0.815743 0.529761
1387281 0.0105952 0.815743 0.529761
2599296 0.0105952 0.815743 0.529761
1549854 0.0105952 0.815743 0.529761
1189325 0.0105952 0.815743 0.529761
2499833 0.0105952 0.815743 0.529761
2171755 0.0105952 0.815743 0.529761
696762 0.0105952 0.815743 0.529761
1679460 0.0105952 0.815743 0.529761
2170577 0.0105952 0.815743 0.529761
2170575 0.0105952 0.815743 0.529761
990712 0.0105952 0.815743 0.529761
564137 0.0105952 0.815743 0.529761
1382802 0.0105952 0.815743 0.529761
1317121 0.0105952 0.815743 0.529761
2692916 0.0105952 0.815743 0.529761
1217970 0.0105952 0.815743 0.529761
2200892 0.0105952 0.815743 0.529761
2692330 0.0105952 0.815743 0.529761
2691042 0.0105952 0.815743 0.529761
1445661 0.0105952 0.815743 0.529761
2035344 0.0105952 0.815743 0.529761
1510460 0.0105952 0.815743 0.529761
1411902 0.0105952 0.815743 0.529761
2656921 0.0105952 0.815743 0.529761
1673631 0.0105952 0.815743 0.529761
591372 0.0105952 0.815743 0.529761
2753746 0.0105952 0.815743 0.529761
1475483 0.0105952 0.815743 0.529761
2588711 0.0105952 0.815743 0.529761
1465486 0.0105952 0.815743 0.529761
1335048 0.0105952 0.815743 0.529761
2546227 0.0105952 0.815743 0.529761
2547397 0.0105952 0.815743 0.529761
1756042 0.0105952 0.815743 0.529761
1756043 0.0105952 0.815743 0.529761
2705421 0.0105952 0.815743 0.529761
1795041 0.0105952 0.815743 0.529761
1470561 0.0105952 0.815743 0.529761
2604844 0.0105952 0.815743 0.529761
2578117 0.0105952 0.815743 0.529761
2483033 0.0105952 0.815743 0.529761
2997337 0.0105952 0.815743 0.529761
1651968 0.0105952 0.815743 0.529761
1889778 0.0105952 0.815743 0.529761
1553448 0.0105952 0.815743 0.529761
2488730 0.0105952 0.815743 0.529761
2709381 0.0105952 0.815743 0.529761
2486418 0.0105952 0.815743 0.529761
2305252 0.0105952 0.815743 0.529761
439529 0.0105952 0.815743 0.529761
445629 0.0105952 0.815743 0.529761
43057 0.0105952 0.815743 0.529761
2500533 0.0105952 0.815743 0.529761
1077947 0.0105952 0.815743 0.529761
2184063 0.0105952 0.815743 0.529761
2479545 0.0105952 0.815743 0.529761
404875 0.0105952 0.815743 0.529761
2172121 0.0105952 0.815743 0.529761
2662447 0.0105952 0.815743 0.529761
1505036 0.0105952 0.815743 0.529761
390270 0.0105952 0.815743 0.529761
314232 0.0105952 0.815743 0.529761
420999 0.0105952 0.815743 0.529761
1435347 0.0105952 0.815743 0.529761
287098 0.0105952 0.815743 0.529761
3137370 0.0105952 0.815743 0.529761
3137369 0.0105952 0.815743 0.529761
1524255 0.0105952 0.815743 0.529761
1123755 0.0105952 0.815743 0.529761
1286148 0.0105952 0.815743 0.529761
1343159 0.0105952 0.815743 0.529761
1122180 0.0105952 0.815743 0.529761
521013 0.0105952 0.815743 0.529761
1768241 0.0105952 0.815743 0.529761
1265309 0.0105952 0.815743 0.529761
483013 0.0105952 0.815743 0.529761
928856 0.0105952 0.815743 0.529761
2663379 0.0105952 0.815743 0.529761
2662264 0.0105952 0.815743 0.529761
3231483 0.0105952 0.815743 0.529761
2552766 0.0105952 0.815743 0.529761
2072018 0.0105952 0.815743 0.529761
1940533 0.0105952 0.815743 0.529761
2259333 0.0105952 0.815743 0.529761
407234 0.0105952 0.815743 0.529761
1185920 0.0105952 0.815743 0.529761
366618 0.0105952 0.815743 0.529761
195105 0.0105952 0.815743 0.529761
3076557 0.0105952 0.815743 0.529761
1353537 0.0105952 0.815743 0.529761
3238301 0.0105952 0.815743 0.529761
3070818 0.0105952 0.815743 0.529761
1915077 0.0105952 0.815743 0.529761
1353528 0.0105952 0.815743 0.529761
1317124 0.0105952 0.815743 0.529761
1185766 0.0105952 0.815743 0.529761
2856823 0.0105952 0.815743 0.529761
2841589 0.0105952 0.815743 0.529761
1775175 0.0105952 0.815743 0.529761
3033385 0.0105952 0.815743 0.529761
2986804 0.0105952 0.815743 0.529761
2761955 0.0105952 0.815743 0.529761
490185 0.0105952 0.815743 0.529761
589035 0.0105952 0.815743 0.529761
2840474 0.0105952 0.815743 0.529761
933059 0.0105952 0.815743 0.529761
2306023 0.0105952 0.815743 0.529761
3123040 0.0105952 0.815743 0.529761
1054497 0.0105952 0.815743 0.529761
1086013 0.0105952 0.815743 0.529761
2185115 0.0105952 0.815743 0.529761
2710650 0.0105952 0.815743 0.529761
2494374 0.0105952 0.815743 0.529761
1715691 0.0105952 0.815743 0.529761
870908 0.0105952 0.815743 0.529761
3083254 0.0105952 0.815743 0.529761
1608407 0.0105952 0.815743 0.529761
1206336 0.0105952 0.815743 0.529761
540251 0.0105952 0.815743 0.529761
58314 0.0105952 0.815743 0.529761
365340 0.0105952 0.815743 0.529761
364297 0.0105952 0.815743 0.529761
35806 0.0105952 0.815743 0.529761
35805 0.0105952 0.815743 0.529761
35804 0.0105952 0.815743 0.529761
68291 0.0105952 0.815743 0.529761
999627 0.0105952 0.815743 0.529761
1631240 0.0105952 0.815743 0.529761
2798803 0.0105952 0.815743 0.529761
3050037 0.0105952 0.815743 0.529761
3050036 0.0105952 0.815743 0.529761
337702 0.0105952 0.815743 0.529761
2483812 0.0105952 0.815743 0.529761
1188250 0.0105952 0.815743 0.529761
3069608 0.0105952 0.815743 0.529761
2755041 0.0105952 0.815743 0.529761
2029104 0.0105952 0.815743 0.529761
252305 0.0105952 0.815743 0.529761
1537215 0.0105952 0.815743 0.529761
517719 0.0105952 0.815743 0.529761
2676438 0.0105952 0.815743 0.529761
1461694 0.0105952 0.815743 0.529761
2211117 0.0105952 0.815743 0.529761
375761 0.0105952 0.815743 0.529761
2692189 0.0105952 0.815743 0.529761
396013 0.0105952 0.815743 0.529761
1247613 0.0105952 0.815743 0.529761
3066345 0.0105952 0.815743 0.529761
196587 0.0105952 0.815743 0.529761
404881 0.0105952 0.815743 0.529761
2992147 0.0105952 0.815743 0.529761
2984331 0.0105952 0.815743 0.529761
1542388 0.0105952 0.815743 0.529761
2984159 0.0105952 0.815743 0.529761
2984153 0.0105952 0.815743 0.529761
2984134 0.0105952 0.815743 0.529761
1173584 0.0105952 0.815743 0.529761
3009082 0.0105952 0.815743 0.529761
1632025 0.0105952 0.815743 0.529761
154981 0.0105952 0.815743 0.529761
1639690 0.0105952 0.815743 0.529761
2758038 0.0105952 0.815743 0.529761
1690039 0.0105952 0.815743 0.529761
2789856 0.0105952 0.815743 0.529761
1639689 0.0105952 0.815743 0.529761
1985673 0.0105952 0.815743 0.529761
2583234 0.0105952 0.815743 0.529761
2045119 0.0105952 0.815743 0.529761
2169400 0.0105952 0.815743 0.529761
2852097 0.0105952 0.815743 0.529761
318586 0.0105952 0.815743 0.529761
1367847 0.0105952 0.815743 0.529761
1276757 0.0105952 0.815743 0.529761
2489002 0.0105952 0.815743 0.529761
2259340 0.0105952 0.815743 0.529761
1571207 0.0105952 0.815743 0.529761
1077935 0.0105952 0.815743 0.529761
225362 0.0105952 0.815743 0.529761
913252 0.0105952 0.815743 0.529761
453842 0.0105952 0.815743 0.529761
2812658 0.0105952 0.815743 0.529761
3073814 0.0105952 0.815743 0.529761
1795310 0.0105952 0.815743 0.529761
2023261 0.0105952 0.815743 0.529761
384678 0.0105952 0.815743 0.529761
2841926 0.0105952 0.815743 0.529761
2086346 0.0105952 0.815743 0.529761
1463598 0.0105952 0.815743 0.529761
1529068 0.0105952 0.815743 0.529761
184748 0.0105952 0.815743 0.529761
53463 0.0105952 0.815743 0.529761
2116655 0.0105952 0.815743 0.529761
1197861 0.0105952 0.815743 0.529761
1820333 0.0105952 0.815743 0.529761
2933292 0.0105952 0.815743 0.529761
82367 0.0105952 0.815743 0.529761
147645 0.0105952 0.815743 0.529761
376733 0.0105952 0.815743 0.529761
1490030 0.0105952 0.815743 0.529761
2997341 0.0105952 0.815743 0.529761
1915382 0.0105952 0.815743 0.529761
1815556 0.0105952 0.815743 0.529761
1945662 0.0105952 0.815743 0.529761
405559 0.0105952 0.815743 0.529761
2599412 0.0105952 0.815743 0.529761
632935 0.0105952 0.815743 0.529761
336292 0.0105952 0.815743 0.529761
2760093 0.0105952 0.815743 0.529761
2006130 0.0105952 0.815743 0.529761
2922394 0.0105952 0.815743 0.529761
2528244 0.0105952 0.815743 0.529761
1545044 0.0105952 0.815743 0.529761
135740 0.0105952 0.815743 0.529761
1675788 0.0105952 0.815743 0.529761
2560053 0.0105952 0.815743 0.529761
364199 0.0105952 0.815743 0.529761
3017813 0.0105952 0.815743 0.529761
1706839 0.0105952 0.815743 0.529761
1510163 0.0105952 0.815743 0.529761
1214787 0.0105952 0.815743 0.529761
657651 0.0105952 0.815743 0.529761
690417 0.0105952 0.815743 0.529761
2491866 0.0105952 0.815743 0.529761
591205 0.0105952 0.815743 0.529761
525640 0.0105952 0.815743 0.529761
34006 0.0105952 0.815743 0.529761
34004 0.0105952 0.815743 0.529761
34002 0.0105952 0.815743 0.529761
2589815 0.0105952 0.815743 0.529761
57001 0.0105952 0.815743 0.529761
1508389 0.0105952 0.815743 0.529761
364200 0.0105952 0.815743 0.529761
1114924 0.0105952 0.815743 0.529761
356660 0.0105952 0.815743 0.529761
1666912 0.0105952 0.815743 0.529761
441209 0.0105952 0.815743 0.529761
254356 0.0105952 0.815743 0.529761
3028235 0.0105952 0.815743 0.529761
393481 0.0105952 0.815743 0.529761
1473586 0.0105952 0.815743 0.529761
2555902 0.0105952 0.815743 0.529761
2650924 0.0105952 0.815743 0.529761
128782 0.0105952 0.815743 0.529761
2969620 0.0105952 0.815743 0.529761
3075434 0.0105952 0.815743 0.529761
1036780 0.0105952 0.815743 0.529761
1036779 0.0105952 0.815743 0.529761
1036778 0.0105952 0.815743 0.529761
2773451 0.0105952 0.815743 0.529761
53254 0.0105952 0.815743 0.529761
151454 0.0105952 0.815743 0.529761
151419 0.0105952 0.815743 0.529761
1526658 0.0105952 0.815743 0.529761
2763117 0.0105952 0.815743 0.529761
1871628 0.0105952 0.815743 0.529761
1230389 0.0105952 0.815743 0.529761
2849149 0.0105952 0.815743 0.529761
2035356 0.0105952 0.815743 0.529761
2962936 0.0105952 0.815743 0.529761
3149229 0.0105952 0.815743 0.529761
2109933 0.0105952 0.815743 0.529761
372072 0.0105952 0.815743 0.529761
655353 0.0105952 0.815743 0.529761
2067669 0.0105952 0.815743 0.529761
34017 0.0105952 0.815743 0.529761
364296 0.0105952 0.815743 0.529761
1079 0.0105952 0.815743 0.529761
2233851 0.0105952 0.815743 0.529761
2954117 0.0105952 0.815743 0.529761
333368 0.0105952 0.815743 0.529761
1074 0.0105952 0.815743 0.529761
873516 0.0105952 0.815743 0.529761
586230 0.0105952 0.815743 0.529761
1437009 0.0105952 0.815743 0.529761
1565040 0.0105952 0.815743 0.529761
1094558 0.0105952 0.815743 0.529761
1686310 0.0105952 0.815743 0.529761
283165 0.0105952 0.815743 0.529761
1134510 0.0105952 0.815743 0.529761
2796142 0.0105952 0.815743 0.529761
2184697 0.0105952 0.815743 0.529761
649198 0.0105952 0.815743 0.529761
1549641 0.0105952 0.815743 0.529761
3162530 0.0105952 0.815743 0.529761
665126 0.0105952 0.815743 0.529761
2840188 0.0105952 0.815743 0.529761
2608987 0.0105952 0.815743 0.529761
1123029 0.0105952 0.815743 0.529761
747076 0.0105952 0.815743 0.529761
631454 0.0105952 0.815743 0.529761
2931392 0.0105952 0.815743 0.529761
1764581 0.0105952 0.815743 0.529761
1876515 0.0105952 0.815743 0.529761
2670375 0.0105952 0.815743 0.529761
1982044 0.0105952 0.815743 0.529761
665467 0.0105952 0.815743 0.529761
81895 0.0105952 0.815743 0.529761
410841 0.0105952 0.815743 0.529761
1122133 0.0105952 0.815743 0.529761
410840 0.0105952 0.815743 0.529761
1293440 0.0105952 0.815743 0.529761
2994654 0.0105952 0.815743 0.529761
537017 0.0105952 0.815743 0.529761
2184161 0.0105952 0.815743 0.529761
744461 0.0105952 0.815743 0.529761
1852022 0.0105952 0.815743 0.529761
1429082 0.0105952 0.815743 0.529761
2742145 0.0105952 0.815743 0.529761
1514904 0.0105952 0.815743 0.529761
76980 0.0105952 0.815743 0.529761
1482074 0.0105952 0.815743 0.529761
1920512 0.0105952 0.815743 0.529761
1166257 0.0105952 0.815743 0.529761
2023338 0.0105952 0.815743 0.529761
2793297 0.0105952 0.815743 0.529761
1439726 0.0105952 0.815743 0.529761
1855383 0.0105952 0.815743 0.529761
1120955 0.0105952 0.815743 0.529761
439612 0.0105952 0.815743 0.529761
643673 0.0105952 0.815743 0.529761
354351 0.0105952 0.815743 0.529761
354352 0.0105952 0.815743 0.529761
386305 0.0105952 0.815743 0.529761
1293442 0.0105952 0.815743 0.529761
2706015 0.0105952 0.815743 0.529761
419475 0.0105952 0.815743 0.529761
520462 0.0105952 0.815743 0.529761
641118 0.0105952 0.815743 0.529761
1337887 0.0105952 0.815743 0.529761
407152 0.0105952 0.815743 0.529761
444178 0.0105952 0.815743 0.529761
470137 0.0105952 0.815743 0.529761
595497 0.0105952 0.815743 0.529761
271865 0.0105952 0.815743 0.529761
2448455 0.0105952 0.815743 0.529761
1177755 0.0105952 0.815743 0.529761
1177756 0.0105952 0.815743 0.529761
933063 0.0105952 0.815743 0.529761
418854 0.0105952 0.815743 0.529761
1608628 0.0105952 0.815743 0.529761
1202716 0.0105952 0.815743 0.529761
648757 0.0105952 0.815743 0.529761
1029756 0.0105952 0.815743 0.529761
582899 0.0105952 0.815743 0.529761
121290 0.0105952 0.815743 0.529761
51670 0.0105952 0.815743 0.529761
1774971 0.0105952 0.815743 0.529761
1384459 0.0105952 0.815743 0.529761
1774969 0.0105952 0.815743 0.529761
1774968 0.0105952 0.815743 0.529761
2608632 0.0105952 0.815743 0.529761
1333998 0.0105952 0.815743 0.529761
1712261 0.0105952 0.815743 0.529761
2593653 0.0105952 0.815743 0.529761
690164 0.0105952 0.815743 0.529761
1638099 0.0105952 0.815743 0.529761
1653334 0.0105952 0.815743 0.529761
225324 0.0105952 0.815743 0.529761
2586908 0.0105952 0.815743 0.529761
1235591 0.0105952 0.815743 0.529761
3092662 0.0105952 0.815743 0.529761
2267266 0.0105952 0.815743 0.529761
1902579 0.0105952 0.815743 0.529761
1333996 0.0105952 0.815743 0.529761
2292256 0.0105952 0.815743 0.529761
211460 0.0105952 0.815743 0.529761
340268 0.0105952 0.815743 0.529761
943830 0.0105952 0.815743 0.529761
644215 0.0105952 0.815743 0.529761
87461 0.0105952 0.815743 0.529761
316056 0.0105952 0.815743 0.529761
316058 0.0105952 0.815743 0.529761
1513892 0.0105952 0.815743 0.529761
200617 0.0105952 0.815743 0.529761
29408 0.0105952 0.815743 0.529761
29409 0.0105952 0.815743 0.529761
200616 0.0105952 0.815743 0.529761
200615 0.0105952 0.815743 0.529761
29448 0.0105952 0.815743 0.529761
224911 0.0105952 0.815743 0.529761
1274631 0.0105952 0.815743 0.529761
1437360 0.0105952 0.815743 0.529761
1404411 0.0105952 0.815743 0.529761
2911009 0.0105952 0.815743 0.529761
255045 0.0105952 0.815743 0.529761
1761772 0.0105952 0.815743 0.529761
515499 0.0105952 0.815743 0.529761
515489 0.0105952 0.815743 0.529761
1399419 0.0105952 0.815743 0.529761
1497615 0.0105952 0.815743 0.529761
2840469 0.0105952 0.815743 0.529761
1300035 0.0105952 0.815743 0.529761
1755647 0.0105952 0.815743 0.529761
280333 0.0105952 0.815743 0.529761
280332 0.0105952 0.815743 0.529761
83627 0.0105952 0.815743 0.529761
2605638 0.0105952 0.815743 0.529761
244734 0.0105952 0.815743 0.529761
2734912 0.0105952 0.815743 0.529761
2734909 0.0105952 0.815743 0.529761
2898149 0.0105952 0.815743 0.529761
1325118 0.0105952 0.815743 0.529761
1325107 0.0105952 0.815743 0.529761
931866 0.0105952 0.815743 0.529761
634784 0.0105952 0.815743 0.529761
1518501 0.0105952 0.815743 0.529761
1419277 0.0105952 0.815743 0.529761
1549949 0.0105952 0.815743 0.529761
108015 0.0105952 0.815743 0.529761
989370 0.0105952 0.815743 0.529761
2594946 0.0105952 0.815743 0.529761
2560055 0.0105952 0.815743 0.529761
2560054 0.0105952 0.815743 0.529761
2755406 0.0105952 0.815743 0.529761
722472 0.0105952 0.815743 0.529761
1803665 0.0105952 0.815743 0.529761
2721161 0.0105952 0.815743 0.529761
121719 0.0105952 0.815743 0.529761
2750084 0.0105952 0.815743 0.529761
3121537 0.0105952 0.815743 0.529761
466044 0.0105952 0.815743 0.529761
665038 0.0105952 0.815743 0.529761
1604349 0.0105952 0.815743 0.529761
384765 0.0105952 0.815743 0.529761
2816037 0.0105952 0.815743 0.529761
150831 0.0105952 0.815743 0.529761
281252 0.0105952 0.815743 0.529761
2803841 0.0105952 0.815743 0.529761
2933272 0.0105952 0.815743 0.529761
311410 0.0105952 0.815743 0.529761
2866279 0.0105952 0.815743 0.529761
2571221 0.0105952 0.815743 0.529761
735517 0.0105952 0.815743 0.529761
1323746 0.0105952 0.815743 0.529761
2600299 0.0105952 0.815743 0.529761
76305 0.0105952 0.815743 0.529761
3123038 0.0105952 0.815743 0.529761
2857014 0.0105952 0.815743 0.529761
992267 0.0105952 0.815743 0.529761
538381 0.0105952 0.815743 0.529761
2758565 0.0105952 0.815743 0.529761
2692190 0.0105952 0.815743 0.529761
285279 0.0105952 0.815743 0.529761
258256 0.0105952 0.815743 0.529761
989403 0.0105952 0.815743 0.529761
366534 0.0105952 0.815743 0.529761
197461 0.0105952 0.815743 0.529761
1122261 0.0105952 0.815743 0.529761
2570229 0.0105952 0.815743 0.529761
1940610 0.0105952 0.815743 0.529761
1868589 0.0105952 0.815743 0.529761
1951219 0.0105952 0.815743 0.529761
569860 0.0105952 0.815743 0.529761
395963 0.0105952 0.815743 0.529761
3080828 0.0105952 0.815743 0.529761
1612308 0.0105952 0.815743 0.529761
2316527 0.0105952 0.815743 0.529761
2316528 0.0105952 0.815743 0.529761
2949735 0.0105952 0.815743 0.529761
454601 0.0105952 0.815743 0.529761
880732 0.0105952 0.815743 0.529761
483324 0.0105952 0.815743 0.529761
1447062 0.0105952 0.815743 0.529761
2282655 0.0105952 0.815743 0.529761
2029865 0.0105952 0.815743 0.529761
440168 0.0105952 0.815743 0.529761
2984530 0.0105952 0.815743 0.529761
1116389 0.0105952 0.815743 0.529761
1121477 0.0105952 0.815743 0.529761
2683198 0.0105952 0.815743 0.529761
2714858 0.0105952 0.815743 0.529761
191302 0.0105952 0.815743 0.529761
1335967 0.0105952 0.815743 0.529761
2774138 0.0105952 0.815743 0.529761
443610 0.0105952 0.815743 0.529761
1228055 0.0105952 0.815743 0.529761
1096929 0.0105952 0.815743 0.529761
1293439 0.0105952 0.815743 0.529761
2798801 0.0105952 0.815743 0.529761
2829817 0.0105952 0.815743 0.529761
3026423 0.0105952 0.815743 0.529761
3026418 0.0105952 0.815743 0.529761
470028 0.0105952 0.815743 0.529761
665118 0.0105952 0.815743 0.529761
2860336 0.0105952 0.815743 0.529761
400770 0.0105952 0.815743 0.529761
2071872 0.0105952 0.815743 0.529761
728005 0.0105952 0.815743 0.529761
429727 0.0105952 0.815743 0.529761
2490941 0.0105952 0.815743 0.529761
2912854 0.0105952 0.815743 0.529761
1121003 0.0105952 0.815743 0.529761
2675109 0.0105952 0.815743 0.529761
2116701 0.0105952 0.815743 0.529761
1851146 0.0105952 0.815743 0.529761
2767425 0.0105952 0.815743 0.529761
335020 0.0105952 0.815743 0.529761
1873176 0.0105952 0.815743 0.529761
314237 0.0105952 0.815743 0.529761
1494590 0.0105952 0.815743 0.529761
475069 0.0105952 0.815743 0.529761
1107882 0.0105952 0.815743 0.529761
1035067 0.0105952 0.815743 0.529761
150723 0.0105952 0.815743 0.529761
83263 0.0105952 0.815743 0.529761
376165 0.0105952 0.815743 0.529761
1849104 0.0105952 0.815743 0.529761
2682781 0.0105952 0.815743 0.529761
1295366 0.0105952 0.815743 0.529761
93369 0.0105952 0.815743 0.529761
2831468 0.0105952 0.815743 0.529761
3153579 0.0105952 0.815743 0.529761
1670800 0.0105952 0.815743 0.529761
2495581 0.0105952 0.815743 0.529761
2978478 0.0105952 0.815743 0.529761
266779 0.0105952 0.815743 0.529761
2975484 0.0105952 0.815743 0.529761
768533 0.0105952 0.815743 0.529761
1324945 0.0105952 0.815743 0.529761
89772 0.0105952 0.815743 0.529761
469551 0.0105952 0.815743 0.529761
469547 0.0105952 0.815743 0.529761
69279 0.0105952 0.815743 0.529761
1231190 0.0105952 0.815743 0.529761
391937 0.0105952 0.815743 0.529761
1189611 0.0105952 0.815743 0.529761
1735103 0.0105952 0.815743 0.529761
2682096 0.0105952 0.815743 0.529761
472175 0.0105952 0.815743 0.529761
2599600 0.0105952 0.815743 0.529761
2267699 0.0105952 0.815743 0.529761
2854036 0.0105952 0.815743 0.529761
28101 0.0105952 0.815743 0.529761
1867719 0.0105952 0.815743 0.529761
314238 0.0105952 0.815743 0.529761
2670329 0.0105952 0.815743 0.529761
1520277 0.0105952 0.815743 0.529761
300193 0.0105952 0.815743 0.529761
1149773 0.0105952 0.815743 0.529761
1502156 0.0105952 0.815743 0.529761
2814886 0.0105952 0.815743 0.529761
1607949 0.0105952 0.815743 0.529761
3228851 0.0105952 0.815743 0.529761
1297569 0.0105952 0.815743 0.529761
266835 0.0105952 0.815743 0.529761
1082933 0.0105952 0.815743 0.529761
754035 0.0105952 0.815743 0.529761
425306 0.0105952 0.815743 0.529761
1209954 0.0105952 0.815743 0.529761
1209948 0.0105952 0.815743 0.529761
28104 0.0105952 0.815743 0.529761
1566387 0.0105952 0.815743 0.529761
1631247 0.0105952 0.815743 0.529761
3072323 0.0105952 0.815743 0.529761
3072319 0.0105952 0.815743 0.529761
3072309 0.0105952 0.815743 0.529761
1300307 0.0105952 0.815743 0.529761
1300275 0.0105952 0.815743 0.529761
1004279 0.0105952 0.815743 0.529761
1165689 0.0105952 0.815743 0.529761
2014805 0.0105952 0.815743 0.529761
505389 0.0105952 0.815743 0.529761
43617 0.0105952 0.815743 0.529761
666020 0.0105952 0.815743 0.529761
1777867 0.0105952 0.815743 0.529761
1776730 0.0105952 0.815743 0.529761
39844 0.0105952 0.815743 0.529761
2233532 0.0105952 0.815743 0.529761
2953882 0.0105952 0.815743 0.529761
69974 0.0105952 0.815743 0.529761
460060 0.0105952 0.815743 0.529761
3015171 0.0105952 0.815743 0.529761
2294114 0.0105952 0.815743 0.529761
331696 0.0105952 0.815743 0.529761
933073 0.0105952 0.815743 0.529761
217067 0.0105952 0.815743 0.529761
425677 0.0105952 0.815743 0.529761
346912 0.0105952 0.815743 0.529761
346911 0.0105952 0.815743 0.529761
376174 0.0105952 0.815743 0.529761
980631 0.0105952 0.815743 0.529761
438753 0.0105952 0.815743 0.529761
223390 0.0105952 0.815743 0.529761
639283 0.0105952 0.815743 0.529761
2972472 0.0105952 0.815743 0.529761
2579147 0.0105952 0.815743 0.529761
2836179 0.0105952 0.815743 0.529761
177413 0.0105952 0.815743 0.529761
1745854 0.0105952 0.815743 0.529761
1282440 0.0105952 0.815743 0.529761
186280 0.0105952 0.815743 0.529761
60216 0.0105952 0.815743 0.529761
2607286 0.0105952 0.815743 0.529761
47492 0.0105952 0.815743 0.529761
78245 0.0105952 0.815743 0.529761
2528964 0.0105952 0.815743 0.529761
281 0.0105952 0.815743 0.529761
280 0.0105952 0.815743 0.529761
29468 0.0105952 0.815743 0.529761
391905 0.0105952 0.815743 0.529761
173366 0.0105952 0.815743 0.529761
134 0.0105952 0.815743 0.529761
428 0.0105952 0.815743 0.529761
1365950 0.0105952 0.815743 0.529761
2615207 0.0105952 0.815743 0.529761
424757 0.0105952 0.815743 0.529761
1121026 0.0105952 0.815743 0.529761
1701758 0.0105952 0.815743 0.529761
2027858 0.0105952 0.815743 0.529761
2320271 0.0105952 0.815743 0.529761
1166078 0.0105952 0.815743 0.529761
1166073 0.0105952 0.815743 0.529761
2565783 0.0105952 0.815743 0.529761
401562 0.0105952 0.815743 0.529761
1744844 0.0105952 0.815743 0.529761
1776957 0.0105952 0.815743 0.529761
182270 0.0105952 0.815743 0.529761
287752 0.0105952 0.815743 0.529761
2047720 0.0105952 0.815743 0.529761
2920428 0.0105952 0.815743 0.529761
2696469 0.0105952 0.815743 0.529761
2816857 0.0105952 0.815743 0.529761
2986949 0.0105952 0.815743 0.529761
2821407 0.0105952 0.815743 0.529761
2558362 0.0105952 0.815743 0.529761
2583532 0.0105952 0.815743 0.529761
1122214 0.0105952 0.815743 0.529761
1397477 0.0105952 0.815743 0.529761
1486262 0.0105952 0.815743 0.529761
2590451 0.0105952 0.815743 0.529761
937218 0.0105952 0.815743 0.529761
314231 0.0105952 0.815743 0.529761
3098149 0.0105952 0.815743 0.529761
2293836 0.0105952 0.815743 0.529761
47958 0.0105952 0.815743 0.529761
414703 0.0105952 0.815743 0.529761
3133970 0.0105952 0.815743 0.529761
2730920 0.0105952 0.815743 0.529761
1339210 0.0105952 0.815743 0.529761
693986 0.0105952 0.815743 0.529761
1295136 0.0105952 0.815743 0.529761
460265 0.0105952 0.815743 0.529761
426355 0.0105952 0.815743 0.529761
2584084 0.0105952 0.815743 0.529761
1141884 0.0105952 0.815743 0.529761
2583531 0.0105952 0.815743 0.529761
1697972 0.0105952 0.815743 0.529761
418708 0.0105952 0.815743 0.529761
418707 0.0105952 0.815743 0.529761
381630 0.0105952 0.815743 0.529761
315478 0.0105952 0.815743 0.529761
2051553 0.0105952 0.815743 0.529761
243690 0.0105952 0.815743 0.529761
374426 0.0105952 0.815743 0.529761
374425 0.0105952 0.815743 0.529761
2499852 0.0105952 0.815743 0.529761
270351 0.0105952 0.815743 0.529761
1187852 0.0105952 0.815743 0.529761
269660 0.0105952 0.815743 0.529761
2202825 0.0105952 0.815743 0.529761
2038277 0.0105952 0.815743 0.529761
1775910 0.0105952 0.815743 0.529761
298794 0.0105952 0.815743 0.529761
560405 0.0105952 0.815743 0.529761
410 0.0105952 0.815743 0.529761
420324 0.0105952 0.815743 0.529761
2651334 0.0105952 0.815743 0.529761
2876078 0.0105952 0.815743 0.529761
549386 0.0105952 0.815743 0.529761
2580413 0.0105952 0.815743 0.529761
186651 0.0105952 0.815743 0.529761
2740529 0.0105952 0.815743 0.529761
217168 0.0105952 0.815743 0.529761
670292 0.0105952 0.815743 0.529761
670291 0.0105952 0.815743 0.529761
1882682 0.0105952 0.815743 0.529761
1128670 0.0105952 0.815743 0.529761
1225564 0.0105952 0.815743 0.529761
864069 0.0105952 0.815743 0.529761
2108360 0.0105952 0.815743 0.529761
2795727 0.0105952 0.815743 0.529761
2791025 0.0105952 0.815743 0.529761
2791024 0.0105952 0.815743 0.529761
2692265 0.0105952 0.815743 0.529761
2754695 0.0105952 0.815743 0.529761
2719797 0.0105952 0.815743 0.529761
659006 0.0105952 0.815743 0.529761
1576911 0.0105952 0.815743 0.529761
1538102 0.0105952 0.815743 0.529761
1538103 0.0105952 0.815743 0.529761
1494448 0.0105952 0.815743 0.529761
28210 0.0105952 0.815743 0.529761
1743235 0.0105952 0.815743 0.529761
1348468 0.0105952 0.815743 0.529761
363953 0.0105952 0.815743 0.529761
3047466 0.0105952 0.815743 0.529761
1572859 0.0105952 0.815743 0.529761
1215343 0.0105952 0.815743 0.529761
424798 0.0105952 0.815743 0.529761
2715133 0.0105952 0.815743 0.529761
877384 0.0105952 0.815743 0.529761
2965071 0.0105952 0.815743 0.529761
2865987 0.0105952 0.815743 0.529761
735519 0.0105952 0.815743 0.529761
2341112 0.0105952 0.815743 0.529761
2993659 0.0105952 0.815743 0.529761
2927786 0.0105952 0.815743 0.529761
2860393 0.0105952 0.815743 0.529761
1549636 0.0105952 0.815743 0.529761
2663029 0.0105952 0.815743 0.529761
1197950 0.0105952 0.815743 0.529761
2509717 0.0105952 0.815743 0.529761
2506430 0.0105952 0.815743 0.529761
484088 0.0105952 0.815743 0.529761
2041385 0.0105952 0.815743 0.529761
28320 0.0105952 0.815743 0.529761
1636188 0.0105952 0.815743 0.529761
2746702 0.0105952 0.815743 0.529761
40837 0.0105952 0.815743 0.529761
714899 0.0105952 0.815743 0.529761
411684 0.0105952 0.815743 0.529761
288436 0.0105952 0.815743 0.529761
1480615 0.0105952 0.815743 0.529761
240521 0.0105952 0.815743 0.529761
1336235 0.0105952 0.815743 0.529761
1118451 0.0105952 0.815743 0.529761
1132695 0.0105952 0.815743 0.529761
451876 0.0105952 0.815743 0.529761
1387186 0.0105952 0.815743 0.529761
1214924 0.0105952 0.815743 0.529761
274592 0.0105952 0.815743 0.529761
1922333 0.0105952 0.815743 0.529761
2983764 0.0105952 0.815743 0.529761
2983763 0.0105952 0.815743 0.529761
363754 0.0105952 0.815743 0.529761
1220581 0.0105952 0.815743 0.529761
293958 0.0105952 0.815743 0.529761
2653122 0.0105952 0.815743 0.529761
29450 0.0105952 0.815743 0.529761
52131 0.0105952 0.815743 0.529761
411945 0.0105952 0.815743 0.529761
410764 0.0105952 0.815743 0.529761
1650438 0.0105952 0.815743 0.529761
1312183 0.0105952 0.815743 0.529761
1210932 0.0105952 0.815743 0.529761
1368425 0.0105952 0.815743 0.529761
1986026 0.0105952 0.815743 0.529761
1850373 0.0105952 0.815743 0.529761
1813451 0.0105952 0.815743 0.529761
2589807 0.0105952 0.815743 0.529761
393664 0.0105952 0.815743 0.529761
1395944 0.0105952 0.815743 0.529761
707241 0.0105952 0.815743 0.529761
716928 0.0105952 0.815743 0.529761
366394 0.0105952 0.815743 0.529761
1117943 0.0105952 0.815743 0.529761
1185652 0.0105952 0.815743 0.529761
394 0.0105952 0.815743 0.529761
194963 0.0105952 0.815743 0.529761
1472378 0.0105952 0.815743 0.529761
520838 0.0105952 0.815743 0.529761
680248 0.0105952 0.815743 0.529761
1752398 0.0105952 0.815743 0.529761
375549 0.0105952 0.815743 0.529761
110322 0.0105952 0.815743 0.529761
76747 0.0105952 0.815743 0.529761
36856 0.0105952 0.815743 0.529761
2742698 0.0105952 0.815743 0.529761
555315 0.0105952 0.815743 0.529761
106592 0.0105952 0.815743 0.529761
1848972 0.0105952 0.815743 0.529761
311402 0.0105952 0.815743 0.529761
887144 0.0105952 0.815743 0.529761
373 0.0105952 0.815743 0.529761
2801340 0.0105952 0.815743 0.529761
1132659 0.0105952 0.815743 0.529761
485907 0.0105952 0.815743 0.529761
1206817 0.0105952 0.815743 0.529761
1183425 0.0105952 0.815743 0.529761
1156935 0.0105952 0.815743 0.529761
160699 0.0105952 0.815743 0.529761
648995 0.0105952 0.815743 0.529761
1585697 0.0105952 0.815743 0.529761
1972867 0.0105952 0.815743 0.529761
1183428 0.0105952 0.815743 0.529761
1183432 0.0105952 0.815743 0.529761
1183424 0.0105952 0.815743 0.529761
1028800 0.0105952 0.815743 0.529761
1028801 0.0105952 0.815743 0.529761
2937795 0.0105952 0.815743 0.529761
1585791 0.0105952 0.815743 0.529761
2503024 0.0105952 0.815743 0.529761
3157917 0.0105952 0.815743 0.529761
528178 0.0105952 0.815743 0.529761
67774 0.0105952 0.815743 0.529761
1335061 0.0105952 0.815743 0.529761
1079109 0.0105952 0.815743 0.529761
1233081 0.0105952 0.815743 0.529761
1191678 0.0105952 0.815743 0.529761
1509405 0.0105952 0.815743 0.529761
1798805 0.0105952 0.815743 0.529761
1121113 0.0105952 0.815743 0.529761
1612624 0.0105952 0.815743 0.529761
2590452 0.0105952 0.815743 0.529761
1672749 0.0105952 0.815743 0.529761
464029 0.0105952 0.815743 0.529761
754764 0.0105952 0.815743 0.529761
1041138 0.0105952 0.815743 0.529761
1211777 0.0105952 0.815743 0.529761
216596 0.0105952 0.815743 0.529761
538378 0.0105952 0.815743 0.529761
3158967 0.0105952 0.815743 0.529761
990285 0.0105952 0.815743 0.529761
1864509 0.0105952 0.815743 0.529761
1076926 0.0105952 0.815743 0.529761
158890 0.0105952 0.815743 0.529761
1079460 0.0105952 0.815743 0.529761
2547961 0.0105952 0.815743 0.529761
908946 0.0105952 0.815743 0.529761
1138194 0.0105952 0.815743 0.529761
1138170 0.0105952 0.815743 0.529761
56731 0.0105952 0.815743 0.529761
1136135 0.0105952 0.815743 0.529761
348824 0.0105952 0.815743 0.529761
1265931 0.0105952 0.815743 0.529761
1232668 0.0105952 0.815743 0.529761
2182425 0.0105952 0.815743 0.529761
2901226 0.0105952 0.815743 0.529761
50338 0.0105952 0.815743 0.529761
2081791 0.0105952 0.815743 0.529761
508661 0.0105952 0.815743 0.529761
2867516 0.0105952 0.815743 0.529761
573179 0.0105952 0.815743 0.529761
501024 0.0105952 0.815743 0.529761
2728849 0.0105952 0.815743 0.529761
335017 0.0105952 0.815743 0.529761
2035448 0.0105952 0.815743 0.529761
1967781 0.0105952 0.815743 0.529761
1673 0.0105952 0.815743 0.529761
1312184 0.0105952 0.815743 0.529761
491916 0.0105952 0.815743 0.529761
1432050 0.0105952 0.815743 0.529761
396 0.0105952 0.815743 0.529761
1867956 0.0105952 0.815743 0.529761
352475 0.0105952 0.815743 0.529761
323621 0.0105952 0.815743 0.529761
417745 0.0105952 0.815743 0.529761
415996 0.0105952 0.815743 0.529761
2250594 0.0105952 0.815743 0.529761
2871820 0.0105952 0.815743 0.529761
1817964 0.0105952 0.815743 0.529761
2919913 0.0105952 0.815743 0.529761
2654216 0.0105952 0.815743 0.529761
Node_2056631_330485_0 0.0105952 0.815743 0.529761
Node_2056631_1838285_0 0.0105952 0.815743 0.529761
Node_2056631_2565781_0 0.0105952 0.815743 0.529761
Node_2056631_1841599_0 0.0105952 0.815743 0.529761
Node_2056631_1874277_0 0.0105952 0.815743 0.529761
Node_2056631_1685124_0 0.0105952 0.815743 0.529761
Node_2056631_1293586_0 0.0105952 0.815743 0.529761
Node_2056631_1978155_0 0.0105952 0.815743 0.529761
Node_2056631_1978162_0 0.0105952 0.815743 0.529761
Node_2056631_2478471_0 0.0105952 0.815743 0.529761
Node_2056631_2593994_0 0.0105952 0.815743 0.529761
Node_2593994_1867258_0 0.0105952 0.815743 0.529761
Node_2478471_374847_0 0.0105952 0.815743 0.529761
Node_1978162_1978157_0 0.0105952 0.815743 0.529761
Node_1978162_1978160_0 0.0105952 0.815743 0.529761
Node_1978162_1978166_0 0.0105952 0.815743 0.529761
Node_1978155_1978156_0 0.0105952 0.815743 0.529761
Node_1293586_694429_0 0.0105952 0.815743 0.529761
Node_1293586_1056495_0 0.0105952 0.815743 0.529761
Node_1293586_671065_0 0.0105952 0.815743 0.529761
Node_1293586_368408_0 0.0105952 0.815743 0.529761
Node_1293586_62609_0 0.0105952 0.815743 0.529761
Node_1293586_397948_0 0.0105952 0.815743 0.529761
Node_1293586_999630_0 0.0105952 0.815743 0.529761
Node_368408_1550241_0 0.0105952 0.815743 0.529761
Node_368408_697581_0 0.0105952 0.815743 0.529761
Node_1550241_2776706_0 0.0105952 0.815743 0.529761
Node_671065_207809_0 0.0105952 0.815743 0.529761
Node_671065_2049879_0 0.0105952 0.815743 0.529761
Node_671065_2824673_0 0.0105952 0.815743 0.529761
Node_671065_282676_0 0.0105952 0.815743 0.529761
Node_671065_1294262_0 0.0105952 0.815743 0.529761
Node_671065_1670455_0 0.0105952 0.815743 0.529761
Node_671065_555311_0 0.0105952 0.815743 0.529761
Node_282676_41673_0 0.0105952 0.815743 0.529761
Node_282676_12915_0 0.0105952 0.815743 0.529761
Node_282676_1160895_0 0.0105952 0.815743 0.529761
Node_282676_619593_0 0.0105952 0.815743 0.529761
Node_2824673_41675_0 0.0105952 0.815743 0.529761
Node_2049879_69656_0 0.0105952 0.815743 0.529761
Node_2049879_273063_0 0.0105952 0.815743 0.529761
Node_207809_330779_0 0.0105952 0.815743 0.529761
Node_1056495_666510_0 0.0105952 0.815743 0.529761
Node_694429_399550_0 0.0105952 0.815743 0.529761
Node_694429_2309_0 0.0105952 0.815743 0.529761
Node_694429_415426_0 0.0105952 0.815743 0.529761
Node_2309_1273541_0 0.0105952 0.815743 0.529761
Node_399550_3050454_0 0.0105952 0.815743 0.529761
Node_399550_765177_0 0.0105952 0.815743 0.529761
Node_399550_940295_0 0.0105952 0.815743 0.529761
Node_399550_1973259_0 0.0105952 0.815743 0.529761
Node_399550_3402707_0 0.0105952 0.815743 0.529761
Node_399550_1184251_0 0.0105952 0.815743 0.529761
Node_399550_1198449_0 0.0105952 0.815743 0.529761
Node_940295_940294_0 0.0105952 0.815743 0.529761
Node_940295_453591_0 0.0105952 0.815743 0.529761
Node_765177_768672_0 0.0105952 0.815743 0.529761
Node_3050454_583356_0 0.0105952 0.815743 0.529761
Node_1685124_1685127_0 0.0105952 0.815743 0.529761
Node_1685124_1685125_0 0.0105952 0.815743 0.529761
Node_1874277_1980982_0 0.0105952 0.815743 0.529761
Node_1874277_1499975_0 0.0105952 0.815743 0.529761
Node_1874277_414004_0 0.0105952 0.815743 0.529761
Node_1499975_1470067_0 0.0105952 0.815743 0.529761
Node_1499975_1353260_0 0.0105952 0.815743 0.529761
Node_1499975_2058097_0 0.0105952 0.815743 0.529761
Node_1499975_1903276_0 0.0105952 0.815743 0.529761
Node_1499975_1078905_0 0.0105952 0.815743 0.529761
Node_1353260_1459636_0 0.0105952 0.815743 0.529761
Node_1353260_2035267_0 0.0105952 0.815743 0.529761
Node_1353260_1798806_0 0.0105952 0.815743 0.529761
Node_1459636_926571_0 0.0105952 0.815743 0.529761
Node_1459636_1237085_0 0.0105952 0.815743 0.529761
Node_1470067_886738_0 0.0105952 0.815743 0.529761
Node_1470067_1898749_0 0.0105952 0.815743 0.529761
Node_1470067_1580092_0 0.0105952 0.815743 0.529761
Node_1470067_1229909_0 0.0105952 0.815743 0.529761
Node_1470067_1959104_0 0.0105952 0.815743 0.529761
Node_1470067_718286_0 0.0105952 0.815743 0.529761
Node_886738_1001994_0 0.0105952 0.815743 0.529761
Node_886738_859192_0 0.0105952 0.815743 0.529761
Node_1980982_2511932_0 0.0105952 0.815743 0.529761
Node_1980982_1603555_0 0.0105952 0.815743 0.529761
Node_1980982_1410606_0 0.0105952 0.815743 0.529761
Node_1980982_311458_0 0.0105952 0.815743 0.529761
Node_1603555_1407055_0 0.0105952 0.815743 0.529761
Node_2511932_1502293_0 0.0105952 0.815743 0.529761
Node_1841599_2951803_0 0.0105952 0.815743 0.529761
Node_1841599_2876573_0 0.0105952 0.815743 0.529761
Node_2951803_2594042_0 0.0105952 0.815743 0.529761
Node_2565781_1920749_0 0.0105952 0.815743 0.529761
Node_2565781_1940235_0 0.0105952 0.815743 0.529761
Node_2565781_662760_0 0.0105952 0.815743 0.529761
Node_2565781_2756139_0 0.0105952 0.815743 0.529761
Node_2565781_1803513_0 0.0105952 0.815743 0.529761
Node_2565781_3101447_0 0.0105952 0.815743 0.529761
Node_2756139_2756141_0 0.0105952 0.815743 0.529761
Node_662760_2898728_0 0.0105952 0.815743 0.529761
Node_662760_662762_0 0.0105952 0.815743 0.529761
Node_1940235_1294122_0 0.0105952 0.815743 0.529761
Node_1940235_2586965_0 0.0105952 0.815743 0.529761
Node_1294122_228908_0 0.0105952 0.815743 0.529761
Node_1920749_2885759_0 0.0105952 0.815743 0.529761
Node_1920749_2795018_0 0.0105952 0.815743 0.529761
Node_2885759_425595_0 0.0105952 0.815743 0.529761
Node_1838285_272844_0 0.0105952 0.815743 0.529761
Node_1838285_439481_0 0.0105952 0.815743 0.529761
Node_1838285_1776334_0 0.0105952 0.815743 0.529761
Node_1838285_1839936_0 0.0105952 0.815743 0.529761
Node_439481_1888997_0 0.0105952 0.815743 0.529761
Node_439481_2599289_0 0.0105952 0.815743 0.529761
Node_1888997_399579_0 0.0105952 0.815743 0.529761
Node_1888997_1577791_0 0.0105952 0.815743 0.529761
Node_1888997_2823368_0 0.0105952 0.815743 0.529761
Node_1888997_2173149_0 0.0105952 0.815743 0.529761
Node_1888997_1888996_0 0.0105952 0.815743 0.529761
Node_1888997_1889001_0 0.0105952 0.815743 0.529761
Node_1577791_1295009_0 0.0105952 0.815743 0.529761
Node_399579_74969_0 0.0105952 0.815743 0.529761
Node_399579_273075_0 0.0105952 0.815743 0.529761
Node_399579_1673428_0 0.0105952 0.815743 0.529761
Node_399579_1122961_0 0.0105952 0.815743 0.529761
Node_273075_3073602_0 0.0105952 0.815743 0.529761
Node_273075_273116_0 0.0105952 0.815743 0.529761
Node_74969_507754_0 0.0105952 0.815743 0.529761
Node_74969_333146_0 0.0105952 0.815743 0.529761
Node_507754_312540_0 0.0105952 0.815743 0.529761
Node_272844_1077256_0 0.0105952 0.815743 0.529761
Node_272844_1008153_0 0.0105952 0.815743 0.529761
Node_272844_2491083_0 0.0105952 0.815743 0.529761
Node_272844_1698284_0 0.0105952 0.815743 0.529761
Node_272844_565033_0 0.0105952 0.815743 0.529761
Node_272844_1903181_0 0.0105952 0.815743 0.529761
Node_272844_1432656_0 0.0105952 0.815743 0.529761
Node_272844_1343739_0 0.0105952 0.815743 0.529761
Node_272844_1609559_0 0.0105952 0.815743 0.529761
Node_272844_70601_0 0.0105952 0.815743 0.529761
Node_272844_529709_0 0.0105952 0.815743 0.529761
Node_272844_186497_0 0.0105952 0.815743 0.529761
Node_1432656_71997_0 0.0105952 0.815743 0.529761
Node_1432656_72803_0 0.0105952 0.815743 0.529761
Node_1432656_1712654_0 0.0105952 0.815743 0.529761
Node_1432656_110163_0 0.0105952 0.815743 0.529761
Node_1432656_2866384_0 0.0105952 0.815743 0.529761
Node_1432656_277988_0 0.0105952 0.815743 0.529761
Node_1432656_49899_0 0.0105952 0.815743 0.529761
Node_1432656_53952_0 0.0105952 0.815743 0.529761
Node_1432656_54262_0 0.0105952 0.815743 0.529761
Node_1432656_187880_0 0.0105952 0.815743 0.529761
Node_1432656_582419_0 0.0105952 0.815743 0.529761
Node_1432656_90909_0 0.0105952 0.815743 0.529761
Node_1432656_2586643_0 0.0105952 0.815743 0.529761
Node_1432656_227598_0 0.0105952 0.815743 0.529761
Node_1432656_1505907_0 0.0105952 0.815743 0.529761
Node_1432656_163003_0 0.0105952 0.815743 0.529761
Node_1432656_593117_0 0.0105952 0.815743 0.529761
Node_1432656_69014_0 0.0105952 0.815743 0.529761
Node_1432656_604354_0 0.0105952 0.815743 0.529761
Node_1432656_523849_0 0.0105952 0.815743 0.529761
Node_1903181_1927129_0 0.0105952 0.815743 0.529761
Node_565033_572546_0 0.0105952 0.815743 0.529761
Node_565033_589924_0 0.0105952 0.815743 0.529761
Node_565033_113653_0 0.0105952 0.815743 0.529761
Node_572546_1344584_0 0.0105952 0.815743 0.529761
Node_572546_693661_0 0.0105952 0.815743 0.529761
Node_572546_387631_0 0.0105952 0.815743 0.529761
Node_1698284_1698266_0 0.0105952 0.815743 0.529761
Node_1698284_1698267_0 0.0105952 0.815743 0.529761
Node_1698284_1698257_0 0.0105952 0.815743 0.529761
Node_1698284_1698259_0 0.0105952 0.815743 0.529761
Node_1698284_1698263_0 0.0105952 0.815743 0.529761
Node_1698284_1698268_0 0.0105952 0.815743 0.529761
Node_1698284_1698270_0 0.0105952 0.815743 0.529761
Node_1698284_1698271_0 0.0105952 0.815743 0.529761
Node_1698284_1698272_0 0.0105952 0.815743 0.529761
Node_1698284_1698273_0 0.0105952 0.815743 0.529761
Node_1698284_1698275_0 0.0105952 0.815743 0.529761
Node_1698284_1698277_0 0.0105952 0.815743 0.529761
Node_1698284_1698278_0 0.0105952 0.815743 0.529761
Node_1698284_1698279_0 0.0105952 0.815743 0.529761
Node_1698284_1698280_0 0.0105952 0.815743 0.529761
Node_1698284_1698281_0 0.0105952 0.815743 0.529761
Node_1698284_1698283_0 0.0105952 0.815743 0.529761
Node_1698284_1698285_0 0.0105952 0.815743 0.529761
Node_2491083_2491085_0 0.0105952 0.815743 0.529761
Node_1008153_2759912_0 0.0105952 0.815743 0.529761
Node_1008153_1705564_0 0.0105952 0.815743 0.529761
Node_1008153_2487751_0 0.0105952 0.815743 0.529761
Node_1008153_1679096_0 0.0105952 0.815743 0.529761
Node_1008153_2055893_0 0.0105952 0.815743 0.529761
Node_1008153_1227454_0 0.0105952 0.815743 0.529761
Node_1008153_558529_0 0.0105952 0.815743 0.529761
Node_1008153_755306_0 0.0105952 0.815743 0.529761
Node_1008153_2937524_0 0.0105952 0.815743 0.529761
Node_1008153_2234134_0 0.0105952 0.815743 0.529761
Node_1008153_1604004_0 0.0105952 0.815743 0.529761
Node_1008153_1227457_0 0.0105952 0.815743 0.529761
Node_1008153_175632_0 0.0105952 0.815743 0.529761
Node_1008153_795797_0 0.0105952 0.815743 0.529761
Node_1227457_179637_0 0.0105952 0.815743 0.529761
Node_1227457_931277_0 0.0105952 0.815743 0.529761
Node_1227457_1227455_0 0.0105952 0.815743 0.529761
Node_1227457_1227456_0 0.0105952 0.815743 0.529761
Node_1227457_1132509_0 0.0105952 0.815743 0.529761
Node_1604004_355548_0 0.0105952 0.815743 0.529761
Node_1604004_489913_0 0.0105952 0.815743 0.529761
Node_1604004_1873524_0 0.0105952 0.815743 0.529761
Node_1604004_1383812_0 0.0105952 0.815743 0.529761
Node_1604004_3032283_0 0.0105952 0.815743 0.529761
Node_1604004_555573_0 0.0105952 0.815743 0.529761
Node_489913_1193105_0 0.0105952 0.815743 0.529761
Node_489913_489912_0 0.0105952 0.815743 0.529761
Node_489913_1261545_0 0.0105952 0.815743 0.529761
Node_355548_2692200_0 0.0105952 0.815743 0.529761
Node_355548_2039234_0 0.0105952 0.815743 0.529761
Node_355548_2597657_0 0.0105952 0.815743 0.529761
Node_355548_1407499_0 0.0105952 0.815743 0.529761
Node_2597657_478009_0 0.0105952 0.815743 0.529761
Node_2234134_3033386_0 0.0105952 0.815743 0.529761
Node_2234134_268739_0 0.0105952 0.815743 0.529761
Node_2234134_2934340_0 0.0105952 0.815743 0.529761
Node_2234134_2212850_0 0.0105952 0.815743 0.529761
Node_2234134_1364945_0 0.0105952 0.815743 0.529761
Node_2212850_3034023_0 0.0105952 0.815743 0.529761
Node_2934340_1785090_0 0.0105952 0.815743 0.529761
Node_2934340_2934937_0 0.0105952 0.815743 0.529761
Node_268739_2217661_0 0.0105952 0.815743 0.529761
Node_268739_2841590_0 0.0105952 0.815743 0.529761
Node_268739_348780_0 0.0105952 0.815743 0.529761
Node_3033386_1872699_0 0.0105952 0.815743 0.529761
Node_3033386_2071873_0 0.0105952 0.815743 0.529761
Node_3033386_671145_0 0.0105952 0.815743 0.529761
Node_3033386_3033939_0 0.0105952 0.815743 0.529761
Node_2937524_553468_0 0.0105952 0.815743 0.529761
Node_2937524_2953748_0 0.0105952 0.815743 0.529761
Node_2937524_2938695_0 0.0105952 0.815743 0.529761
Node_553468_1008152_0 0.0105952 0.815743 0.529761
Node_553468_797209_0 0.0105952 0.815743 0.529761
Node_755306_755308_0 0.0105952 0.815743 0.529761
Node_755306_996166_0 0.0105952 0.815743 0.529761
Node_558529_2784880_0 0.0105952 0.815743 0.529761
Node_558529_926360_0 0.0105952 0.815743 0.529761
Node_1227454_1227494_0 0.0105952 0.815743 0.529761
Node_1227454_2953753_0 0.0105952 0.815743 0.529761
Node_1227454_588898_0 0.0105952 0.815743 0.529761
Node_1227454_1227497_0 0.0105952 0.815743 0.529761
Node_1227454_1679083_0 0.0105952 0.815743 0.529761
Node_1227454_619731_0 0.0105952 0.815743 0.529761
Node_1227454_797302_0 0.0105952 0.815743 0.529761
Node_1227454_2044521_0 0.0105952 0.815743 0.529761
Node_1227454_1095778_0 0.0105952 0.815743 0.529761
Node_1227454_547559_0 0.0105952 0.815743 0.529761
Node_1227454_2816475_0 0.0105952 0.815743 0.529761
Node_1227454_1586232_0 0.0105952 0.815743 0.529761
Node_1227454_1849069_0 0.0105952 0.815743 0.529761
Node_1227454_2932267_0 0.0105952 0.815743 0.529761
Node_1227454_148449_0 0.0105952 0.815743 0.529761
Node_1227454_253108_0 0.0105952 0.815743 0.529761
Node_1227454_2419781_0 0.0105952 0.815743 0.529761
Node_1227454_2979990_0 0.0105952 0.815743 0.529761
Node_1227454_1227499_0 0.0105952 0.815743 0.529761
Node_2816475_2741724_0 0.0105952 0.815743 0.529761
Node_2816475_543526_0 0.0105952 0.815743 0.529761
Node_547559_2448032_0 0.0105952 0.815743 0.529761
Node_547559_1227492_0 0.0105952 0.815743 0.529761
Node_547559_1230458_0 0.0105952 0.815743 0.529761
Node_547559_29540_0 0.0105952 0.815743 0.529761
Node_1095778_148448_0 0.0105952 0.815743 0.529761
Node_2044521_745377_0 0.0105952 0.815743 0.529761
Node_797302_1487865_0 0.0105952 0.815743 0.529761
Node_797302_1227490_0 0.0105952 0.815743 0.529761
Node_619731_797299_0 0.0105952 0.815743 0.529761
Node_1679083_1679091_0 0.0105952 0.815743 0.529761
Node_1227497_2055836_0 0.0105952 0.815743 0.529761
Node_1227497_694430_0 0.0105952 0.815743 0.529761
Node_1227497_1227498_0 0.0105952 0.815743 0.529761
Node_588898_2691917_0 0.0105952 0.815743 0.529761
Node_588898_308853_0 0.0105952 0.815743 0.529761
Node_588898_1095776_0 0.0105952 0.815743 0.529761
Node_588898_640943_0 0.0105952 0.815743 0.529761
Node_588898_348826_0 0.0105952 0.815743 0.529761
Node_588898_1227500_0 0.0105952 0.815743 0.529761
Node_2953753_2979988_0 0.0105952 0.815743 0.529761
Node_1227494_2950540_0 0.0105952 0.815743 0.529761
Node_1227494_1186196_0 0.0105952 0.815743 0.529761
Node_1227494_1710539_0 0.0105952 0.815743 0.529761
Node_1227494_301967_0 0.0105952 0.815743 0.529761
Node_1227494_1202768_0 0.0105952 0.815743 0.529761
Node_1227494_1699371_0 0.0105952 0.815743 0.529761
Node_1227494_1930624_0 0.0105952 0.815743 0.529761
Node_1227494_392421_0 0.0105952 0.815743 0.529761
Node_1227494_797303_0 0.0105952 0.815743 0.529761
Node_1227494_1230457_0 0.0105952 0.815743 0.529761
Node_2055893_553469_0 0.0105952 0.815743 0.529761
Node_2055893_2650753_0 0.0105952 0.815743 0.529761
Node_2055893_699433_0 0.0105952 0.815743 0.529761
Node_2055893_660520_0 0.0105952 0.815743 0.529761
Node_2055893_869892_0 0.0105952 0.815743 0.529761
Node_2055893_2511997_0 0.0105952 0.815743 0.529761
Node_2055893_1776492_0 0.0105952 0.815743 0.529761
Node_2055893_1230456_0 0.0105952 0.815743 0.529761
Node_2055893_699431_0 0.0105952 0.815743 0.529761
Node_2055893_3031996_0 0.0105952 0.815743 0.529761
Node_2055893_869891_0 0.0105952 0.815743 0.529761
Node_2055893_1267564_0 0.0105952 0.815743 0.529761
Node_2055893_2743089_0 0.0105952 0.815743 0.529761
Node_2055893_1236180_0 0.0105952 0.815743 0.529761
Node_2055893_2917812_0 0.0105952 0.815743 0.529761
Node_2055893_755307_0 0.0105952 0.815743 0.529761
Node_2055893_1514971_0 0.0105952 0.815743 0.529761
Node_2055893_1126234_0 0.0105952 0.815743 0.529761
Node_2055893_768065_0 0.0105952 0.815743 0.529761
Node_2055893_1324957_0 0.0105952 0.815743 0.529761
Node_768065_1238425_0 0.0105952 0.815743 0.529761
Node_1236180_553467_0 0.0105952 0.815743 0.529761
Node_2743089_2743090_0 0.0105952 0.815743 0.529761
Node_1267564_1198295_0 0.0105952 0.815743 0.529761
Node_1267564_1048396_0 0.0105952 0.815743 0.529761
Node_869891_1073996_0 0.0105952 0.815743 0.529761
Node_3031996_43928_0 0.0105952 0.815743 0.529761
Node_3031996_2175149_0 0.0105952 0.815743 0.529761
Node_3031996_3032001_0 0.0105952 0.815743 0.529761
Node_699431_1515593_0 0.0105952 0.815743 0.529761
Node_699431_1202767_0 0.0105952 0.815743 0.529761
Node_1230456_1383844_0 0.0105952 0.815743 0.529761
Node_1230456_1383851_0 0.0105952 0.815743 0.529761
Node_1230456_175631_0 0.0105952 0.815743 0.529761
Node_1230456_1126240_0 0.0105952 0.815743 0.529761
Node_1230456_2739057_0 0.0105952 0.815743 0.529761
Node_1230456_413815_0 0.0105952 0.815743 0.529761
Node_1230456_1364933_0 0.0105952 0.815743 0.529761
Node_1230456_1433523_0 0.0105952 0.815743 0.529761
Node_1230456_387340_0 0.0105952 0.815743 0.529761
Node_1230456_1765655_0 0.0105952 0.815743 0.529761
Node_1230456_63740_0 0.0105952 0.815743 0.529761
Node_1230456_261291_0 0.0105952 0.815743 0.529761
Node_1230456_1227481_0 0.0105952 0.815743 0.529761
Node_1230456_1230454_0 0.0105952 0.815743 0.529761
Node_1230456_416348_0 0.0105952 0.815743 0.529761
Node_1776492_1364940_0 0.0105952 0.815743 0.529761
Node_2511997_268735_0 0.0105952 0.815743 0.529761
Node_2511997_2216978_0 0.0105952 0.815743 0.529761
Node_2511997_2487750_0 0.0105952 0.815743 0.529761
Node_869892_660522_0 0.0105952 0.815743 0.529761
Node_869892_1547898_0 0.0105952 0.815743 0.529761
Node_869892_767515_0 0.0105952 0.815743 0.529761
Node_869892_1816183_0 0.0105952 0.815743 0.529761
Node_869892_555874_0 0.0105952 0.815743 0.529761
Node_660520_660521_0 0.0105952 0.815743 0.529761
Node_699433_660517_0 0.0105952 0.815743 0.529761
Node_699433_2761102_0 0.0105952 0.815743 0.529761
Node_699433_931585_0 0.0105952 0.815743 0.529761
Node_2650753_1476858_0 0.0105952 0.815743 0.529761
Node_2650753_1544718_0 0.0105952 0.815743 0.529761
Node_2650753_302484_0 0.0105952 0.815743 0.529761
Node_2650753_1748331_0 0.0105952 0.815743 0.529761
Node_2650753_2666140_0 0.0105952 0.815743 0.529761
Node_2650753_2666143_0 0.0105952 0.815743 0.529761
Node_2650753_662480_0 0.0105952 0.815743 0.529761
Node_2650753_309800_0 0.0105952 0.815743 0.529761
Node_2650753_523841_0 0.0105952 0.815743 0.529761
Node_553469_2950536_0 0.0105952 0.815743 0.529761
Node_553469_2950537_0 0.0105952 0.815743 0.529761
Node_553469_555875_0 0.0105952 0.815743 0.529761
Node_1679096_2487746_0 0.0105952 0.815743 0.529761
Node_1679096_890420_0 0.0105952 0.815743 0.529761
Node_1679096_1126241_0 0.0105952 0.815743 0.529761
Node_1679096_869889_0 0.0105952 0.815743 0.529761
Node_1679096_1457250_0 0.0105952 0.815743 0.529761
Node_1679096_1033806_0 0.0105952 0.815743 0.529761
Node_1679096_767519_0 0.0105952 0.815743 0.529761
Node_1033806_519442_0 0.0105952 0.815743 0.529761
Node_1457250_2841257_0 0.0105952 0.815743 0.529761
Node_869889_3026162_0 0.0105952 0.815743 0.529761
Node_869889_869886_0 0.0105952 0.815743 0.529761
Node_869889_1198301_0 0.0105952 0.815743 0.529761
Node_1126241_660518_0 0.0105952 0.815743 0.529761
Node_1126241_1367881_0 0.0105952 0.815743 0.529761
Node_890420_1510225_0 0.0105952 0.815743 0.529761
Node_890420_2692199_0 0.0105952 0.815743 0.529761
Node_890420_869890_0 0.0105952 0.815743 0.529761
Node_2487746_2950533_0 0.0105952 0.815743 0.529761
Node_2487746_2950534_0 0.0105952 0.815743 0.529761
Node_2487746_2950539_0 0.0105952 0.815743 0.529761
Node_2487746_1705562_0 0.0105952 0.815743 0.529761
Node_2487746_43776_0 0.0105952 0.815743 0.529761
Node_2487746_1427151_0 0.0105952 0.815743 0.529761
Node_2487746_2509225_0 0.0105952 0.815743 0.529761
Node_2487746_1429914_0 0.0105952 0.815743 0.529761
Node_2487746_1429915_0 0.0105952 0.815743 0.529761
Node_2487746_2487749_0 0.0105952 0.815743 0.529761
Node_2759912_106207_0 0.0105952 0.815743 0.529761
Node_2759912_660064_0 0.0105952 0.815743 0.529761
Node_2759912_349307_0 0.0105952 0.815743 0.529761
Node_2759912_351160_0 0.0105952 0.815743 0.529761
Node_2759912_2759913_0 0.0105952 0.815743 0.529761
Node_351160_2052831_0 0.0105952 0.815743 0.529761
Node_351160_304371_0 0.0105952 0.815743 0.529761
Node_351160_1041930_0 0.0105952 0.815743 0.529761
Node_349307_3033395_0 0.0105952 0.815743 0.529761
Node_349307_2223_0 0.0105952 0.815743 0.529761
Node_349307_1110509_0 0.0105952 0.815743 0.529761
Node_660064_867904_0 0.0105952 0.815743 0.529761
Node_660064_1392998_0 0.0105952 0.815743 0.529761
Node_660064_2608793_0 0.0105952 0.815743 0.529761
Node_1392998_2759911_0 0.0105952 0.815743 0.529761
Node_867904_2177_0 0.0105952 0.815743 0.529761
Node_867904_487685_0 0.0105952 0.815743 0.529761
Node_867904_3073890_0 0.0105952 0.815743 0.529761
Node_867904_3028293_0 0.0105952 0.815743 0.529761
Node_867904_3028296_0 0.0105952 0.815743 0.529761
Node_867904_768733_0 0.0105952 0.815743 0.529761
Node_867904_644295_0 0.0105952 0.815743 0.529761
Node_768733_679901_0 0.0105952 0.815743 0.529761
Node_3028296_3028298_0 0.0105952 0.815743 0.529761
Node_3028293_3028294_0 0.0105952 0.815743 0.529761
Node_3073890_1434115_0 0.0105952 0.815743 0.529761
Node_3073890_796385_0 0.0105952 0.815743 0.529761
Node_1434115_1236903_0 0.0105952 0.815743 0.529761
Node_1434115_192952_0 0.0105952 0.815743 0.529761
Node_487685_38026_0 0.0105952 0.815743 0.529761
Node_487685_502115_0 0.0105952 0.815743 0.529761
Node_487685_536044_0 0.0105952 0.815743 0.529761
Node_487685_2052935_0 0.0105952 0.815743 0.529761
Node_487685_1090322_0 0.0105952 0.815743 0.529761
Node_2177_523843_0 0.0105952 0.815743 0.529761
Node_106207_2609417_0 0.0105952 0.815743 0.529761
Node_106207_2193_0 0.0105952 0.815743 0.529761
Node_106207_593750_0 0.0105952 0.815743 0.529761
Node_106207_2834276_0 0.0105952 0.815743 0.529761
Node_106207_156457_0 0.0105952 0.815743 0.529761
Node_2834276_668570_0 0.0105952 0.815743 0.529761
Node_2834276_1277351_0 0.0105952 0.815743 0.529761
Node_593750_521011_0 0.0105952 0.815743 0.529761
Node_593750_456442_0 0.0105952 0.815743 0.529761
Node_2193_3028299_0 0.0105952 0.815743 0.529761
Node_2609417_33865_0 0.0105952 0.815743 0.529761
Node_2609417_2584085_0 0.0105952 0.815743 0.529761
Node_2609417_2199_0 0.0105952 0.815743 0.529761
Node_2609417_126734_0 0.0105952 0.815743 0.529761
Node_2609417_679926_0 0.0105952 0.815743 0.529761
Node_126734_2052832_0 0.0105952 0.815743 0.529761
Node_126734_28892_0 0.0105952 0.815743 0.529761
Node_2199_348610_0 0.0105952 0.815743 0.529761
Node_2584085_394967_0 0.0105952 0.815743 0.529761
Node_2584085_2200_0 0.0105952 0.815743 0.529761
Node_2584085_72612_0 0.0105952 0.815743 0.529761
Node_2584085_204050_0 0.0105952 0.815743 0.529761
Node_2584085_1550565_0 0.0105952 0.815743 0.529761
Node_2584085_1550566_0 0.0105952 0.815743 0.529761
Node_2584085_2651577_0 0.0105952 0.815743 0.529761
Node_33865_937775_0 0.0105952 0.815743 0.529761
Node_1077256_2546128_0 0.0105952 0.815743 0.529761
Node_1077256_523846_0 0.0105952 0.815743 0.529761
Node_1077256_294671_0 0.0105952 0.815743 0.529761
Node_1077256_118062_0 0.0105952 0.815743 0.529761
Node_1077256_187420_0 0.0105952 0.815743 0.529761
Node_118062_2161_0 0.0105952 0.815743 0.529761
Node_118062_2731220_0 0.0105952 0.815743 0.529761
Node_118062_868131_0 0.0105952 0.815743 0.529761
Node_118062_877455_0 0.0105952 0.815743 0.529761
Node_294671_230361_0 0.0105952 0.815743 0.529761
Node_294671_47311_0 0.0105952 0.815743 0.529761
Node_294671_49547_0 0.0105952 0.815743 0.529761
Node_294671_55758_0 0.0105952 0.815743 0.529761
Node_294671_1300164_0 0.0105952 0.815743 0.529761
Node_2546128_637914_0 0.0105952 0.815743 0.529761
Node_2546128_880724_0 0.0105952 0.815743 0.529761
Node_2546128_243232_0 0.0105952 0.815743 0.529761
Node_637914_419665_0 0.0105952 0.815743 0.529761
Node_330485_131310_0 0.0105952 0.815743 0.529761
Node_330485_2952_0 0.0105952 0.815743 0.529761
Node_330485_3988_0 0.0105952 0.815743 0.529761
Node_2952_163516_0 0.0105952 0.815743 0.529761
Node_2952_1381693_0 0.0105952 0.815743 0.529761
Node_2952_1628268_0 0.0105952 0.815743 0.529761
Node_131310_2056292_0 0.0105952 0.815743 0.529761
Node_131310_519541_0 0.0105952 0.815743 0.529761
Node_131310_45351_0 0.0105952 0.815743 0.529761
Node_131310_372326_0 0.0105952 0.815743 0.529761
Node_131310_69355_0 0.0105952 0.815743 0.529761
Node_131310_2018661_0 0.0105952 0.815743 0.529761
Node_131310_37863_0 0.0105952 0.815743 0.529761
Node_69355_163714_0 0.0105952 0.815743 0.529761
Node_1627895_1193502_0 0.0105952 0.815743 0.529761
Node_1627895_3016050_0 0.0105952 0.815743 0.529761
Node_1627895_1227550_0 0.0105952 0.815743 0.529761
Node_1627895_2508984_0 0.0105952 0.815743 0.529761
Node_1627895_2292766_0 0.0105952 0.815743 0.529761
Node_1627895_1499967_0 0.0105952 0.815743 0.529761
Node_1627895_2996794_0 0.0105952 0.815743 0.529761
Node_1627895_157688_0 0.0105952 0.815743 0.529761
Node_2292766_2841693_0 0.0105952 0.815743 0.529761
Node_2292766_2844893_0 0.0105952 0.815743 0.529761
Node_2841693_2024889_0 0.0105952 0.815743 0.529761
Node_2508984_2840935_0 0.0105952 0.815743 0.529761
Node_2508984_2072418_0 0.0105952 0.815743 0.529761
Node_2508984_1974704_0 0.0105952 0.815743 0.529761
Node_2508984_2013854_0 0.0105952 0.815743 0.529761
Node_2508984_1817863_0 0.0105952 0.815743 0.529761
Node_2508984_1817864_0 0.0105952 0.815743 0.529761
Node_2508984_1817867_0 0.0105952 0.815743 0.529761
Node_2508984_2212470_0 0.0105952 0.815743 0.529761
Node_2508984_2052148_0 0.0105952 0.815743 0.529761
Node_2508984_1817895_0 0.0105952 0.815743 0.529761
Node_2508984_2030807_0 0.0105952 0.815743 0.529761
Node_2508984_2268124_0 0.0105952 0.815743 0.529761
Node_2508984_2250252_0 0.0105952 0.815743 0.529761
Node_1974704_1801733_0 0.0105952 0.815743 0.529761
Node_1227550_649746_0 0.0105952 0.815743 0.529761
Node_1227550_709986_0 0.0105952 0.815743 0.529761
Node_1227550_649638_0 0.0105952 0.815743 0.529761
Node_1227550_1227551_0 0.0105952 0.815743 0.529761
Node_1227550_1408545_0 0.0105952 0.815743 0.529761
Node_1227550_526227_0 0.0105952 0.815743 0.529761
Node_1227550_869210_0 0.0105952 0.815743 0.529761
Node_1227551_2026184_0 0.0105952 0.815743 0.529761
Node_1227551_1227553_0 0.0105952 0.815743 0.529761
Node_709986_521158_0 0.0105952 0.815743 0.529761
Node_709986_394230_0 0.0105952 0.815743 0.529761
Node_709986_1706855_0 0.0105952 0.815743 0.529761
Node_709986_200252_0 0.0105952 0.815743 0.529761
Node_709986_1805970_0 0.0105952 0.815743 0.529761
Node_709986_2994950_0 0.0105952 0.815743 0.529761
Node_709986_1848197_0 0.0105952 0.815743 0.529761
Node_709986_1141878_0 0.0105952 0.815743 0.529761
Node_709986_522487_0 0.0105952 0.815743 0.529761
Node_709986_1309411_0 0.0105952 0.815743 0.529761
Node_709986_2489213_0 0.0105952 0.815743 0.529761
Node_709986_1211322_0 0.0105952 0.815743 0.529761
Node_709986_392414_0 0.0105952 0.815743 0.529761
Node_709986_32062_0 0.0105952 0.815743 0.529761
Node_709986_392561_0 0.0105952 0.815743 0.529761
Node_709986_393059_0 0.0105952 0.815743 0.529761
Node_709986_694435_0 0.0105952 0.815743 0.529761
Node_709986_694439_0 0.0105952 0.815743 0.529761
Node_709986_1223518_0 0.0105952 0.815743 0.529761
Node_709986_243230_0 0.0105952 0.815743 0.529761
Node_709986_937777_0 0.0105952 0.815743 0.529761
Node_709986_546414_0 0.0105952 0.815743 0.529761
Node_649746_525903_0 0.0105952 0.815743 0.529761
Node_649746_561720_0 0.0105952 0.815743 0.529761
Node_649746_3029084_0 0.0105952 0.815743 0.529761
Node_649746_1005740_0 0.0105952 0.815743 0.529761
Node_649746_580340_0 0.0105952 0.815743 0.529761
Node_525903_508460_0 0.0105952 0.815743 0.529761
Node_525903_2754_0 0.0105952 0.815743 0.529761
Node_525903_584708_0 0.0105952 0.815743 0.529761
Node_508460_1197717_0 0.0105952 0.815743 0.529761
Node_3016050_1222016_0 0.0105952 0.815743 0.529761
Node_3016050_2754717_0 0.0105952 0.815743 0.529761
Node_3016050_1906157_0 0.0105952 0.815743 0.529761
Node_3016050_360411_0 0.0105952 0.815743 0.529761
Node_3016050_2219043_0 0.0105952 0.815743 0.529761
Node_3016050_2088_0 0.0105952 0.815743 0.529761
Node_3016050_3127013_0 0.0105952 0.815743 0.529761
Node_3016050_2569760_0 0.0105952 0.815743 0.529761
Node_3127013_3127014_0 0.0105952 0.815743 0.529761
Node_3127013_3127016_0 0.0105952 0.815743 0.529761
Node_3127014_3127015_0 0.0105952 0.815743 0.529761
Node_2088_2840900_0 0.0105952 0.815743 0.529761
Node_2088_315358_0 0.0105952 0.815743 0.529761
Node_2219043_661478_0 0.0105952 0.815743 0.529761
Node_2219043_685828_0 0.0105952 0.815743 0.529761
Node_360411_1806508_0 0.0105952 0.815743 0.529761
Node_360411_1839801_0 0.0105952 0.815743 0.529761
Node_360411_2364212_0 0.0105952 0.815743 0.529761
Node_360411_70996_0 0.0105952 0.815743 0.529761
Node_360411_2509675_0 0.0105952 0.815743 0.529761
Node_360411_166587_0 0.0105952 0.815743 0.529761
Node_360411_2841698_0 0.0105952 0.815743 0.529761
Node_360411_229921_0 0.0105952 0.815743 0.529761
Node_360411_1678840_0 0.0105952 0.815743 0.529761
Node_360411_869279_0 0.0105952 0.815743 0.529761
Node_360411_913107_0 0.0105952 0.815743 0.529761
Node_360411_360412_0 0.0105952 0.815743 0.529761
Node_2509675_2014874_0 0.0105952 0.815743 0.529761
Node_2509675_2778365_0 0.0105952 0.815743 0.529761
Node_2509675_644383_0 0.0105952 0.815743 0.529761
Node_2509675_2778369_0 0.0105952 0.815743 0.529761
Node_644383_2490863_0 0.0105952 0.815743 0.529761
Node_2778365_2778364_0 0.0105952 0.815743 0.529761
Node_2778365_485913_0 0.0105952 0.815743 0.529761
Node_2014874_2014871_0 0.0105952 0.815743 0.529761
Node_2014874_1936993_0 0.0105952 0.815743 0.529761
Node_2014874_3026934_0 0.0105952 0.815743 0.529761
Node_2014874_2014872_0 0.0105952 0.815743 0.529761
Node_2014874_2014873_0 0.0105952 0.815743 0.529761
Node_2014874_2778368_0 0.0105952 0.815743 0.529761
Node_70996_186479_0 0.0105952 0.815743 0.529761
Node_70996_1973496_0 0.0105952 0.815743 0.529761
Node_2364212_2710758_0 0.0105952 0.815743 0.529761
Node_1839801_3038979_0 0.0105952 0.815743 0.529761
Node_1806508_872965_0 0.0105952 0.815743 0.529761
Node_1906157_1802564_0 0.0105952 0.815743 0.529761
Node_1906157_388085_0 0.0105952 0.815743 0.529761
Node_1906157_2218524_0 0.0105952 0.815743 0.529761
Node_388085_2292702_0 0.0105952 0.815743 0.529761
Node_388085_549789_0 0.0105952 0.815743 0.529761
Node_388085_1641165_0 0.0105952 0.815743 0.529761
Node_388085_234711_0 0.0105952 0.815743 0.529761
Node_388085_1304833_0 0.0105952 0.815743 0.529761
Node_388085_1921803_0 0.0105952 0.815743 0.529761
Node_388085_2107698_0 0.0105952 0.815743 0.529761
Node_388085_904376_0 0.0105952 0.815743 0.529761
Node_388085_3022442_0 0.0105952 0.815743 0.529761
Node_388085_251221_0 0.0105952 0.815743 0.529761
Node_388085_2716417_0 0.0105952 0.815743 0.529761
Node_3022442_1925591_0 0.0105952 0.815743 0.529761
Node_904376_2016057_0 0.0105952 0.815743 0.529761
Node_904376_2737172_0 0.0105952 0.815743 0.529761
Node_904376_2839662_0 0.0105952 0.815743 0.529761
Node_2107698_1973484_0 0.0105952 0.815743 0.529761
Node_2107698_1666911_0 0.0105952 0.815743 0.529761
Node_1973484_47253_0 0.0105952 0.815743 0.529761
Node_1973484_2547451_0 0.0105952 0.815743 0.529761
Node_1921803_111780_0 0.0105952 0.815743 0.529761
Node_1921803_945734_0 0.0105952 0.815743 0.529761
Node_1304833_1844469_0 0.0105952 0.815743 0.529761
Node_1304833_128403_0 0.0105952 0.815743 0.529761
Node_1844469_287848_0 0.0105952 0.815743 0.529761
Node_234711_945747_0 0.0105952 0.815743 0.529761
Node_1641165_915328_0 0.0105952 0.815743 0.529761
Node_1641165_2991925_0 0.0105952 0.815743 0.529761
Node_549789_247279_0 0.0105952 0.815743 0.529761
Node_549789_2282168_0 0.0105952 0.815743 0.529761
Node_549789_1574623_0 0.0105952 0.815743 0.529761
Node_549789_3110306_0 0.0105952 0.815743 0.529761
Node_247279_1433147_0 0.0105952 0.815743 0.529761
Node_1802564_1802583_0 0.0105952 0.815743 0.529761
Node_2754717_1500506_0 0.0105952 0.815743 0.529761
Node_2754717_2884022_0 0.0105952 0.815743 0.529761
Node_2754717_467091_0 0.0105952 0.815743 0.529761
Node_2754717_1608957_0 0.0105952 0.815743 0.529761
Node_2754717_185139_0 0.0105952 0.815743 0.529761
Node_1608957_1670830_0 0.0105952 0.815743 0.529761
Node_467091_1655583_0 0.0105952 0.815743 0.529761
Node_467091_1121877_0 0.0105952 0.815743 0.529761
Node_467091_2789776_0 0.0105952 0.815743 0.529761
Node_467091_2954438_0 0.0105952 0.815743 0.529761
Node_467091_1313172_0 0.0105952 0.815743 0.529761
Node_2954438_1229780_0 0.0105952 0.815743 0.529761
Node_2789776_467976_0 0.0105952 0.815743 0.529761
Node_1121877_1280514_0 0.0105952 0.815743 0.529761
Node_1121877_2664430_0 0.0105952 0.815743 0.529761
Node_1121877_667306_0 0.0105952 0.815743 0.529761
Node_1121877_525909_0 0.0105952 0.815743 0.529761
Node_1121877_1121881_0 0.0105952 0.815743 0.529761
Node_2884022_1002870_0 0.0105952 0.815743 0.529761
Node_2884022_496014_0 0.0105952 0.815743 0.529761
Node_2884022_2133960_0 0.0105952 0.815743 0.529761
Node_2884022_1404360_0 0.0105952 0.815743 0.529761
Node_2884022_912552_0 0.0105952 0.815743 0.529761
Node_2884022_1097667_0 0.0105952 0.815743 0.529761
Node_912552_1940611_0 0.0105952 0.815743 0.529761
Node_912552_469383_0 0.0105952 0.815743 0.529761
Node_1404360_166793_0 0.0105952 0.815743 0.529761
Node_1404360_2282478_0 0.0105952 0.815743 0.529761
Node_1404360_490573_0 0.0105952 0.815743 0.529761
Node_2133960_2949664_0 0.0105952 0.815743 0.529761
Node_2133960_2997339_0 0.0105952 0.815743 0.529761
Node_496014_2898438_0 0.0105952 0.815743 0.529761
Node_1500506_3120821_0 0.0105952 0.815743 0.529761
Node_1500506_2480626_0 0.0105952 0.815743 0.529761
Node_1500506_1892865_0 0.0105952 0.815743 0.529761
Node_1500506_1528099_0 0.0105952 0.815743 0.529761
Node_1500506_1572660_0 0.0105952 0.815743 0.529761
Node_1500506_1508375_0 0.0105952 0.815743 0.529761
Node_1500506_2497753_0 0.0105952 0.815743 0.529761
Node_1500506_598652_0 0.0105952 0.815743 0.529761
Node_1500506_648755_0 0.0105952 0.815743 0.529761
Node_1500506_369723_0 0.0105952 0.815743 0.529761
Node_1500506_2483799_0 0.0105952 0.815743 0.529761
Node_1500506_553191_0 0.0105952 0.815743 0.529761
Node_1500506_298654_0 0.0105952 0.815743 0.529761
Node_1500506_1607685_0 0.0105952 0.815743 0.529761
Node_1500506_351215_0 0.0105952 0.815743 0.529761
Node_1500506_171442_0 0.0105952 0.815743 0.529761
Node_1500506_2652290_0 0.0105952 0.815743 0.529761
Node_1500506_1981512_0 0.0105952 0.815743 0.529761
Node_1500506_995062_0 0.0105952 0.815743 0.529761
Node_1500506_3158264_0 0.0105952 0.815743 0.529761
Node_1500506_80872_0 0.0105952 0.815743 0.529761
Node_1500506_2944128_0 0.0105952 0.815743 0.529761
Node_1500506_351607_0 0.0105952 0.815743 0.529761
Node_2944128_2038343_0 0.0105952 0.815743 0.529761
Node_2944128_1206085_0 0.0105952 0.815743 0.529761
Node_2944128_3075547_0 0.0105952 0.815743 0.529761
Node_80872_134849_0 0.0105952 0.815743 0.529761
Node_80872_2593070_0 0.0105952 0.815743 0.529761
Node_80872_113569_0 0.0105952 0.815743 0.529761
Node_80872_927661_0 0.0105952 0.815743 0.529761
Node_3158264_1902245_0 0.0105952 0.815743 0.529761
Node_3158264_363630_0 0.0105952 0.815743 0.529761
Node_3158264_1090615_0 0.0105952 0.815743 0.529761
Node_3158264_2665158_0 0.0105952 0.815743 0.529761
Node_3158264_1748367_0 0.0105952 0.815743 0.529761
Node_3158264_1656892_0 0.0105952 0.815743 0.529761
Node_3158264_2803911_0 0.0105952 0.815743 0.529761
Node_3158264_2576308_0 0.0105952 0.815743 0.529761
Node_3158264_479431_0 0.0105952 0.815743 0.529761
Node_995062_1352928_0 0.0105952 0.815743 0.529761
Node_995062_995066_0 0.0105952 0.815743 0.529761
Node_1981512_1524084_0 0.0105952 0.815743 0.529761
Node_1981512_648780_0 0.0105952 0.815743 0.529761
Node_1981512_1783498_0 0.0105952 0.815743 0.529761
Node_1981512_1981511_0 0.0105952 0.815743 0.529761
Node_1981512_2650750_0 0.0105952 0.815743 0.529761
Node_1524084_561176_0 0.0105952 0.815743 0.529761
Node_1524084_2530372_0 0.0105952 0.815743 0.529761
Node_1524084_2530374_0 0.0105952 0.815743 0.529761
Node_1524084_2670374_0 0.0105952 0.815743 0.529761
Node_1524084_419479_0 0.0105952 0.815743 0.529761
Node_2652290_52771_0 0.0105952 0.815743 0.529761
Node_2652290_52770_0 0.0105952 0.815743 0.529761
Node_2652290_1921764_0 0.0105952 0.815743 0.529761
Node_2652290_2741497_0 0.0105952 0.815743 0.529761
Node_2652290_883069_0 0.0105952 0.815743 0.529761
Node_52771_2755559_0 0.0105952 0.815743 0.529761
Node_52771_111015_0 0.0105952 0.815743 0.529761
Node_52771_52774_0 0.0105952 0.815743 0.529761
Node_171442_1837743_0 0.0105952 0.815743 0.529761
Node_171442_1891644_0 0.0105952 0.815743 0.529761
Node_351215_452979_0 0.0105952 0.815743 0.529761
Node_351215_658456_0 0.0105952 0.815743 0.529761
Node_351215_2593304_0 0.0105952 0.815743 0.529761
Node_351215_2835133_0 0.0105952 0.815743 0.529761
Node_351215_3362603_0 0.0105952 0.815743 0.529761
Node_351215_1926649_0 0.0105952 0.815743 0.529761
Node_2835133_499548_0 0.0105952 0.815743 0.529761
Node_2835133_566012_0 0.0105952 0.815743 0.529761
Node_2835133_84632_0 0.0105952 0.815743 0.529761
Node_2593304_317664_0 0.0105952 0.815743 0.529761
Node_658456_1162965_0 0.0105952 0.815743 0.529761
Node_452979_1181883_0 0.0105952 0.815743 0.529761
Node_452979_559628_0 0.0105952 0.815743 0.529761
Node_452979_37633_0 0.0105952 0.815743 0.529761
Node_452979_512762_0 0.0105952 0.815743 0.529761
Node_452979_1070872_0 0.0105952 0.815743 0.529761
Node_452979_266940_0 0.0105952 0.815743 0.529761
Node_1607685_256037_0 0.0105952 0.815743 0.529761
Node_1607685_1496996_0 0.0105952 0.815743 0.529761
Node_1607685_2811108_0 0.0105952 0.815743 0.529761
Node_1496996_406432_0 0.0105952 0.815743 0.529761
Node_1496996_446470_0 0.0105952 0.815743 0.529761
Node_256037_2493553_0 0.0105952 0.815743 0.529761
Node_256037_2570927_0 0.0105952 0.815743 0.529761
Node_256037_380244_0 0.0105952 0.815743 0.529761
Node_256037_58114_0 0.0105952 0.815743 0.529761
Node_256037_2126555_0 0.0105952 0.815743 0.529761
Node_298654_573489_0 0.0105952 0.815743 0.529761
Node_298654_1839754_0 0.0105952 0.815743 0.529761
Node_298654_1834516_0 0.0105952 0.815743 0.529761
Node_1839754_1562887_0 0.0105952 0.815743 0.529761
Node_573489_1856_0 0.0105952 0.815743 0.529761
Node_573489_326424_0 0.0105952 0.815743 0.529761
Node_553191_987063_0 0.0105952 0.815743 0.529761
Node_553191_1688_0 0.0105952 0.815743 0.529761
Node_553191_1692_0 0.0105952 0.815743 0.529761
Node_553191_1693_0 0.0105952 0.815743 0.529761
Node_553191_3059038_0 0.0105952 0.815743 0.529761
Node_553191_78343_0 0.0105952 0.815743 0.529761
Node_553191_2306972_0 0.0105952 0.815743 0.529761
Node_553191_2834431_0 0.0105952 0.815743 0.529761
Node_553191_218140_0 0.0105952 0.815743 0.529761
Node_553191_1630162_0 0.0105952 0.815743 0.529761
Node_553191_1630172_0 0.0105952 0.815743 0.529761
Node_553191_1960969_0 0.0105952 0.815743 0.529761
Node_553191_158787_0 0.0105952 0.815743 0.529761
Node_553191_1798158_0 0.0105952 0.815743 0.529761
Node_553191_2650774_0 0.0105952 0.815743 0.529761
Node_553191_1603886_0 0.0105952 0.815743 0.529761
Node_553191_327277_0 0.0105952 0.815743 0.529761
Node_553191_1769423_0 0.0105952 0.815743 0.529761
Node_553191_1690_0 0.0105952 0.815743 0.529761
Node_553191_702459_0 0.0105952 0.815743 0.529761
Node_553191_547043_0 0.0105952 0.815743 0.529761
Node_553191_1437603_0 0.0105952 0.815743 0.529761
Node_553191_1437608_0 0.0105952 0.815743 0.529761
Node_553191_1042403_0 0.0105952 0.815743 0.529761
Node_2483799_56055_0 0.0105952 0.815743 0.529761
Node_2483799_2589797_0 0.0105952 0.815743 0.529761
Node_2483799_527326_0 0.0105952 0.815743 0.529761
Node_2483799_620889_0 0.0105952 0.815743 0.529761
Node_369723_227316_0 0.0105952 0.815743 0.529761
Node_369723_2939490_0 0.0105952 0.815743 0.529761
Node_369723_1076125_0 0.0105952 0.815743 0.529761
Node_369723_135947_0 0.0105952 0.815743 0.529761
Node_369723_1434730_0 0.0105952 0.815743 0.529761
Node_369723_137265_0 0.0105952 0.815743 0.529761
Node_369723_1436122_0 0.0105952 0.815743 0.529761
Node_369723_587533_0 0.0105952 0.815743 0.529761
Node_369723_338584_0 0.0105952 0.815743 0.529761
Node_369723_765197_0 0.0105952 0.815743 0.529761
Node_369723_741659_0 0.0105952 0.815743 0.529761
Node_369723_310355_0 0.0105952 0.815743 0.529761
Node_369723_53372_0 0.0105952 0.815743 0.529761
Node_369723_390989_0 0.0105952 0.815743 0.529761
Node_369723_556531_0 0.0105952 0.815743 0.529761
Node_369723_1742688_0 0.0105952 0.815743 0.529761
Node_369723_42233_0 0.0105952 0.815743 0.529761
Node_369723_439699_0 0.0105952 0.815743 0.529761
Node_369723_1751298_0 0.0105952 0.815743 0.529761
Node_369723_113560_0 0.0105952 0.815743 0.529761
Node_369723_1785913_0 0.0105952 0.815743 0.529761
Node_369723_1392758_0 0.0105952 0.815743 0.529761
Node_369723_643052_0 0.0105952 0.815743 0.529761
Node_369723_349313_0 0.0105952 0.815743 0.529761
Node_369723_349315_0 0.0105952 0.815743 0.529761
Node_369723_2811111_0 0.0105952 0.815743 0.529761
Node_369723_714109_0 0.0105952 0.815743 0.529761
Node_369723_619741_0 0.0105952 0.815743 0.529761
Node_369723_56427_0 0.0105952 0.815743 0.529761
Node_556531_556532_0 0.0105952 0.815743 0.529761
Node_390989_2807577_0 0.0105952 0.815743 0.529761
Node_390989_519421_0 0.0105952 0.815743 0.529761
Node_390989_227318_0 0.0105952 0.815743 0.529761
Node_53372_53371_0 0.0105952 0.815743 0.529761
Node_53372_706583_0 0.0105952 0.815743 0.529761
Node_310355_310353_0 0.0105952 0.815743 0.529761
Node_310355_1337874_0 0.0105952 0.815743 0.529761
Node_741659_175570_0 0.0105952 0.815743 0.529761
Node_741659_65505_0 0.0105952 0.815743 0.529761
Node_765197_373681_0 0.0105952 0.815743 0.529761
Node_338584_3140240_0 0.0105952 0.815743 0.529761
Node_587533_137266_0 0.0105952 0.815743 0.529761
Node_587533_137267_0 0.0105952 0.815743 0.529761
Node_587533_587534_0 0.0105952 0.815743 0.529761
Node_1436122_2789879_0 0.0105952 0.815743 0.529761
Node_1436122_1544732_0 0.0105952 0.815743 0.529761
Node_1436122_1544735_0 0.0105952 0.815743 0.529761
Node_1436122_566021_0 0.0105952 0.815743 0.529761
Node_1436122_673535_0 0.0105952 0.815743 0.529761
Node_1436122_555372_0 0.0105952 0.815743 0.529761
Node_137265_560556_0 0.0105952 0.815743 0.529761
Node_137265_234613_0 0.0105952 0.815743 0.529761
Node_137265_53367_0 0.0105952 0.815743 0.529761
Node_1434730_35754_0 0.0105952 0.815743 0.529761
Node_1434730_634393_0 0.0105952 0.815743 0.529761
Node_1434730_1424081_0 0.0105952 0.815743 0.529761
Node_1434730_47989_0 0.0105952 0.815743 0.529761
Node_1434730_53359_0 0.0105952 0.815743 0.529761
Node_1434730_53361_0 0.0105952 0.815743 0.529761
Node_1434730_53362_0 0.0105952 0.815743 0.529761
Node_1434730_579108_0 0.0105952 0.815743 0.529761
Node_1434730_685454_0 0.0105952 0.815743 0.529761
Node_135947_1868_0 0.0105952 0.815743 0.529761
Node_135947_2820290_0 0.0105952 0.815743 0.529761
Node_135947_135948_0 0.0105952 0.815743 0.529761
Node_135947_2792083_0 0.0105952 0.815743 0.529761
Node_135947_1287878_0 0.0105952 0.815743 0.529761
Node_135947_403638_0 0.0105952 0.815743 0.529761
Node_135947_1223317_0 0.0105952 0.815743 0.529761
Node_135947_47988_0 0.0105952 0.815743 0.529761
Node_135947_113562_0 0.0105952 0.815743 0.529761
Node_135947_113567_0 0.0105952 0.815743 0.529761
Node_135947_52696_0 0.0105952 0.815743 0.529761
Node_135947_52697_0 0.0105952 0.815743 0.529761
Node_135947_512349_0 0.0105952 0.815743 0.529761
Node_135947_3040509_0 0.0105952 0.815743 0.529761
Node_135947_1144547_0 0.0105952 0.815743 0.529761
Node_135947_3045177_0 0.0105952 0.815743 0.529761
Node_135947_1246995_0 0.0105952 0.815743 0.529761
Node_135947_512565_0 0.0105952 0.815743 0.529761
Node_1076125_624315_0 0.0105952 0.815743 0.529761
Node_1076125_3016789_0 0.0105952 0.815743 0.529761
Node_1076125_1620943_0 0.0105952 0.815743 0.529761
Node_1076125_3071409_0 0.0105952 0.815743 0.529761
Node_1076125_1076124_0 0.0105952 0.815743 0.529761
Node_1076125_1076126_0 0.0105952 0.815743 0.529761
Node_2939490_1050105_0 0.0105952 0.815743 0.529761
Node_2939490_1610840_0 0.0105952 0.815743 0.529761
Node_2939490_1416877_0 0.0105952 0.815743 0.529761
Node_2939490_571912_0 0.0105952 0.815743 0.529761
Node_2939490_113561_0 0.0105952 0.815743 0.529761
Node_2939490_113563_0 0.0105952 0.815743 0.529761
Node_2939490_113564_0 0.0105952 0.815743 0.529761
Node_2939490_113565_0 0.0105952 0.815743 0.529761
Node_2939490_2997416_0 0.0105952 0.815743 0.529761
Node_2939490_52695_0 0.0105952 0.815743 0.529761
Node_2939490_1036182_0 0.0105952 0.815743 0.529761
Node_2939490_2906497_0 0.0105952 0.815743 0.529761
Node_2939490_2810368_0 0.0105952 0.815743 0.529761
Node_227316_230091_0 0.0105952 0.815743 0.529761
Node_227316_1877_0 0.0105952 0.815743 0.529761
Node_227316_1282883_0 0.0105952 0.815743 0.529761
Node_227316_1184706_0 0.0105952 0.815743 0.529761
Node_227316_2070366_0 0.0105952 0.815743 0.529761
Node_227316_2202420_0 0.0105952 0.815743 0.529761
Node_227316_2202421_0 0.0105952 0.815743 0.529761
Node_227316_502268_0 0.0105952 0.815743 0.529761
Node_227316_405436_0 0.0105952 0.815743 0.529761
Node_227316_3028804_0 0.0105952 0.815743 0.529761
Node_227316_1522057_0 0.0105952 0.815743 0.529761
Node_227316_145854_0 0.0105952 0.815743 0.529761
Node_227316_145857_0 0.0105952 0.815743 0.529761
Node_227316_47853_0 0.0105952 0.815743 0.529761
Node_227316_47858_0 0.0105952 0.815743 0.529761
Node_227316_47860_0 0.0105952 0.815743 0.529761
Node_227316_47865_0 0.0105952 0.815743 0.529761
Node_227316_47871_0 0.0105952 0.815743 0.529761
Node_227316_1655439_0 0.0105952 0.815743 0.529761
Node_227316_1198245_0 0.0105952 0.815743 0.529761
Node_227316_709878_0 0.0105952 0.815743 0.529761
Node_227316_2807622_0 0.0105952 0.815743 0.529761
Node_227316_285665_0 0.0105952 0.815743 0.529761
Node_227316_356852_0 0.0105952 0.815743 0.529761
Node_227316_589240_0 0.0105952 0.815743 0.529761
Node_648755_913853_0 0.0105952 0.815743 0.529761
Node_648755_1271860_0 0.0105952 0.815743 0.529761
Node_648755_208439_0 0.0105952 0.815743 0.529761
Node_648755_95161_0 0.0105952 0.815743 0.529761
Node_648755_1223511_0 0.0105952 0.815743 0.529761
Node_648755_1933_0 0.0105952 0.815743 0.529761
Node_648755_1365924_0 0.0105952 0.815743 0.529761
Node_648755_65499_0 0.0105952 0.815743 0.529761
Node_648755_211114_0 0.0105952 0.815743 0.529761
Node_648755_588067_0 0.0105952 0.815743 0.529761
Node_648755_103721_0 0.0105952 0.815743 0.529761
Node_648755_1045776_0 0.0105952 0.815743 0.529761
Node_648755_1470176_0 0.0105952 0.815743 0.529761
Node_648755_3129231_0 0.0105952 0.815743 0.529761
Node_648755_664784_0 0.0105952 0.815743 0.529761
Node_648755_43355_0 0.0105952 0.815743 0.529761
Node_648755_485602_0 0.0105952 0.815743 0.529761
Node_648755_1654476_0 0.0105952 0.815743 0.529761
Node_648755_882082_0 0.0105952 0.815743 0.529761
Node_648755_1213861_0 0.0105952 0.815743 0.529761
Node_648755_1872711_0 0.0105952 0.815743 0.529761
Node_648755_37925_0 0.0105952 0.815743 0.529761
Node_648755_334858_0 0.0105952 0.815743 0.529761
Node_648755_598644_0 0.0105952 0.815743 0.529761
Node_648755_2665642_0 0.0105952 0.815743 0.529761
Node_648755_1262583_0 0.0105952 0.815743 0.529761
Node_648755_1000566_0 0.0105952 0.815743 0.529761
Node_648755_907463_0 0.0105952 0.815743 0.529761
Node_648755_1892852_0 0.0105952 0.815743 0.529761
Node_648755_1931992_0 0.0105952 0.815743 0.529761
Node_882082_687388_0 0.0105952 0.815743 0.529761
Node_882082_882081_0 0.0105952 0.815743 0.529761
Node_882082_882086_0 0.0105952 0.815743 0.529761
Node_1654476_84725_0 0.0105952 0.815743 0.529761
Node_485602_502181_0 0.0105952 0.815743 0.529761
Node_485602_1912961_0 0.0105952 0.815743 0.529761
Node_485602_2812003_0 0.0105952 0.815743 0.529761
Node_485602_1768010_0 0.0105952 0.815743 0.529761
Node_43355_130796_0 0.0105952 0.815743 0.529761
Node_664784_926830_0 0.0105952 0.815743 0.529761
Node_664784_2752311_0 0.0105952 0.815743 0.529761
Node_3129231_663602_0 0.0105952 0.815743 0.529761
Node_3129231_663603_0 0.0105952 0.815743 0.529761
Node_3129231_663608_0 0.0105952 0.815743 0.529761
Node_3129231_663609_0 0.0105952 0.815743 0.529761
Node_3129231_1290095_0 0.0105952 0.815743 0.529761
Node_3129231_2291215_0 0.0105952 0.815743 0.529761
Node_1470176_340345_0 0.0105952 0.815743 0.529761
Node_1470176_1120930_0 0.0105952 0.815743 0.529761
Node_1045776_103725_0 0.0105952 0.815743 0.529761
Node_1045776_1483604_0 0.0105952 0.815743 0.529761
Node_1045776_1449976_0 0.0105952 0.815743 0.529761
Node_103721_446462_0 0.0105952 0.815743 0.529761
Node_588067_1477506_0 0.0105952 0.815743 0.529761
Node_588067_1478153_0 0.0105952 0.815743 0.529761
Node_588067_530584_0 0.0105952 0.815743 0.529761
Node_588067_43354_0 0.0105952 0.815743 0.529761
Node_588067_1453103_0 0.0105952 0.815743 0.529761
Node_588067_176898_0 0.0105952 0.815743 0.529761
Node_588067_2800127_0 0.0105952 0.815743 0.529761
Node_588067_577680_0 0.0105952 0.815743 0.529761
Node_588067_1470180_0 0.0105952 0.815743 0.529761
Node_588067_1592324_0 0.0105952 0.815743 0.529761
Node_577680_387889_0 0.0105952 0.815743 0.529761
Node_211114_1378989_0 0.0105952 0.815743 0.529761
Node_211114_1142134_0 0.0105952 0.815743 0.529761
Node_65499_68170_0 0.0105952 0.815743 0.529761
Node_65499_2591470_0 0.0105952 0.815743 0.529761
Node_65499_531938_0 0.0105952 0.815743 0.529761
Node_65499_2041025_0 0.0105952 0.815743 0.529761
Node_65499_1586287_0 0.0105952 0.815743 0.529761
Node_65499_3095429_0 0.0105952 0.815743 0.529761
Node_65499_641025_0 0.0105952 0.815743 0.529761
Node_65499_1789439_0 0.0105952 0.815743 0.529761
Node_65499_2020703_0 0.0105952 0.815743 0.529761
Node_65499_2714351_0 0.0105952 0.815743 0.529761
Node_65499_128104_0 0.0105952 0.815743 0.529761
Node_1365924_2030_0 0.0105952 0.815743 0.529761
Node_1365924_860235_0 0.0105952 0.815743 0.529761
Node_1365924_2698649_0 0.0105952 0.815743 0.529761
Node_1365924_211113_0 0.0105952 0.815743 0.529761
Node_1365924_1497396_0 0.0105952 0.815743 0.529761
Node_1933_2017_0 0.0105952 0.815743 0.529761
Node_1223511_1848_0 0.0105952 0.815743 0.529761
Node_1223511_2074_0 0.0105952 0.815743 0.529761
Node_1223511_2724939_0 0.0105952 0.815743 0.529761
Node_1223511_366584_0 0.0105952 0.815743 0.529761
Node_1223511_2792008_0 0.0105952 0.815743 0.529761
Node_1223511_367279_0 0.0105952 0.815743 0.529761
Node_1223511_630973_0 0.0105952 0.815743 0.529761
Node_1223511_630975_0 0.0105952 0.815743 0.529761
Node_1223511_630995_0 0.0105952 0.815743 0.529761
Node_1223511_401976_0 0.0105952 0.815743 0.529761
Node_1223511_2172015_0 0.0105952 0.815743 0.529761
Node_1223511_75289_0 0.0105952 0.815743 0.529761
Node_1223511_75290_0 0.0105952 0.815743 0.529761
Node_1223511_75291_0 0.0105952 0.815743 0.529761
Node_1223511_76726_0 0.0105952 0.815743 0.529761
Node_1223511_1128676_0 0.0105952 0.815743 0.529761
Node_1223511_1095914_0 0.0105952 0.815743 0.529761
Node_1223511_2800819_0 0.0105952 0.815743 0.529761
Node_1223511_2736640_0 0.0105952 0.815743 0.529761
Node_1223511_904933_0 0.0105952 0.815743 0.529761
Node_1223511_1397368_0 0.0105952 0.815743 0.529761
Node_1223511_153376_0 0.0105952 0.815743 0.529761
Node_1223511_58107_0 0.0105952 0.815743 0.529761
Node_1223511_681289_0 0.0105952 0.815743 0.529761
Node_1223511_648754_0 0.0105952 0.815743 0.529761
Node_1223511_1206997_0 0.0105952 0.815743 0.529761
Node_1223511_3075545_0 0.0105952 0.815743 0.529761
Node_1223511_29401_0 0.0105952 0.815743 0.529761
Node_1223511_882449_0 0.0105952 0.815743 0.529761
Node_1223511_260086_0 0.0105952 0.815743 0.529761
Node_1223511_1123024_0 0.0105952 0.815743 0.529761
Node_1223511_675635_0 0.0105952 0.815743 0.529761
Node_95161_33914_0 0.0105952 0.815743 0.529761
Node_95161_3082379_0 0.0105952 0.815743 0.529761
Node_95161_1181886_0 0.0105952 0.815743 0.529761
Node_95161_2530384_0 0.0105952 0.815743 0.529761
Node_95161_2530385_0 0.0105952 0.815743 0.529761
Node_95161_2530387_0 0.0105952 0.815743 0.529761
Node_95161_664693_0 0.0105952 0.815743 0.529761
Node_95161_405551_0 0.0105952 0.815743 0.529761
Node_95161_146035_0 0.0105952 0.815743 0.529761
Node_95161_2997343_0 0.0105952 0.815743 0.529761
Node_95161_543886_0 0.0105952 0.815743 0.529761
Node_95161_1431848_0 0.0105952 0.815743 0.529761
Node_95161_89367_0 0.0105952 0.815743 0.529761
Node_95161_418495_0 0.0105952 0.815743 0.529761
Node_95161_418759_0 0.0105952 0.815743 0.529761
Node_95161_28042_0 0.0105952 0.815743 0.529761
Node_95161_60894_0 0.0105952 0.815743 0.529761
Node_95161_60895_0 0.0105952 0.815743 0.529761
Node_95161_2781240_0 0.0105952 0.815743 0.529761
Node_95161_455193_0 0.0105952 0.815743 0.529761
Node_95161_455344_0 0.0105952 0.815743 0.529761
Node_95161_405948_0 0.0105952 0.815743 0.529761
Node_208439_394193_0 0.0105952 0.815743 0.529761
Node_208439_1181879_0 0.0105952 0.815743 0.529761
Node_208439_330083_0 0.0105952 0.815743 0.529761
Node_208439_1804986_0 0.0105952 0.815743 0.529761
Node_208439_1905142_0 0.0105952 0.815743 0.529761
Node_208439_2724524_0 0.0105952 0.815743 0.529761
Node_208439_1448059_0 0.0105952 0.815743 0.529761
Node_208439_2596893_0 0.0105952 0.815743 0.529761
Node_208439_860233_0 0.0105952 0.815743 0.529761
Node_208439_664691_0 0.0105952 0.815743 0.529761
Node_208439_664692_0 0.0105952 0.815743 0.529761
Node_208439_337894_0 0.0105952 0.815743 0.529761
Node_208439_76022_0 0.0105952 0.815743 0.529761
Node_208439_3156488_0 0.0105952 0.815743 0.529761
Node_208439_208445_0 0.0105952 0.815743 0.529761
Node_208439_700274_0 0.0105952 0.815743 0.529761
Node_208439_2995223_0 0.0105952 0.815743 0.529761
Node_208439_112413_0 0.0105952 0.815743 0.529761
Node_208439_2340917_0 0.0105952 0.815743 0.529761
Node_208439_342230_0 0.0105952 0.815743 0.529761
Node_208439_1128664_0 0.0105952 0.815743 0.529761
Node_208439_882444_0 0.0105952 0.815743 0.529761
Node_208439_115433_0 0.0105952 0.815743 0.529761
Node_208439_84480_0 0.0105952 0.815743 0.529761
Node_208439_543629_0 0.0105952 0.815743 0.529761
Node_208439_1854586_0 0.0105952 0.815743 0.529761
Node_208439_2510978_0 0.0105952 0.815743 0.529761
Node_208439_2576905_0 0.0105952 0.815743 0.529761
Node_208439_2053003_0 0.0105952 0.815743 0.529761
Node_208439_185678_0 0.0105952 0.815743 0.529761
Node_208439_185696_0 0.0105952 0.815743 0.529761
Node_208439_546364_0 0.0105952 0.815743 0.529761
Node_208439_546365_0 0.0105952 0.815743 0.529761
Node_208439_450801_0 0.0105952 0.815743 0.529761
Node_208439_287986_0 0.0105952 0.815743 0.529761
Node_208439_944492_0 0.0105952 0.815743 0.529761
Node_208439_715471_0 0.0105952 0.815743 0.529761
Node_208439_715472_0 0.0105952 0.815743 0.529761
Node_208439_715473_0 0.0105952 0.815743 0.529761
Node_208439_2945988_0 0.0105952 0.815743 0.529761
Node_208439_3110235_0 0.0105952 0.815743 0.529761
Node_208439_587909_0 0.0105952 0.815743 0.529761
Node_208439_490629_0 0.0105952 0.815743 0.529761
Node_208439_31958_0 0.0105952 0.815743 0.529761
Node_208439_589385_0 0.0105952 0.815743 0.529761
Node_208439_1292037_0 0.0105952 0.815743 0.529761
Node_84480_1068978_0 0.0105952 0.815743 0.529761
Node_1271860_1048753_0 0.0105952 0.815743 0.529761
Node_1271860_1816_0 0.0105952 0.815743 0.529761
Node_1271860_103728_0 0.0105952 0.815743 0.529761
Node_1271860_103729_0 0.0105952 0.815743 0.529761
Node_1271860_504798_0 0.0105952 0.815743 0.529761
Node_1271860_1193682_0 0.0105952 0.815743 0.529761
Node_1271860_1490288_0 0.0105952 0.815743 0.529761
Node_1271860_909613_0 0.0105952 0.815743 0.529761
Node_1271860_155974_0 0.0105952 0.815743 0.529761
Node_1271860_155976_0 0.0105952 0.815743 0.529761
Node_1271860_2684470_0 0.0105952 0.815743 0.529761
Node_913853_33920_0 0.0105952 0.815743 0.529761
Node_913853_103733_0 0.0105952 0.815743 0.529761
Node_913853_103734_0 0.0105952 0.815743 0.529761
Node_913853_204798_0 0.0105952 0.815743 0.529761
Node_913853_571190_0 0.0105952 0.815743 0.529761
Node_913853_543527_0 0.0105952 0.815743 0.529761
Node_913853_413306_0 0.0105952 0.815743 0.529761
Node_913853_1179773_0 0.0105952 0.815743 0.529761
Node_598652_2339232_0 0.0105952 0.815743 0.529761
Node_598652_598650_0 0.0105952 0.815743 0.529761
Node_598652_2714956_0 0.0105952 0.815743 0.529761
Node_2497753_1629062_0 0.0105952 0.815743 0.529761
Node_2497753_2732864_0 0.0105952 0.815743 0.529761
Node_2497753_1564162_0 0.0105952 0.815743 0.529761
Node_2497753_1225127_0 0.0105952 0.815743 0.529761
Node_2497753_1564158_0 0.0105952 0.815743 0.529761
Node_2497753_673521_0 0.0105952 0.815743 0.529761
Node_1564158_1190417_0 0.0105952 0.815743 0.529761
Node_1564158_504800_0 0.0105952 0.815743 0.529761
Node_1564158_1523247_0 0.0105952 0.815743 0.529761
Node_1564158_3162531_0 0.0105952 0.815743 0.529761
Node_1564158_1296565_0 0.0105952 0.815743 0.529761
Node_1564158_1070870_0 0.0105952 0.815743 0.529761
Node_1564158_1333667_0 0.0105952 0.815743 0.529761
Node_1564158_1137991_0 0.0105952 0.815743 0.529761
Node_1564158_1137993_0 0.0105952 0.815743 0.529761
Node_1564158_1564159_0 0.0105952 0.815743 0.529761
Node_1225127_1052259_0 0.0105952 0.815743 0.529761
Node_1225127_1052260_0 0.0105952 0.815743 0.529761
Node_1225127_333142_0 0.0105952 0.815743 0.529761
Node_1225127_1960309_0 0.0105952 0.815743 0.529761
Node_1564162_3050034_0 0.0105952 0.815743 0.529761
Node_1564162_1938745_0 0.0105952 0.815743 0.529761
Node_1564162_1938746_0 0.0105952 0.815743 0.529761
Node_1564162_38502_0 0.0105952 0.815743 0.529761
Node_1564162_351224_0 0.0105952 0.815743 0.529761
Node_1564162_1798228_0 0.0105952 0.815743 0.529761
Node_2732864_1181884_0 0.0105952 0.815743 0.529761
Node_2732864_1608614_0 0.0105952 0.815743 0.529761
Node_2732864_429133_0 0.0105952 0.815743 0.529761
Node_2732864_1522368_0 0.0105952 0.815743 0.529761
Node_1508375_450799_0 0.0105952 0.815743 0.529761
Node_1508375_977794_0 0.0105952 0.815743 0.529761
Node_1508375_2828514_0 0.0105952 0.815743 0.529761
Node_450799_2705254_0 0.0105952 0.815743 0.529761
Node_450799_450798_0 0.0105952 0.815743 0.529761
Node_450799_479433_0 0.0105952 0.815743 0.529761
Node_1572660_546871_0 0.0105952 0.815743 0.529761
Node_1572660_675864_0 0.0105952 0.815743 0.529761
Node_1572660_446787_0 0.0105952 0.815743 0.529761
Node_1572660_1540520_0 0.0105952 0.815743 0.529761
Node_1572660_460087_0 0.0105952 0.815743 0.529761
Node_1572660_722689_0 0.0105952 0.815743 0.529761
Node_1572660_236068_0 0.0105952 0.815743 0.529761
Node_1572660_2530375_0 0.0105952 0.815743 0.529761
Node_1572660_1124743_0 0.0105952 0.815743 0.529761
Node_1572660_996641_0 0.0105952 0.815743 0.529761
Node_1572660_2512112_0 0.0105952 0.815743 0.529761
Node_1572660_2512212_0 0.0105952 0.815743 0.529761
Node_1572660_2512215_0 0.0105952 0.815743 0.529761
Node_1572660_2512216_0 0.0105952 0.815743 0.529761
Node_1572660_2512217_0 0.0105952 0.815743 0.529761
Node_1572660_416017_0 0.0105952 0.815743 0.529761
Node_1572660_1105143_0 0.0105952 0.815743 0.529761
Node_1572660_57909_0 0.0105952 0.815743 0.529761
Node_1572660_1926257_0 0.0105952 0.815743 0.529761
Node_1572660_190194_0 0.0105952 0.815743 0.529761
Node_1572660_190195_0 0.0105952 0.815743 0.529761
Node_1572660_60450_0 0.0105952 0.815743 0.529761
Node_1572660_3075929_0 0.0105952 0.815743 0.529761
Node_1572660_291602_0 0.0105952 0.815743 0.529761
Node_1572660_1572659_0 0.0105952 0.815743 0.529761
Node_1572660_479435_0 0.0105952 0.815743 0.529761
Node_446787_504797_0 0.0105952 0.815743 0.529761
Node_446787_117157_0 0.0105952 0.815743 0.529761
Node_446787_648752_0 0.0105952 0.815743 0.529761
Node_675864_64702_0 0.0105952 0.815743 0.529761
Node_675864_2057246_0 0.0105952 0.815743 0.529761
Node_675864_2072026_0 0.0105952 0.815743 0.529761
Node_675864_682979_0 0.0105952 0.815743 0.529761
Node_675864_1347891_0 0.0105952 0.815743 0.529761
Node_675864_2829499_0 0.0105952 0.815743 0.529761
Node_675864_88874_0 0.0105952 0.815743 0.529761
Node_675864_2016499_0 0.0105952 0.815743 0.529761
Node_675864_349934_0 0.0105952 0.815743 0.529761
Node_675864_1753_0 0.0105952 0.815743 0.529761
Node_675864_2268447_0 0.0105952 0.815743 0.529761
Node_675864_2662261_0 0.0105952 0.815743 0.529761
Node_675864_3138240_0 0.0105952 0.815743 0.529761
Node_349934_3041175_0 0.0105952 0.815743 0.529761
Node_2016499_2016507_0 0.0105952 0.815743 0.529761
Node_88874_174038_0 0.0105952 0.815743 0.529761
Node_88874_1255658_0 0.0105952 0.815743 0.529761
Node_2829499_1285901_0 0.0105952 0.815743 0.529761
Node_2829499_1123357_0 0.0105952 0.815743 0.529761
Node_1347891_993414_0 0.0105952 0.815743 0.529761
Node_682979_363863_0 0.0105952 0.815743 0.529761
Node_682979_400768_0 0.0105952 0.815743 0.529761
Node_682979_630515_0 0.0105952 0.815743 0.529761
Node_682979_2596828_0 0.0105952 0.815743 0.529761
Node_682979_1716077_0 0.0105952 0.815743 0.529761
Node_682979_81499_0 0.0105952 0.815743 0.529761
Node_682979_1036181_0 0.0105952 0.815743 0.529761
Node_682979_446786_0 0.0105952 0.815743 0.529761
Node_682979_546874_0 0.0105952 0.815743 0.529761
Node_682979_1759536_0 0.0105952 0.815743 0.529761
Node_682979_1032480_0 0.0105952 0.815743 0.529761
Node_2072026_1837344_0 0.0105952 0.815743 0.529761
Node_2072026_433330_0 0.0105952 0.815743 0.529761
Node_2072026_2775081_0 0.0105952 0.815743 0.529761
Node_2057246_1749_0 0.0105952 0.815743 0.529761
Node_2057246_1171373_0 0.0105952 0.815743 0.529761
Node_64702_1962131_0 0.0105952 0.815743 0.529761
Node_64702_66712_0 0.0105952 0.815743 0.529761
Node_546871_1867775_0 0.0105952 0.815743 0.529761
Node_546871_1736691_0 0.0105952 0.815743 0.529761
Node_546871_1348852_0 0.0105952 0.815743 0.529761
Node_546871_2045_0 0.0105952 0.815743 0.529761
Node_546871_1708749_0 0.0105952 0.815743 0.529761
Node_546871_696763_0 0.0105952 0.815743 0.529761
Node_546871_75385_0 0.0105952 0.815743 0.529761
Node_546871_185243_0 0.0105952 0.815743 0.529761
Node_546871_2908642_0 0.0105952 0.815743 0.529761
Node_1348852_2585211_0 0.0105952 0.815743 0.529761
Node_1736691_2041_0 0.0105952 0.815743 0.529761
Node_1736691_363861_0 0.0105952 0.815743 0.529761
Node_1736691_363867_0 0.0105952 0.815743 0.529761
Node_1736691_560557_0 0.0105952 0.815743 0.529761
Node_1736691_302168_0 0.0105952 0.815743 0.529761
Node_1736691_2662028_0 0.0105952 0.815743 0.529761
Node_1736691_2498846_0 0.0105952 0.815743 0.529761
Node_1736691_2663859_0 0.0105952 0.815743 0.529761
Node_1736691_2079793_0 0.0105952 0.815743 0.529761
Node_1736691_52699_0 0.0105952 0.815743 0.529761
Node_1736691_2969247_0 0.0105952 0.815743 0.529761
Node_1736691_416568_0 0.0105952 0.815743 0.529761
Node_1736691_1538144_0 0.0105952 0.815743 0.529761
Node_1736691_2292704_0 0.0105952 0.815743 0.529761
Node_1736691_585531_0 0.0105952 0.815743 0.529761
Node_1867775_1835606_0 0.0105952 0.815743 0.529761
Node_1867775_1844_0 0.0105952 0.815743 0.529761
Node_1867775_1476871_0 0.0105952 0.815743 0.529761
Node_1867775_1804624_0 0.0105952 0.815743 0.529761
Node_1867775_363868_0 0.0105952 0.815743 0.529761
Node_1867775_200618_0 0.0105952 0.815743 0.529761
Node_1867775_2133958_0 0.0105952 0.815743 0.529761
Node_1867775_2691959_0 0.0105952 0.815743 0.529761
Node_1867775_627624_0 0.0105952 0.815743 0.529761
Node_1867775_1119534_0 0.0105952 0.815743 0.529761
Node_1867775_661485_0 0.0105952 0.815743 0.529761
Node_1867775_661492_0 0.0105952 0.815743 0.529761
Node_1867775_203799_0 0.0105952 0.815743 0.529761
Node_1867775_1776736_0 0.0105952 0.815743 0.529761
Node_1867775_1776857_0 0.0105952 0.815743 0.529761
Node_1867775_2497878_0 0.0105952 0.815743 0.529761
Node_1867775_400774_0 0.0105952 0.815743 0.529761
Node_1867775_433649_0 0.0105952 0.815743 0.529761
Node_1867775_433651_0 0.0105952 0.815743 0.529761
Node_1867775_433657_0 0.0105952 0.815743 0.529761
Node_1867775_433659_0 0.0105952 0.815743 0.529761
Node_1867775_433663_0 0.0105952 0.815743 0.529761
Node_1867775_433664_0 0.0105952 0.815743 0.529761
Node_1867775_860243_0 0.0105952 0.815743 0.529761
Node_1867775_2138300_0 0.0105952 0.815743 0.529761
Node_1867775_2761101_0 0.0105952 0.815743 0.529761
Node_1867775_402297_0 0.0105952 0.815743 0.529761
Node_1867775_402596_0 0.0105952 0.815743 0.529761
Node_1867775_2663857_0 0.0105952 0.815743 0.529761
Node_1867775_2500546_0 0.0105952 0.815743 0.529761
Node_1867775_1517589_0 0.0105952 0.815743 0.529761
Node_1867775_338077_0 0.0105952 0.815743 0.529761
Node_1867775_305517_0 0.0105952 0.815743 0.529761
Node_1867775_3058044_0 0.0105952 0.815743 0.529761
Node_1867775_3058369_0 0.0105952 0.815743 0.529761
Node_1867775_3058370_0 0.0105952 0.815743 0.529761
Node_1867775_634462_0 0.0105952 0.815743 0.529761
Node_1867775_2568655_0 0.0105952 0.815743 0.529761
Node_1867775_374514_0 0.0105952 0.815743 0.529761
Node_1867775_1914755_0 0.0105952 0.815743 0.529761
Node_1867775_3095075_0 0.0105952 0.815743 0.529761
Node_1867775_3095076_0 0.0105952 0.815743 0.529761
Node_1867775_375542_0 0.0105952 0.815743 0.529761
Node_1867775_1325935_0 0.0105952 0.815743 0.529761
Node_1867775_2866161_0 0.0105952 0.815743 0.529761
Node_1867775_1457234_0 0.0105952 0.815743 0.529761
Node_1867775_574651_0 0.0105952 0.815743 0.529761
Node_1867775_574700_0 0.0105952 0.815743 0.529761
Node_1867775_2049295_0 0.0105952 0.815743 0.529761
Node_1867775_2803858_0 0.0105952 0.815743 0.529761
Node_1867775_2607659_0 0.0105952 0.815743 0.529761
Node_1867775_2575440_0 0.0105952 0.815743 0.529761
Node_1867775_642780_0 0.0105952 0.815743 0.529761
Node_1867775_3231482_0 0.0105952 0.815743 0.529761
Node_1867775_3231893_0 0.0105952 0.815743 0.529761
Node_1867775_2773426_0 0.0105952 0.815743 0.529761
Node_1867775_1921566_0 0.0105952 0.815743 0.529761
Node_1867775_86796_0 0.0105952 0.815743 0.529761
Node_1867775_2478913_0 0.0105952 0.815743 0.529761
Node_1867775_2774019_0 0.0105952 0.815743 0.529761
Node_1867775_349522_0 0.0105952 0.815743 0.529761
Node_1867775_317019_0 0.0105952 0.815743 0.529761
Node_1867775_252231_0 0.0105952 0.815743 0.529761
Node_1867775_1005944_0 0.0105952 0.815743 0.529761
Node_1867775_1005945_0 0.0105952 0.815743 0.529761
Node_1867775_449461_0 0.0105952 0.815743 0.529761
Node_1867775_450363_0 0.0105952 0.815743 0.529761
Node_1867775_2712223_0 0.0105952 0.815743 0.529761
Node_1867775_419476_0 0.0105952 0.815743 0.529761
Node_1867775_2321396_0 0.0105952 0.815743 0.529761
Node_1867775_2518370_0 0.0105952 0.815743 0.529761
Node_1867775_2518371_0 0.0105952 0.815743 0.529761
Node_1867775_2518372_0 0.0105952 0.815743 0.529761
Node_1867775_1175486_0 0.0105952 0.815743 0.529761
Node_1867775_2682843_0 0.0105952 0.815743 0.529761
Node_1867775_2945102_0 0.0105952 0.815743 0.529761
Node_1867775_29299_0 0.0105952 0.815743 0.529761
Node_1867775_160826_0 0.0105952 0.815743 0.529761
Node_1867775_1210400_0 0.0105952 0.815743 0.529761
Node_1867775_2784339_0 0.0105952 0.815743 0.529761
Node_1867775_1300347_0 0.0105952 0.815743 0.529761
Node_1528099_2799499_0 0.0105952 0.815743 0.529761
Node_1528099_948102_0 0.0105952 0.815743 0.529761
Node_1528099_644548_0 0.0105952 0.815743 0.529761
Node_1528099_2597660_0 0.0105952 0.815743 0.529761
Node_1528099_616997_0 0.0105952 0.815743 0.529761
Node_1528099_927655_0 0.0105952 0.815743 0.529761
Node_1528099_321318_0 0.0105952 0.815743 0.529761
Node_1528099_57704_0 0.0105952 0.815743 0.529761
Node_1528099_640132_0 0.0105952 0.815743 0.529761
Node_1528099_2710754_0 0.0105952 0.815743 0.529761
Node_640132_679197_0 0.0105952 0.815743 0.529761
Node_57704_2592067_0 0.0105952 0.815743 0.529761
Node_57704_2592068_0 0.0105952 0.815743 0.529761
Node_57704_239498_0 0.0105952 0.815743 0.529761
Node_57704_44753_0 0.0105952 0.815743 0.529761
Node_57704_47312_0 0.0105952 0.815743 0.529761
Node_57704_644556_0 0.0105952 0.815743 0.529761
Node_57704_128509_0 0.0105952 0.815743 0.529761
Node_321318_983873_0 0.0105952 0.815743 0.529761
Node_321318_595984_0 0.0105952 0.815743 0.529761
Node_321318_161920_0 0.0105952 0.815743 0.529761
Node_927655_1737425_0 0.0105952 0.815743 0.529761
Node_927655_99807_0 0.0105952 0.815743 0.529761
Node_927655_1705_0 0.0105952 0.815743 0.529761
Node_927655_1724_0 0.0105952 0.815743 0.529761
Node_927655_394964_0 0.0105952 0.815743 0.529761
Node_927655_3049799_0 0.0105952 0.815743 0.529761
Node_927655_3049801_0 0.0105952 0.815743 0.529761
Node_927655_35755_0 0.0105952 0.815743 0.529761
Node_927655_35756_0 0.0105952 0.815743 0.529761
Node_927655_1576874_0 0.0105952 0.815743 0.529761
Node_927655_1544413_0 0.0105952 0.815743 0.529761
Node_927655_108486_0 0.0105952 0.815743 0.529761
Node_927655_699041_0 0.0105952 0.815743 0.529761
Node_927655_1783348_0 0.0105952 0.815743 0.529761
Node_927655_571915_0 0.0105952 0.815743 0.529761
Node_927655_2931982_0 0.0105952 0.815743 0.529761
Node_927655_2506452_0 0.0105952 0.815743 0.529761
Node_927655_2080740_0 0.0105952 0.815743 0.529761
Node_927655_1032851_0 0.0105952 0.815743 0.529761
Node_927655_2838530_0 0.0105952 0.815743 0.529761
Node_927655_3139423_0 0.0105952 0.815743 0.529761
Node_927655_2913499_0 0.0105952 0.815743 0.529761
Node_927655_2684406_0 0.0105952 0.815743 0.529761
Node_927655_2487892_0 0.0105952 0.815743 0.529761
Node_927655_161896_0 0.0105952 0.815743 0.529761
Node_927655_1121362_0 0.0105952 0.815743 0.529761
Node_927655_662755_0 0.0105952 0.815743 0.529761
Node_927655_340322_0 0.0105952 0.815743 0.529761
Node_616997_2742202_0 0.0105952 0.815743 0.529761
Node_616997_443218_0 0.0105952 0.815743 0.529761
Node_2597660_435914_0 0.0105952 0.815743 0.529761
Node_644548_39122_0 0.0105952 0.815743 0.529761
Node_644548_2984863_0 0.0105952 0.815743 0.529761
Node_644548_2725283_0 0.0105952 0.815743 0.529761
Node_644548_1316928_0 0.0105952 0.815743 0.529761
Node_644548_1517702_0 0.0105952 0.815743 0.529761
Node_644548_2665643_0 0.0105952 0.815743 0.529761
Node_644548_1027371_0 0.0105952 0.815743 0.529761
Node_644548_1004901_0 0.0105952 0.815743 0.529761
Node_644548_1136941_0 0.0105952 0.815743 0.529761
Node_644548_89051_0 0.0105952 0.815743 0.529761
Node_644548_417102_0 0.0105952 0.815743 0.529761
Node_644548_122202_0 0.0105952 0.815743 0.529761
Node_644548_1007097_0 0.0105952 0.815743 0.529761
Node_644548_2420509_0 0.0105952 0.815743 0.529761
Node_644548_2487349_0 0.0105952 0.815743 0.529761
Node_644548_1701090_0 0.0105952 0.815743 0.529761
Node_644548_686429_0 0.0105952 0.815743 0.529761
Node_644548_1223542_0 0.0105952 0.815743 0.529761
Node_644548_1223545_0 0.0105952 0.815743 0.529761
Node_644548_1108044_0 0.0105952 0.815743 0.529761
Node_1027371_1423140_0 0.0105952 0.815743 0.529761
Node_1316928_1089454_0 0.0105952 0.815743 0.529761
Node_948102_2094119_0 0.0105952 0.815743 0.529761
Node_948102_1194972_0 0.0105952 0.815743 0.529761
Node_948102_512402_0 0.0105952 0.815743 0.529761
Node_948102_1774_0 0.0105952 0.815743 0.529761
Node_948102_404941_0 0.0105952 0.815743 0.529761
Node_948102_83262_0 0.0105952 0.815743 0.529761
Node_948102_1299323_0 0.0105952 0.815743 0.529761
Node_512402_3064284_0 0.0105952 0.815743 0.529761
Node_512402_354243_0 0.0105952 0.815743 0.529761
Node_1194972_67081_0 0.0105952 0.815743 0.529761
Node_1194972_1776_0 0.0105952 0.815743 0.529761
Node_1194972_1779_0 0.0105952 0.815743 0.529761
Node_1194972_1786_0 0.0105952 0.815743 0.529761
Node_1194972_1791_0 0.0105952 0.815743 0.529761
Node_1194972_1792_0 0.0105952 0.815743 0.529761
Node_1194972_1793_0 0.0105952 0.815743 0.529761
Node_1194972_1801_0 0.0105952 0.815743 0.529761
Node_1194972_1807_0 0.0105952 0.815743 0.529761
Node_1194972_134601_0 0.0105952 0.815743 0.529761
Node_1194972_36811_0 0.0105952 0.815743 0.529761
Node_1194972_36813_0 0.0105952 0.815743 0.529761
Node_1194972_659824_0 0.0105952 0.815743 0.529761
Node_1194972_39688_0 0.0105952 0.815743 0.529761
Node_1194972_39692_0 0.0105952 0.815743 0.529761
Node_1194972_39695_0 0.0105952 0.815743 0.529761
Node_1194972_1286180_0 0.0105952 0.815743 0.529761
Node_1194972_1286181_0 0.0105952 0.815743 0.529761
Node_1194972_370524_0 0.0105952 0.815743 0.529761
Node_1194972_75922_0 0.0105952 0.815743 0.529761
Node_1194972_43304_0 0.0105952 0.815743 0.529761
Node_1194972_146018_0 0.0105952 0.815743 0.529761
Node_1194972_212765_0 0.0105952 0.815743 0.529761
Node_1194972_3064286_0 0.0105952 0.815743 0.529761
Node_1194972_49897_0 0.0105952 0.815743 0.529761
Node_1194972_444597_0 0.0105952 0.815743 0.529761
Node_1194972_280871_0 0.0105952 0.815743 0.529761
Node_1194972_117567_0 0.0105952 0.815743 0.529761
Node_1194972_85693_0 0.0105952 0.815743 0.529761
Node_1194972_1431246_0 0.0105952 0.815743 0.529761
Node_1194972_319707_0 0.0105952 0.815743 0.529761
Node_1194972_59750_0 0.0105952 0.815743 0.529761
Node_1194972_1534349_0 0.0105952 0.815743 0.529761
Node_1194972_912594_0 0.0105952 0.815743 0.529761
Node_1194972_28047_0 0.0105952 0.815743 0.529761
Node_1194972_126673_0 0.0105952 0.815743 0.529761
Node_1194972_258505_0 0.0105952 0.815743 0.529761
Node_1194972_2487344_0 0.0105952 0.815743 0.529761
Node_1194972_1214915_0 0.0105952 0.815743 0.529761
Node_1194972_1122247_0 0.0105952 0.815743 0.529761
Node_1194972_144550_0 0.0105952 0.815743 0.529761
Node_1194972_1226750_0 0.0105952 0.815743 0.529761
Node_1194972_1440774_0 0.0105952 0.815743 0.529761
Node_2094119_459424_0 0.0105952 0.815743 0.529761
Node_2094119_590652_0 0.0105952 0.815743 0.529761
Node_2094119_886343_0 0.0105952 0.815743 0.529761
Node_2094119_1775_0 0.0105952 0.815743 0.529761
Node_2094119_368477_0 0.0105952 0.815743 0.529761
Node_2094119_28445_0 0.0105952 0.815743 0.529761
Node_2094119_2994102_0 0.0105952 0.815743 0.529761
Node_2094119_1719132_0 0.0105952 0.815743 0.529761
Node_2094119_84962_0 0.0105952 0.815743 0.529761
Node_2094119_53378_0 0.0105952 0.815743 0.529761
Node_2094119_1430326_0 0.0105952 0.815743 0.529761
Node_2094119_480418_0 0.0105952 0.815743 0.529761
Node_2094119_482462_0 0.0105952 0.815743 0.529761
Node_2094119_1858794_0 0.0105952 0.815743 0.529761
Node_2094119_1927124_0 0.0105952 0.815743 0.529761
Node_2094119_2943498_0 0.0105952 0.815743 0.529761
Node_2094119_28045_0 0.0105952 0.815743 0.529761
Node_2094119_164756_0 0.0105952 0.815743 0.529761
Node_28445_470076_0 0.0105952 0.815743 0.529761
Node_28445_243061_0 0.0105952 0.815743 0.529761
Node_28445_154654_0 0.0105952 0.815743 0.529761
Node_28445_220927_0 0.0105952 0.815743 0.529761
Node_28445_1964395_0 0.0105952 0.815743 0.529761
Node_459424_265949_0 0.0105952 0.815743 0.529761
Node_459424_1124626_0 0.0105952 0.815743 0.529761
Node_2799499_402236_0 0.0105952 0.815743 0.529761
Node_2799499_1603258_0 0.0105952 0.815743 0.529761
Node_2799499_261477_0 0.0105952 0.815743 0.529761
Node_2799499_908250_0 0.0105952 0.815743 0.529761
Node_2799499_1644129_0 0.0105952 0.815743 0.529761
Node_2799499_2495913_0 0.0105952 0.815743 0.529761
Node_2799499_2584121_0 0.0105952 0.815743 0.529761
Node_1644129_685727_0 0.0105952 0.815743 0.529761
Node_908250_1828_0 0.0105952 0.815743 0.529761
Node_908250_398843_0 0.0105952 0.815743 0.529761
Node_908250_278209_0 0.0105952 0.815743 0.529761
Node_908250_53972_0 0.0105952 0.815743 0.529761
Node_908250_293050_0 0.0105952 0.815743 0.529761
Node_261477_1818_0 0.0105952 0.815743 0.529761
Node_261477_1823_0 0.0105952 0.815743 0.529761
Node_261477_2755382_0 0.0105952 0.815743 0.529761
Node_261477_756689_0 0.0105952 0.815743 0.529761
Node_261477_134964_0 0.0105952 0.815743 0.529761
Node_261477_134984_0 0.0105952 0.815743 0.529761
Node_261477_37332_0 0.0105952 0.815743 0.529761
Node_261477_37333_0 0.0105952 0.815743 0.529761
Node_261477_204891_0 0.0105952 0.815743 0.529761
Node_261477_1616106_0 0.0105952 0.815743 0.529761
Node_261477_208602_0 0.0105952 0.815743 0.529761
Node_261477_45979_0 0.0105952 0.815743 0.529761
Node_261477_145285_0 0.0105952 0.815743 0.529761
Node_261477_2144174_0 0.0105952 0.815743 0.529761
Node_261477_2340916_0 0.0105952 0.815743 0.529761
Node_261477_85688_0 0.0105952 0.815743 0.529761
Node_261477_53432_0 0.0105952 0.815743 0.529761
Node_261477_2675851_0 0.0105952 0.815743 0.529761
Node_261477_382504_0 0.0105952 0.815743 0.529761
Node_261477_120957_0 0.0105952 0.815743 0.529761
Node_261477_2382165_0 0.0105952 0.815743 0.529761
Node_261477_941183_0 0.0105952 0.815743 0.529761
Node_261477_2842303_0 0.0105952 0.815743 0.529761
Node_261477_419477_0 0.0105952 0.815743 0.529761
Node_261477_1141657_0 0.0105952 0.815743 0.529761
Node_261477_257274_0 0.0105952 0.815743 0.529761
Node_261477_2585198_0 0.0105952 0.815743 0.529761
Node_261477_455432_0 0.0105952 0.815743 0.529761
Node_261477_882446_0 0.0105952 0.815743 0.529761
Node_261477_228006_0 0.0105952 0.815743 0.529761
Node_261477_228602_0 0.0105952 0.815743 0.529761
Node_261477_1415166_0 0.0105952 0.815743 0.529761
Node_1603258_885042_0 0.0105952 0.815743 0.529761
Node_1603258_1344003_0 0.0105952 0.815743 0.529761
Node_1603258_85044_0 0.0105952 0.815743 0.529761
Node_1603258_321325_0 0.0105952 0.815743 0.529761
Node_1603258_882452_0 0.0105952 0.815743 0.529761
Node_402236_1441923_0 0.0105952 0.815743 0.529761
Node_402236_33008_0 0.0105952 0.815743 0.529761
Node_402236_99653_0 0.0105952 0.815743 0.529761
Node_402236_1805840_0 0.0105952 0.815743 0.529761
Node_402236_168276_0 0.0105952 0.815743 0.529761
Node_402236_300028_0 0.0105952 0.815743 0.529761
Node_402236_172041_0 0.0105952 0.815743 0.529761
Node_402236_38310_0 0.0105952 0.815743 0.529761
Node_402236_2987751_0 0.0105952 0.815743 0.529761
Node_402236_43772_0 0.0105952 0.815743 0.529761
Node_402236_2571143_0 0.0105952 0.815743 0.529761
Node_402236_1460226_0 0.0105952 0.815743 0.529761
Node_402236_183556_0 0.0105952 0.815743 0.529761
Node_402236_2546320_0 0.0105952 0.815743 0.529761
Node_402236_3137122_0 0.0105952 0.815743 0.529761
Node_402236_1990687_0 0.0105952 0.815743 0.529761
Node_402236_714159_0 0.0105952 0.815743 0.529761
Node_402236_2811421_0 0.0105952 0.815743 0.529761
Node_402236_1960308_0 0.0105952 0.815743 0.529761
Node_402236_191292_0 0.0105952 0.815743 0.529761
Node_402236_2161675_0 0.0105952 0.815743 0.529761
Node_402236_1278076_0 0.0105952 0.815743 0.529761
Node_402236_1114960_0 0.0105952 0.815743 0.529761
Node_402236_101510_0 0.0105952 0.815743 0.529761
Node_402236_632772_0 0.0105952 0.815743 0.529761
Node_172041_234621_0 0.0105952 0.815743 0.529761
Node_1441923_935266_0 0.0105952 0.815743 0.529761
Node_1892865_1469144_0 0.0105952 0.815743 0.529761
Node_1892865_1892_0 0.0105952 0.815743 0.529761
Node_1892865_3229225_0 0.0105952 0.815743 0.529761
Node_1892865_1348663_0 0.0105952 0.815743 0.529761
Node_1892865_3110430_0 0.0105952 0.815743 0.529761
Node_1892865_2873249_0 0.0105952 0.815743 0.529761
Node_1892865_676205_0 0.0105952 0.815743 0.529761
Node_1892865_516124_0 0.0105952 0.815743 0.529761
Node_1892865_1544741_0 0.0105952 0.815743 0.529761
Node_1892865_3157996_0 0.0105952 0.815743 0.529761
Node_1892865_1428644_0 0.0105952 0.815743 0.529761
Node_1892865_2126346_0 0.0105952 0.815743 0.529761
Node_516124_159449_0 0.0105952 0.815743 0.529761
Node_676205_2908204_0 0.0105952 0.815743 0.529761
Node_2873249_236510_0 0.0105952 0.815743 0.529761
Node_2873249_2705255_0 0.0105952 0.815743 0.529761
Node_2873249_1003195_0 0.0105952 0.815743 0.529761
Node_3110430_887465_0 0.0105952 0.815743 0.529761
Node_3110430_659352_0 0.0105952 0.815743 0.529761
Node_3110430_235986_0 0.0105952 0.815743 0.529761
Node_3110430_2571141_0 0.0105952 0.815743 0.529761
Node_3110430_310780_0 0.0105952 0.815743 0.529761
Node_3110430_310781_0 0.0105952 0.815743 0.529761
Node_3110430_310782_0 0.0105952 0.815743 0.529761
Node_3110430_2053013_0 0.0105952 0.815743 0.529761
Node_3110430_1436133_0 0.0105952 0.815743 0.529761
Node_3110430_2784346_0 0.0105952 0.815743 0.529761
Node_1348663_67265_0 0.0105952 0.815743 0.529761
Node_1348663_67307_0 0.0105952 0.815743 0.529761
Node_1348663_67330_0 0.0105952 0.815743 0.529761
Node_1348663_2065_0 0.0105952 0.815743 0.529761
Node_1348663_3156397_0 0.0105952 0.815743 0.529761
Node_1348663_2567942_0 0.0105952 0.815743 0.529761
Node_1348663_407973_0 0.0105952 0.815743 0.529761
Node_1348663_83382_0 0.0105952 0.815743 0.529761
Node_1348663_281105_0 0.0105952 0.815743 0.529761
Node_1348663_88074_0 0.0105952 0.815743 0.529761
Node_1348663_285545_0 0.0105952 0.815743 0.529761
Node_1348663_221725_0 0.0105952 0.815743 0.529761
Node_1348663_58350_0 0.0105952 0.815743 0.529761
Node_1348663_58351_0 0.0105952 0.815743 0.529761
Node_1348663_58354_0 0.0105952 0.815743 0.529761
Node_1348663_258049_0 0.0105952 0.815743 0.529761
Node_1348663_258051_0 0.0105952 0.815743 0.529761
Node_1348663_258052_0 0.0105952 0.815743 0.529761
Node_1348663_258053_0 0.0105952 0.815743 0.529761
Node_1348663_452652_0 0.0105952 0.815743 0.529761
Node_3229225_3342712_0 0.0105952 0.815743 0.529761
Node_3229225_3342716_0 0.0105952 0.815743 0.529761
Node_3229225_2789292_0 0.0105952 0.815743 0.529761
Node_3229225_235985_0 0.0105952 0.815743 0.529761
Node_3229225_2161674_0 0.0105952 0.815743 0.529761
Node_1892_229486_0 0.0105952 0.815743 0.529761
Node_1892_2654337_0 0.0105952 0.815743 0.529761
Node_1892_653045_0 0.0105952 0.815743 0.529761
Node_1892_164115_0 0.0105952 0.815743 0.529761
Node_1892_164348_0 0.0105952 0.815743 0.529761
Node_1892_66369_0 0.0105952 0.815743 0.529761
Node_1892_2184053_0 0.0105952 0.815743 0.529761
Node_1892_66376_0 0.0105952 0.815743 0.529761
Node_1892_2720606_0 0.0105952 0.815743 0.529761
Node_1892_1803180_0 0.0105952 0.815743 0.529761
Node_1892_3048495_0 0.0105952 0.815743 0.529761
Node_1892_33900_0 0.0105952 0.815743 0.529761
Node_1892_66875_0 0.0105952 0.815743 0.529761
Node_1892_66882_0 0.0105952 0.815743 0.529761
Node_1892_66887_0 0.0105952 0.815743 0.529761
Node_1892_66892_0 0.0105952 0.815743 0.529761
Node_1892_67271_0 0.0105952 0.815743 0.529761
Node_1892_1377993_0 0.0105952 0.815743 0.529761
Node_1892_67293_0 0.0105952 0.815743 0.529761
Node_1892_67296_0 0.0105952 0.815743 0.529761
Node_1892_67298_0 0.0105952 0.815743 0.529761
Node_1892_67301_0 0.0105952 0.815743 0.529761
Node_1892_67305_0 0.0105952 0.815743 0.529761
Node_1892_67313_0 0.0105952 0.815743 0.529761
Node_1892_67315_0 0.0105952 0.815743 0.529761
Node_1892_67333_0 0.0105952 0.815743 0.529761
Node_1892_67342_0 0.0105952 0.815743 0.529761
Node_1892_362257_0 0.0105952 0.815743 0.529761
Node_1892_67348_0 0.0105952 0.815743 0.529761
Node_1892_67361_0 0.0105952 0.815743 0.529761
Node_1892_67373_0 0.0105952 0.815743 0.529761
Node_1892_329523_0 0.0105952 0.815743 0.529761
Node_1892_67381_0 0.0105952 0.815743 0.529761
Node_1892_329524_0 0.0105952 0.815743 0.529761
Node_1892_67385_0 0.0105952 0.815743 0.529761
Node_1892_1893_0 0.0105952 0.815743 0.529761
Node_1892_1901_0 0.0105952 0.815743 0.529761
Node_1892_1915_0 0.0105952 0.815743 0.529761
Node_1892_1920_0 0.0105952 0.815743 0.529761
Node_1892_1932_0 0.0105952 0.815743 0.529761
Node_1892_1940_0 0.0105952 0.815743 0.529761
Node_1892_1943_0 0.0105952 0.815743 0.529761
Node_1892_1946_0 0.0105952 0.815743 0.529761
Node_1892_1948_0 0.0105952 0.815743 0.529761
Node_1892_1950_0 0.0105952 0.815743 0.529761
Node_1892_1954_0 0.0105952 0.815743 0.529761
Node_1892_1967_0 0.0105952 0.815743 0.529761
Node_1892_1971_0 0.0105952 0.815743 0.529761
Node_1892_68171_0 0.0105952 0.815743 0.529761
Node_1892_68180_0 0.0105952 0.815743 0.529761
Node_1892_68183_0 0.0105952 0.815743 0.529761
Node_1892_68187_0 0.0105952 0.815743 0.529761
Node_1892_68199_0 0.0105952 0.815743 0.529761
Node_1892_68211_0 0.0105952 0.815743 0.529761
Node_1892_68214_0 0.0105952 0.815743 0.529761
Node_1892_68223_0 0.0105952 0.815743 0.529761
Node_1892_68230_0 0.0105952 0.815743 0.529761
Node_1892_68239_0 0.0105952 0.815743 0.529761
Node_1892_68245_0 0.0105952 0.815743 0.529761
Node_1892_68249_0 0.0105952 0.815743 0.529761
Node_1892_68254_0 0.0105952 0.815743 0.529761
Node_1892_68255_0 0.0105952 0.815743 0.529761
Node_1892_68272_0 0.0105952 0.815743 0.529761
Node_1892_68285_0 0.0105952 0.815743 0.529761
Node_1892_593134_0 0.0105952 0.815743 0.529761
Node_1892_2952607_0 0.0105952 0.815743 0.529761
Node_1892_1642299_0 0.0105952 0.815743 0.529761
Node_1892_36816_0 0.0105952 0.815743 0.529761
Node_1892_36818_0 0.0105952 0.815743 0.529761
Node_1892_2953240_0 0.0105952 0.815743 0.529761
Node_1892_299421_0 0.0105952 0.815743 0.529761
Node_1892_1282885_0 0.0105952 0.815743 0.529761
Node_1892_1775131_0 0.0105952 0.815743 0.529761
Node_1892_1775132_0 0.0105952 0.815743 0.529761
Node_1892_661399_0 0.0105952 0.815743 0.529761
Node_1892_202862_0 0.0105952 0.815743 0.529761
Node_1892_2922868_0 0.0105952 0.815743 0.529761
Node_1892_39478_0 0.0105952 0.815743 0.529761
Node_1892_1678012_0 0.0105952 0.815743 0.529761
Node_1892_1384038_0 0.0105952 0.815743 0.529761
Node_1892_2989713_0 0.0105952 0.815743 0.529761
Node_1892_565073_0 0.0105952 0.815743 0.529761
Node_1892_2975659_0 0.0105952 0.815743 0.529761
Node_1892_402648_0 0.0105952 0.815743 0.529761
Node_1892_42237_0 0.0105952 0.815743 0.529761
Node_1892_1124239_0 0.0105952 0.815743 0.529761
Node_1892_436397_0 0.0105952 0.815743 0.529761
Node_1892_1616117_0 0.0105952 0.815743 0.529761
Node_1892_2763006_0 0.0105952 0.815743 0.529761
Node_1892_1550616_0 0.0105952 0.815743 0.529761
Node_1892_3156398_0 0.0105952 0.815743 0.529761
Node_1892_2599401_0 0.0105952 0.815743 0.529761
Node_1892_43759_0 0.0105952 0.815743 0.529761
Node_1892_1977088_0 0.0105952 0.815743 0.529761
Node_1892_1485586_0 0.0105952 0.815743 0.529761
Node_1892_44032_0 0.0105952 0.815743 0.529761
Node_1892_44033_0 0.0105952 0.815743 0.529761
Node_1892_2665496_0 0.0105952 0.815743 0.529761
Node_1892_1387713_0 0.0105952 0.815743 0.529761
Node_1892_1420899_0 0.0105952 0.815743 0.529761
Node_1892_1716141_0 0.0105952 0.815743 0.529761
Node_1892_700599_0 0.0105952 0.815743 0.529761
Node_1892_45398_0 0.0105952 0.815743 0.529761
Node_1892_78510_0 0.0105952 0.815743 0.529761
Node_1892_2306967_0 0.0105952 0.815743 0.529761
Node_1892_2798581_0 0.0105952 0.815743 0.529761
Node_1892_2798799_0 0.0105952 0.815743 0.529761
Node_1892_1750517_0 0.0105952 0.815743 0.529761
Node_1892_2897419_0 0.0105952 0.815743 0.529761
Node_1892_1194079_0 0.0105952 0.815743 0.529761
Node_1892_1128680_0 0.0105952 0.815743 0.529761
Node_1892_408015_0 0.0105952 0.815743 0.529761
Node_1892_2865673_0 0.0105952 0.815743 0.529761
Node_1892_47759_0 0.0105952 0.815743 0.529761
Node_1892_47761_0 0.0105952 0.815743 0.529761
Node_1892_375757_0 0.0105952 0.815743 0.529761
Node_1892_2898945_0 0.0105952 0.815743 0.529761
Node_1892_146537_0 0.0105952 0.815743 0.529761
Node_1892_2768069_0 0.0105952 0.815743 0.529761
Node_1892_146820_0 0.0105952 0.815743 0.529761
Node_1892_1818004_0 0.0105952 0.815743 0.529761
Node_1892_212423_0 0.0105952 0.815743 0.529761
Node_1892_2014920_0 0.0105952 0.815743 0.529761
Node_1892_3031124_0 0.0105952 0.815743 0.529761
Node_1892_1196353_0 0.0105952 0.815743 0.529761
Node_1892_2213162_0 0.0105952 0.815743 0.529761
Node_1892_83291_0 0.0105952 0.815743 0.529761
Node_1892_476552_0 0.0105952 0.815743 0.529761
Node_1892_312720_0 0.0105952 0.815743 0.529761
Node_1892_83378_0 0.0105952 0.815743 0.529761
Node_1892_1623582_0 0.0105952 0.815743 0.529761
Node_1892_1459942_0 0.0105952 0.815743 0.529761
Node_1892_3033808_0 0.0105952 0.815743 0.529761
Node_1892_52259_0 0.0105952 0.815743 0.529761
Node_1892_3034235_0 0.0105952 0.815743 0.529761
Node_1892_1428652_0 0.0105952 0.815743 0.529761
Node_1892_249586_0 0.0105952 0.815743 0.529761
Node_1892_2053010_0 0.0105952 0.815743 0.529761
Node_1892_2315329_0 0.0105952 0.815743 0.529761
Node_1892_2282652_0 0.0105952 0.815743 0.529761
Node_1892_2282738_0 0.0105952 0.815743 0.529761
Node_1892_284028_0 0.0105952 0.815743 0.529761
Node_1892_284030_0 0.0105952 0.815743 0.529761
Node_1892_284035_0 0.0105952 0.815743 0.529761
Node_1892_284043_0 0.0105952 0.815743 0.529761
Node_1892_284452_0 0.0105952 0.815743 0.529761
Node_1892_1300267_0 0.0105952 0.815743 0.529761
Node_1892_415721_0 0.0105952 0.815743 0.529761
Node_1892_1038928_0 0.0105952 0.815743 0.529761
Node_1892_285451_0 0.0105952 0.815743 0.529761
Node_1892_285453_0 0.0105952 0.815743 0.529761
Node_1892_285515_0 0.0105952 0.815743 0.529761
Node_1892_285561_0 0.0105952 0.815743 0.529761
Node_1892_285563_0 0.0105952 0.815743 0.529761
Node_1892_2710756_0 0.0105952 0.815743 0.529761
Node_1892_417292_0 0.0105952 0.815743 0.529761
Node_1892_2711217_0 0.0105952 0.815743 0.529761
Node_1892_2711219_0 0.0105952 0.815743 0.529761
Node_1892_647381_0 0.0105952 0.815743 0.529761
Node_1892_909626_0 0.0105952 0.815743 0.529761
Node_1892_910347_0 0.0105952 0.815743 0.529761
Node_1892_2483353_0 0.0105952 0.815743 0.529761
Node_1892_1434886_0 0.0105952 0.815743 0.529761
Node_1892_714166_0 0.0105952 0.815743 0.529761
Node_1892_943816_0 0.0105952 0.815743 0.529761
Node_1892_1763542_0 0.0105952 0.815743 0.529761
Node_1892_518642_0 0.0105952 0.815743 0.529761
Node_1892_92743_0 0.0105952 0.815743 0.529761
Node_1892_551547_0 0.0105952 0.815743 0.529761
Node_1892_2878388_0 0.0105952 0.815743 0.529761
Node_1892_1141874_0 0.0105952 0.815743 0.529761
Node_1892_28044_0 0.0105952 0.815743 0.529761
Node_1892_3075523_0 0.0105952 0.815743 0.529761
Node_1892_3075524_0 0.0105952 0.815743 0.529761
Node_1892_3075528_0 0.0105952 0.815743 0.529761
Node_1892_3075530_0 0.0105952 0.815743 0.529761
Node_1892_3075532_0 0.0105952 0.815743 0.529761
Node_1892_3075535_0 0.0105952 0.815743 0.529761
Node_1892_3075538_0 0.0105952 0.815743 0.529761
Node_1892_3075540_0 0.0105952 0.815743 0.529761
Node_1892_3075542_0 0.0105952 0.815743 0.529761
Node_1892_3075543_0 0.0105952 0.815743 0.529761
Node_1892_1437453_0 0.0105952 0.815743 0.529761
Node_1892_2486417_0 0.0105952 0.815743 0.529761
Node_1892_3043614_0 0.0105952 0.815743 0.529761
Node_1892_3043615_0 0.0105952 0.815743 0.529761
Node_1892_553510_0 0.0105952 0.815743 0.529761
Node_1892_2585196_0 0.0105952 0.815743 0.529761
Node_1892_29304_0 0.0105952 0.815743 0.529761
Node_1892_1176198_0 0.0105952 0.815743 0.529761
Node_1892_1077944_0 0.0105952 0.815743 0.529761
Node_1892_1077946_0 0.0105952 0.815743 0.529761
Node_1892_193460_0 0.0105952 0.815743 0.529761
Node_1892_193461_0 0.0105952 0.815743 0.529761
Node_1892_193462_0 0.0105952 0.815743 0.529761
Node_1892_1045501_0 0.0105952 0.815743 0.529761
Node_1892_1274986_0 0.0105952 0.815743 0.529761
Node_1892_1701085_0 0.0105952 0.815743 0.529761
Node_1892_653357_0 0.0105952 0.815743 0.529761
Node_1892_1472640_0 0.0105952 0.815743 0.529761
Node_1892_948699_0 0.0105952 0.815743 0.529761
Node_1892_621382_0 0.0105952 0.815743 0.529761
Node_1892_2981134_0 0.0105952 0.815743 0.529761
Node_1892_2883101_0 0.0105952 0.815743 0.529761
Node_1892_2293568_0 0.0105952 0.815743 0.529761
Node_1892_1114943_0 0.0105952 0.815743 0.529761
Node_1892_1923_0 0.0105952 0.815743 0.529761
Node_1892_332589_0 0.0105952 0.815743 0.529761
Node_1892_1283301_0 0.0105952 0.815743 0.529761
Node_1892_2758039_0 0.0105952 0.815743 0.529761
Node_1892_337066_0 0.0105952 0.815743 0.529761
Node_1892_698759_0 0.0105952 0.815743 0.529761
Node_1892_53446_0 0.0105952 0.815743 0.529761
Node_1892_680198_0 0.0105952 0.815743 0.529761
Node_1892_1240678_0 0.0105952 0.815743 0.529761
Node_1892_1440053_0 0.0105952 0.815743 0.529761
Node_1892_100226_0 0.0105952 0.815743 0.529761
Node_2975659_3154379_0 0.0105952 0.815743 0.529761
Node_2975659_2903608_0 0.0105952 0.815743 0.529761
Node_2975659_2903632_0 0.0105952 0.815743 0.529761
Node_2975659_3231512_0 0.0105952 0.815743 0.529761
Node_2975659_3238627_0 0.0105952 0.815743 0.529761
Node_66882_1331668_0 0.0105952 0.815743 0.529761
Node_2184053_66370_0 0.0105952 0.815743 0.529761
Node_2184053_132473_0 0.0105952 0.815743 0.529761
Node_2184053_67350_0 0.0105952 0.815743 0.529761
Node_2184053_2109333_0 0.0105952 0.815743 0.529761
Node_2184053_58343_0 0.0105952 0.815743 0.529761
Node_653045_67327_0 0.0105952 0.815743 0.529761
Node_653045_114698_0 0.0105952 0.815743 0.529761
Node_653045_576784_0 0.0105952 0.815743 0.529761
Node_653045_1343740_0 0.0105952 0.815743 0.529761
Node_653045_459658_0 0.0105952 0.815743 0.529761
Node_653045_1226758_0 0.0105952 0.815743 0.529761
Node_653045_3098222_0 0.0105952 0.815743 0.529761
Node_653045_457427_0 0.0105952 0.815743 0.529761
Node_2480626_28887_0 0.0105952 0.815743 0.529761
Node_2480626_1931232_0 0.0105952 0.815743 0.529761
Node_2480626_111803_0 0.0105952 0.815743 0.529761
Node_2480626_1144618_0 0.0105952 0.815743 0.529761
Node_111803_1992_0 0.0105952 0.815743 0.529761
Node_111803_163603_0 0.0105952 0.815743 0.529761
Node_111803_1080073_0 0.0105952 0.815743 0.529761
Node_111803_35622_0 0.0105952 0.815743 0.529761
Node_111803_46162_0 0.0105952 0.815743 0.529761
Node_111803_58109_0 0.0105952 0.815743 0.529761
Node_1080073_502180_0 0.0105952 0.815743 0.529761
Node_1080073_502577_0 0.0105952 0.815743 0.529761
Node_1080073_79912_0 0.0105952 0.815743 0.529761
Node_1080073_1490222_0 0.0105952 0.815743 0.529761
Node_1080073_478107_0 0.0105952 0.815743 0.529761
Node_1080073_1080074_0 0.0105952 0.815743 0.529761
Node_163603_1993_0 0.0105952 0.815743 0.529761
Node_163603_1994_0 0.0105952 0.815743 0.529761
Node_163603_559626_0 0.0105952 0.815743 0.529761
Node_163603_134602_0 0.0105952 0.815743 0.529761
Node_163603_2231787_0 0.0105952 0.815743 0.529761
Node_163603_430685_0 0.0105952 0.815743 0.529761
Node_163603_267854_0 0.0105952 0.815743 0.529761
Node_163603_2530368_0 0.0105952 0.815743 0.529761
Node_163603_1679523_0 0.0105952 0.815743 0.529761
Node_163603_2303421_0 0.0105952 0.815743 0.529761
Node_163603_337895_0 0.0105952 0.815743 0.529761
Node_163603_240840_0 0.0105952 0.815743 0.529761
Node_163603_406431_0 0.0105952 0.815743 0.529761
Node_163603_2864039_0 0.0105952 0.815743 0.529761
Node_163603_46158_0 0.0105952 0.815743 0.529761
Node_163603_46160_0 0.0105952 0.815743 0.529761
Node_163603_111802_0 0.0105952 0.815743 0.529761
Node_163603_111807_0 0.0105952 0.815743 0.529761
Node_163603_79909_0 0.0105952 0.815743 0.529761
Node_163603_2604572_0 0.0105952 0.815743 0.529761
Node_163603_115335_0 0.0105952 0.815743 0.529761
Node_163603_705336_0 0.0105952 0.815743 0.529761
Node_163603_1819600_0 0.0105952 0.815743 0.529761
Node_163603_1427535_0 0.0105952 0.815743 0.529761
Node_163603_1427538_0 0.0105952 0.815743 0.529761
Node_163603_2508997_0 0.0105952 0.815743 0.529761
Node_163603_1429076_0 0.0105952 0.815743 0.529761
Node_163603_2805427_0 0.0105952 0.815743 0.529761
Node_163603_547461_0 0.0105952 0.815743 0.529761
Node_163603_58110_0 0.0105952 0.815743 0.529761
Node_163603_2483351_0 0.0105952 0.815743 0.529761
Node_163603_1763541_0 0.0105952 0.815743 0.529761
Node_163603_453573_0 0.0105952 0.815743 0.529761
Node_163603_2585200_0 0.0105952 0.815743 0.529761
Node_163603_2650748_0 0.0105952 0.815743 0.529761
Node_163603_882440_0 0.0105952 0.815743 0.529761
Node_163603_359158_0 0.0105952 0.815743 0.529761
Node_163603_392828_0 0.0105952 0.815743 0.529761
Node_163603_2293572_0 0.0105952 0.815743 0.529761
Node_1992_1411118_0 0.0105952 0.815743 0.529761
Node_1931232_1235441_0 0.0105952 0.815743 0.529761
Node_1931232_183763_0 0.0105952 0.815743 0.529761
Node_1931232_2715399_0 0.0105952 0.815743 0.529761
Node_1931232_483545_0 0.0105952 0.815743 0.529761
Node_1931232_1783352_0 0.0105952 0.815743 0.529761
Node_1931232_1605990_0 0.0105952 0.815743 0.529761
Node_1931232_405555_0 0.0105952 0.815743 0.529761
Node_1931232_702744_0 0.0105952 0.815743 0.529761
Node_1931232_645275_0 0.0105952 0.815743 0.529761
Node_1931232_2487137_0 0.0105952 0.815743 0.529761
Node_1931232_687207_0 0.0105952 0.815743 0.529761
Node_1783352_2055835_0 0.0105952 0.815743 0.529761
Node_483545_665004_0 0.0105952 0.815743 0.529761
Node_2715399_1122192_0 0.0105952 0.815743 0.529761
Node_183763_427369_0 0.0105952 0.815743 0.529761
Node_183763_104205_0 0.0105952 0.815743 0.529761
Node_183763_2498135_0 0.0105952 0.815743 0.529761
Node_183763_995084_0 0.0105952 0.815743 0.529761
Node_183763_1323731_0 0.0105952 0.815743 0.529761
Node_183763_3075544_0 0.0105952 0.815743 0.529761
Node_1235441_1179818_0 0.0105952 0.815743 0.529761
Node_1235441_1478215_0 0.0105952 0.815743 0.529761
Node_1235441_3018444_0 0.0105952 0.815743 0.529761
Node_1235441_3018445_0 0.0105952 0.815743 0.529761
Node_1235441_758803_0 0.0105952 0.815743 0.529761
Node_1235441_1778267_0 0.0105952 0.815743 0.529761
Node_1235441_501010_0 0.0105952 0.815743 0.529761
Node_1235441_141693_0 0.0105952 0.815743 0.529761
Node_1235441_2831969_0 0.0105952 0.815743 0.529761
Node_1235441_179819_0 0.0105952 0.815743 0.529761
Node_1235441_280238_0 0.0105952 0.815743 0.529761
Node_1235441_3065942_0 0.0105952 0.815743 0.529761
Node_1235441_2772213_0 0.0105952 0.815743 0.529761
Node_1235441_220378_0 0.0105952 0.815743 0.529761
Node_1235441_157465_0 0.0105952 0.815743 0.529761
Node_1235441_3075539_0 0.0105952 0.815743 0.529761
Node_1235441_1472723_0 0.0105952 0.815743 0.529761
Node_1235441_1670832_0 0.0105952 0.815743 0.529761
Node_1235441_163604_0 0.0105952 0.815743 0.529761
Node_1235441_446468_0 0.0105952 0.815743 0.529761
Node_28887_321316_0 0.0105952 0.815743 0.529761
Node_28887_1909395_0 0.0105952 0.815743 0.529761
Node_28887_1997_0 0.0105952 0.815743 0.529761
Node_28887_1070424_0 0.0105952 0.815743 0.529761
Node_28887_909287_0 0.0105952 0.815743 0.529761
Node_28887_58117_0 0.0105952 0.815743 0.529761
Node_28887_2696284_0 0.0105952 0.815743 0.529761
Node_28887_2666298_0 0.0105952 0.815743 0.529761
Node_28887_504805_0 0.0105952 0.815743 0.529761
Node_28887_575193_0 0.0105952 0.815743 0.529761
Node_28887_161354_0 0.0105952 0.815743 0.529761
Node_28887_1999_0 0.0105952 0.815743 0.529761
Node_28887_103836_0 0.0105952 0.815743 0.529761
Node_28887_795644_0 0.0105952 0.815743 0.529761
Node_28887_936338_0 0.0105952 0.815743 0.529761
Node_28887_1070861_0 0.0105952 0.815743 0.529761
Node_28887_1073253_0 0.0105952 0.815743 0.529761
Node_28887_469371_0 0.0105952 0.815743 0.529761
Node_161354_161355_0 0.0105952 0.815743 0.529761
Node_575193_487172_0 0.0105952 0.815743 0.529761
Node_504805_1367973_0 0.0105952 0.815743 0.529761
Node_2666298_2248750_0 0.0105952 0.815743 0.529761
Node_2696284_2575442_0 0.0105952 0.815743 0.529761
Node_58117_564413_0 0.0105952 0.815743 0.529761
Node_58117_568844_0 0.0105952 0.815743 0.529761
Node_58117_83302_0 0.0105952 0.815743 0.529761
Node_58117_1427754_0 0.0105952 0.815743 0.529761
Node_58117_1677852_0 0.0105952 0.815743 0.529761
Node_909287_35764_0 0.0105952 0.815743 0.529761
Node_909287_35765_0 0.0105952 0.815743 0.529761
Node_909287_106412_0 0.0105952 0.815743 0.529761
Node_909287_1682748_0 0.0105952 0.815743 0.529761
Node_909287_46186_0 0.0105952 0.815743 0.529761
Node_909287_46187_0 0.0105952 0.815743 0.529761
Node_909287_1816182_0 0.0105952 0.815743 0.529761
Node_909287_1193683_0 0.0105952 0.815743 0.529761
Node_909287_47481_0 0.0105952 0.815743 0.529761
Node_909287_1260955_0 0.0105952 0.815743 0.529761
Node_909287_1461250_0 0.0105952 0.815743 0.529761
Node_909287_698418_0 0.0105952 0.815743 0.529761
Node_1070424_35763_0 0.0105952 0.815743 0.529761
Node_1070424_90975_0 0.0105952 0.815743 0.529761
Node_1997_1996_0 0.0105952 0.815743 0.529761
Node_1997_161358_0 0.0105952 0.815743 0.529761
Node_1909395_2720023_0 0.0105952 0.815743 0.529761
Node_1909395_1642303_0 0.0105952 0.815743 0.529761
Node_1909395_37484_0 0.0105952 0.815743 0.529761
Node_1909395_103838_0 0.0105952 0.815743 0.529761
Node_1909395_2530383_0 0.0105952 0.815743 0.529761
Node_1909395_1187855_0 0.0105952 0.815743 0.529761
Node_1909395_1581193_0 0.0105952 0.815743 0.529761
Node_1909395_1712872_0 0.0105952 0.815743 0.529761
Node_1909395_1286938_0 0.0105952 0.815743 0.529761
Node_1909395_3351344_0 0.0105952 0.815743 0.529761
Node_1909395_1188745_0 0.0105952 0.815743 0.529761
Node_1909395_1124761_0 0.0105952 0.815743 0.529761
Node_1909395_633440_0 0.0105952 0.815743 0.529761
Node_1909395_1616787_0 0.0105952 0.815743 0.529761
Node_1909395_404385_0 0.0105952 0.815743 0.529761
Node_1909395_568860_0 0.0105952 0.815743 0.529761
Node_1909395_1848320_0 0.0105952 0.815743 0.529761
Node_1909395_1848322_0 0.0105952 0.815743 0.529761
Node_1909395_1848329_0 0.0105952 0.815743 0.529761
Node_1909395_46171_0 0.0105952 0.815743 0.529761
Node_1909395_46174_0 0.0105952 0.815743 0.529761
Node_1909395_46176_0 0.0105952 0.815743 0.529761
Node_1909395_46177_0 0.0105952 0.815743 0.529761
Node_1909395_46178_0 0.0105952 0.815743 0.529761
Node_1909395_46179_0 0.0105952 0.815743 0.529761
Node_1909395_46182_0 0.0105952 0.815743 0.529761
Node_1909395_2045107_0 0.0105952 0.815743 0.529761
Node_1909395_1291555_0 0.0105952 0.815743 0.529761
Node_1909395_1291556_0 0.0105952 0.815743 0.529761
Node_1909395_1849276_0 0.0105952 0.815743 0.529761
Node_1909395_2603600_0 0.0105952 0.815743 0.529761
Node_1909395_638574_0 0.0105952 0.815743 0.529761
Node_1909395_2047744_0 0.0105952 0.815743 0.529761
Node_1909395_1032476_0 0.0105952 0.815743 0.529761
Node_1909395_83682_0 0.0105952 0.815743 0.529761
Node_1909395_2741721_0 0.0105952 0.815743 0.529761
Node_1909395_2316207_0 0.0105952 0.815743 0.529761
Node_1909395_714136_0 0.0105952 0.815743 0.529761
Node_1909395_419590_0 0.0105952 0.815743 0.529761
Node_1909395_683260_0 0.0105952 0.815743 0.529761
Node_1909395_1144553_0 0.0105952 0.815743 0.529761
Node_1909395_882448_0 0.0105952 0.815743 0.529761
Node_1909395_65515_0 0.0105952 0.815743 0.529761
Node_1909395_160689_0 0.0105952 0.815743 0.529761
Node_321316_1441875_0 0.0105952 0.815743 0.529761
Node_321316_1381558_0 0.0105952 0.815743 0.529761
Node_321316_2269375_0 0.0105952 0.815743 0.529761
Node_321316_795645_0 0.0105952 0.815743 0.529761
Node_321316_763782_0 0.0105952 0.815743 0.529761
Node_321316_509199_0 0.0105952 0.815743 0.529761
Node_321316_509200_0 0.0105952 0.815743 0.529761
Node_321316_1436120_0 0.0105952 0.815743 0.529761
Node_3120821_1930060_0 0.0105952 0.815743 0.529761
Node_3120821_415218_0 0.0105952 0.815743 0.529761
Node_3120821_419650_0 0.0105952 0.815743 0.529761
Node_3120821_1401063_0 0.0105952 0.815743 0.529761
Node_3120821_2910770_0 0.0105952 0.815743 0.529761
Node_3120821_545619_0 0.0105952 0.815743 0.529761
Node_3120821_2819238_0 0.0105952 0.815743 0.529761
Node_3120821_526729_0 0.0105952 0.815743 0.529761
Node_3120821_1774748_0 0.0105952 0.815743 0.529761
Node_3120821_1184607_0 0.0105952 0.815743 0.529761
Node_3120821_384677_0 0.0105952 0.815743 0.529761
Node_3120821_1930061_0 0.0105952 0.815743 0.529761
Node_3120821_138300_0 0.0105952 0.815743 0.529761
Node_3120821_3075620_0 0.0105952 0.815743 0.529761
Node_3120821_372484_0 0.0105952 0.815743 0.529761
Node_3120821_13243_0 0.0105952 0.815743 0.529761
Node_3120821_648782_0 0.0105952 0.815743 0.529761
Node_13243_153494_0 0.0105952 0.815743 0.529761
Node_372484_2795737_0 0.0105952 0.815743 0.529761
Node_372484_3030830_0 0.0105952 0.815743 0.529761
Node_3075620_3051659_0 0.0105952 0.815743 0.529761
Node_3075620_3051663_0 0.0105952 0.815743 0.529761
Node_3075620_431489_0 0.0105952 0.815743 0.529761
Node_3075620_1582364_0 0.0105952 0.815743 0.529761
Node_3075620_1043493_0 0.0105952 0.815743 0.529761
Node_3075620_1930058_0 0.0105952 0.815743 0.529761
Node_138300_592308_0 0.0105952 0.815743 0.529761
Node_138300_478801_0 0.0105952 0.815743 0.529761
Node_1930061_1655435_0 0.0105952 0.815743 0.529761
Node_1930061_676201_0 0.0105952 0.815743 0.529761
Node_1930061_120377_0 0.0105952 0.815743 0.529761
Node_1930061_471853_0 0.0105952 0.815743 0.529761
Node_1655435_556530_0 0.0105952 0.815743 0.529761
Node_384677_767452_0 0.0105952 0.815743 0.529761
Node_384677_2593973_0 0.0105952 0.815743 0.529761
Node_384677_2594265_0 0.0105952 0.815743 0.529761
Node_384677_1195761_0 0.0105952 0.815743 0.529761
Node_384677_2934158_0 0.0105952 0.815743 0.529761
Node_384677_2248773_0 0.0105952 0.815743 0.529761
Node_384677_2283195_0 0.0105952 0.815743 0.529761
Node_384677_125288_0 0.0105952 0.815743 0.529761
Node_767452_1758689_0 0.0105952 0.815743 0.529761
Node_1184607_1859295_0 0.0105952 0.815743 0.529761
Node_1184607_2953743_0 0.0105952 0.815743 0.529761
Node_1184607_1184609_0 0.0105952 0.815743 0.529761
Node_1859295_1089455_0 0.0105952 0.815743 0.529761
Node_1774748_1255625_0 0.0105952 0.815743 0.529761
Node_1774748_1280376_0 0.0105952 0.815743 0.529761
Node_1774748_2909229_0 0.0105952 0.815743 0.529761
Node_1255625_199591_0 0.0105952 0.815743 0.529761
Node_1255625_232444_0 0.0105952 0.815743 0.529761
Node_1255625_366888_0 0.0105952 0.815743 0.529761
Node_1255625_1482676_0 0.0105952 0.815743 0.529761
Node_1255625_2695267_0 0.0105952 0.815743 0.529761
Node_1255625_2762220_0 0.0105952 0.815743 0.529761
Node_1255625_273384_0 0.0105952 0.815743 0.529761
Node_1255625_506594_0 0.0105952 0.815743 0.529761
Node_1255625_1262550_0 0.0105952 0.815743 0.529761
Node_1255625_1033736_0 0.0105952 0.815743 0.529761
Node_1255625_1857024_0 0.0105952 0.815743 0.529761
Node_1255625_1136497_0 0.0105952 0.815743 0.529761
Node_1255625_909936_0 0.0105952 0.815743 0.529761
Node_1255625_418643_0 0.0105952 0.815743 0.529761
Node_1255625_1403566_0 0.0105952 0.815743 0.529761
Node_1255625_3140787_0 0.0105952 0.815743 0.529761
Node_1255625_946573_0 0.0105952 0.815743 0.529761
Node_1255625_1046555_0 0.0105952 0.815743 0.529761
Node_1255625_1255637_0 0.0105952 0.815743 0.529761
Node_526729_264251_0 0.0105952 0.815743 0.529761
Node_526729_765201_0 0.0105952 0.815743 0.529761
Node_526729_253184_0 0.0105952 0.815743 0.529761
Node_526729_1300344_0 0.0105952 0.815743 0.529761
Node_526729_2509459_0 0.0105952 0.815743 0.529761
Node_526729_2910976_0 0.0105952 0.815743 0.529761
Node_2509459_2607479_0 0.0105952 0.815743 0.529761
Node_2509459_2509457_0 0.0105952 0.815743 0.529761
Node_2509459_446471_0 0.0105952 0.815743 0.529761
Node_1300344_300179_0 0.0105952 0.815743 0.529761
Node_1300344_300560_0 0.0105952 0.815743 0.529761
Node_1300344_1776856_0 0.0105952 0.815743 0.529761
Node_1300344_2733572_0 0.0105952 0.815743 0.529761
Node_1300344_548579_0 0.0105952 0.815743 0.529761
Node_1300344_2879484_0 0.0105952 0.815743 0.529761
Node_1300344_743718_0 0.0105952 0.815743 0.529761
Node_253184_2593663_0 0.0105952 0.815743 0.529761
Node_253184_1230528_0 0.0105952 0.815743 0.529761
Node_253184_2776917_0 0.0105952 0.815743 0.529761
Node_765201_2035533_0 0.0105952 0.815743 0.529761
Node_765201_629679_0 0.0105952 0.815743 0.529761
Node_765201_43677_0 0.0105952 0.815743 0.529761
Node_765201_88382_0 0.0105952 0.815743 0.529761
Node_264251_2587808_0 0.0105952 0.815743 0.529761
Node_2819238_620910_0 0.0105952 0.815743 0.529761
Node_2819238_1259133_0 0.0105952 0.815743 0.529761
Node_545619_3064654_0 0.0105952 0.815743 0.529761
Node_545619_446466_0 0.0105952 0.815743 0.529761
Node_545619_43678_0 0.0105952 0.815743 0.529761
Node_545619_1138587_0 0.0105952 0.815743 0.529761
Node_446466_1709_0 0.0105952 0.815743 0.529761
Node_446466_1712_0 0.0105952 0.815743 0.529761
Node_446466_1714_0 0.0105952 0.815743 0.529761
Node_446466_2819978_0 0.0105952 0.815743 0.529761
Node_446466_264297_0 0.0105952 0.815743 0.529761
Node_446466_233583_0 0.0105952 0.815743 0.529761
Node_446466_398759_0 0.0105952 0.815743 0.529761
Node_446466_988821_0 0.0105952 0.815743 0.529761
Node_446466_3053467_0 0.0105952 0.815743 0.529761
Node_446466_3053468_0 0.0105952 0.815743 0.529761
Node_446466_992287_0 0.0105952 0.815743 0.529761
Node_446466_43670_0 0.0105952 0.815743 0.529761
Node_446466_76861_0 0.0105952 0.815743 0.529761
Node_446466_76862_0 0.0105952 0.815743 0.529761
Node_446466_144055_0 0.0105952 0.815743 0.529761
Node_446466_931535_0 0.0105952 0.815743 0.529761
Node_446466_931536_0 0.0105952 0.815743 0.529761
Node_446466_311234_0 0.0105952 0.815743 0.529761
Node_446466_2835530_0 0.0105952 0.815743 0.529761
Node_446466_2968083_0 0.0105952 0.815743 0.529761
Node_446466_2968084_0 0.0105952 0.815743 0.529761
Node_446466_478780_0 0.0105952 0.815743 0.529761
Node_446466_2483352_0 0.0105952 0.815743 0.529761
Node_446466_156981_0 0.0105952 0.815743 0.529761
Node_446466_593907_0 0.0105952 0.815743 0.529761
Node_446466_1386082_0 0.0105952 0.815743 0.529761
Node_446466_947969_0 0.0105952 0.815743 0.529761
Node_3064654_2819234_0 0.0105952 0.815743 0.529761
Node_3064654_43671_0 0.0105952 0.815743 0.529761
Node_3064654_948458_0 0.0105952 0.815743 0.529761
Node_2910770_521392_0 0.0105952 0.815743 0.529761
Node_2910770_1541174_0 0.0105952 0.815743 0.529761
Node_2910770_396014_0 0.0105952 0.815743 0.529761
Node_2910770_173363_0 0.0105952 0.815743 0.529761
Node_2910770_1652028_0 0.0105952 0.815743 0.529761
Node_2910770_2017484_0 0.0105952 0.815743 0.529761
Node_2910770_2017485_0 0.0105952 0.815743 0.529761
Node_2910770_2942909_0 0.0105952 0.815743 0.529761
Node_2910770_1249481_0 0.0105952 0.815743 0.529761
Node_1401063_1324766_0 0.0105952 0.815743 0.529761
Node_1401063_2817475_0 0.0105952 0.815743 0.529761
Node_1401063_136273_0 0.0105952 0.815743 0.529761
Node_1401063_384602_0 0.0105952 0.815743 0.529761
Node_1401063_1027633_0 0.0105952 0.815743 0.529761
Node_1401063_169134_0 0.0105952 0.815743 0.529761
Node_1401063_257454_0 0.0105952 0.815743 0.529761
Node_1401063_225325_0 0.0105952 0.815743 0.529761
Node_1401063_1338436_0 0.0105952 0.815743 0.529761
Node_1401063_225894_0 0.0105952 0.815743 0.529761
Node_1401063_121292_0 0.0105952 0.815743 0.529761
Node_1401063_1645614_0 0.0105952 0.815743 0.529761
Node_1401063_578222_0 0.0105952 0.815743 0.529761
Node_1401063_3162492_0 0.0105952 0.815743 0.529761
Node_1401063_732241_0 0.0105952 0.815743 0.529761
Node_1401063_1882339_0 0.0105952 0.815743 0.529761
Node_1401063_2676122_0 0.0105952 0.815743 0.529761
Node_1401063_1682741_0 0.0105952 0.815743 0.529761
Node_1401063_1262554_0 0.0105952 0.815743 0.529761
Node_1401063_287930_0 0.0105952 0.815743 0.529761
Node_1401063_1572761_0 0.0105952 0.815743 0.529761
Node_1401063_1246476_0 0.0105952 0.815743 0.529761
Node_1401063_288705_0 0.0105952 0.815743 0.529761
Node_2676122_2676123_0 0.0105952 0.815743 0.529761
Node_1882339_554083_0 0.0105952 0.815743 0.529761
Node_732241_556325_0 0.0105952 0.815743 0.529761
Node_3162492_43664_0 0.0105952 0.815743 0.529761
Node_3162492_43665_0 0.0105952 0.815743 0.529761
Node_3162492_211146_0 0.0105952 0.815743 0.529761
Node_3162492_29320_0 0.0105952 0.815743 0.529761
Node_3162492_2849150_0 0.0105952 0.815743 0.529761
Node_3162492_290340_0 0.0105952 0.815743 0.529761
Node_578222_1285193_0 0.0105952 0.815743 0.529761
Node_578222_370736_0 0.0105952 0.815743 0.529761
Node_578222_547018_0 0.0105952 0.815743 0.529761
Node_1645614_1618207_0 0.0105952 0.815743 0.529761
Node_121292_728066_0 0.0105952 0.815743 0.529761
Node_121292_861266_0 0.0105952 0.815743 0.529761
Node_121292_3128980_0 0.0105952 0.815743 0.529761
Node_121292_452863_0 0.0105952 0.815743 0.529761
Node_225894_37929_0 0.0105952 0.815743 0.529761
Node_225894_43667_0 0.0105952 0.815743 0.529761
Node_225894_453836_0 0.0105952 0.815743 0.529761
Node_225894_257984_0 0.0105952 0.815743 0.529761
Node_225894_162496_0 0.0105952 0.815743 0.529761
Node_1338436_37927_0 0.0105952 0.815743 0.529761
Node_1338436_496857_0 0.0105952 0.815743 0.529761
Node_1338436_1644133_0 0.0105952 0.815743 0.529761
Node_1338436_2801916_0 0.0105952 0.815743 0.529761
Node_1338436_2908838_0 0.0105952 0.815743 0.529761
Node_1338436_322009_0 0.0105952 0.815743 0.529761
Node_1338436_3238584_0 0.0105952 0.815743 0.529761
Node_1338436_3110330_0 0.0105952 0.815743 0.529761
Node_225325_1804988_0 0.0105952 0.815743 0.529761
Node_225325_1348272_0 0.0105952 0.815743 0.529761
Node_225325_37922_0 0.0105952 0.815743 0.529761
Node_225325_269144_0 0.0105952 0.815743 0.529761
Node_225325_469799_0 0.0105952 0.815743 0.529761
Node_225325_2174932_0 0.0105952 0.815743 0.529761
Node_225325_1882340_0 0.0105952 0.815743 0.529761
Node_225325_150832_0 0.0105952 0.815743 0.529761
Node_225325_2838701_0 0.0105952 0.815743 0.529761
Node_225325_1463631_0 0.0105952 0.815743 0.529761
Node_225325_1463632_0 0.0105952 0.815743 0.529761
Node_225325_317018_0 0.0105952 0.815743 0.529761
Node_225325_3074079_0 0.0105952 0.815743 0.529761
Node_225325_1436010_0 0.0105952 0.815743 0.529761
Node_225325_225327_0 0.0105952 0.815743 0.529761
Node_257454_494023_0 0.0105952 0.815743 0.529761
Node_257454_2723403_0 0.0105952 0.815743 0.529761
Node_257454_43666_0 0.0105952 0.815743 0.529761
Node_257454_670079_0 0.0105952 0.815743 0.529761
Node_257454_254788_0 0.0105952 0.815743 0.529761
Node_257454_1276920_0 0.0105952 0.815743 0.529761
Node_169134_592307_0 0.0105952 0.815743 0.529761
Node_169134_863575_0 0.0105952 0.815743 0.529761
Node_1027633_1837282_0 0.0105952 0.815743 0.529761
Node_1027633_684663_0 0.0105952 0.815743 0.529761
Node_384602_1273_0 0.0105952 0.815743 0.529761
Node_384602_574650_0 0.0105952 0.815743 0.529761
Node_384602_455343_0 0.0105952 0.815743 0.529761
Node_136273_501592_0 0.0105952 0.815743 0.529761
Node_136273_1461025_0 0.0105952 0.815743 0.529761
Node_136273_446860_0 0.0105952 0.815743 0.529761
Node_136273_1038857_0 0.0105952 0.815743 0.529761
Node_136273_2055946_0 0.0105952 0.815743 0.529761
Node_136273_2485125_0 0.0105952 0.815743 0.529761
Node_136273_1176249_0 0.0105952 0.815743 0.529761
Node_136273_1736139_0 0.0105952 0.815743 0.529761
Node_136273_1049583_0 0.0105952 0.815743 0.529761
Node_136273_1236550_0 0.0105952 0.815743 0.529761
Node_2817475_656366_0 0.0105952 0.815743 0.529761
Node_2817475_1664_0 0.0105952 0.815743 0.529761
Node_2817475_1670_0 0.0105952 0.815743 0.529761
Node_2817475_1476996_0 0.0105952 0.815743 0.529761
Node_2817475_2886940_0 0.0105952 0.815743 0.529761
Node_2817475_37921_0 0.0105952 0.815743 0.529761
Node_2817475_2724944_0 0.0105952 0.815743 0.529761
Node_2817475_71253_0 0.0105952 0.815743 0.529761
Node_2817475_1742687_0 0.0105952 0.815743 0.529761
Node_2817475_169960_0 0.0105952 0.815743 0.529761
Node_2817475_172040_0 0.0105952 0.815743 0.529761
Node_2817475_335973_0 0.0105952 0.815743 0.529761
Node_2817475_2762225_0 0.0105952 0.815743 0.529761
Node_2817475_272161_0 0.0105952 0.815743 0.529761
Node_2817475_1650592_0 0.0105952 0.815743 0.529761
Node_2817475_1258888_0 0.0105952 0.815743 0.529761
Node_2817475_670078_0 0.0105952 0.815743 0.529761
Node_2817475_2964609_0 0.0105952 0.815743 0.529761
Node_2817475_2966350_0 0.0105952 0.815743 0.529761
Node_2817475_2606616_0 0.0105952 0.815743 0.529761
Node_2817475_2935737_0 0.0105952 0.815743 0.529761
Node_2817475_1461584_0 0.0105952 0.815743 0.529761
Node_2817475_3068273_0 0.0105952 0.815743 0.529761
Node_2817475_2904801_0 0.0105952 0.815743 0.529761
Node_2817475_1529066_0 0.0105952 0.815743 0.529761
Node_2817475_2547396_0 0.0105952 0.815743 0.529761
Node_2817475_2547960_0 0.0105952 0.815743 0.529761
Node_2817475_1630594_0 0.0105952 0.815743 0.529761
Node_2817475_516699_0 0.0105952 0.815743 0.529761
Node_2817475_156980_0 0.0105952 0.815743 0.529761
Node_2817475_2483813_0 0.0105952 0.815743 0.529761
Node_2817475_2713570_0 0.0105952 0.815743 0.529761
Node_2817475_92442_0 0.0105952 0.815743 0.529761
Node_2817475_1338426_0 0.0105952 0.815743 0.529761
Node_2817475_2026658_0 0.0105952 0.815743 0.529761
Node_2817475_748907_0 0.0105952 0.815743 0.529761
Node_2817475_2486855_0 0.0105952 0.815743 0.529761
Node_2817475_95172_0 0.0105952 0.815743 0.529761
Node_2817475_1045773_0 0.0105952 0.815743 0.529761
Node_2817475_2816859_0 0.0105952 0.815743 0.529761
Node_2817475_2817681_0 0.0105952 0.815743 0.529761
Node_1324766_2949643_0 0.0105952 0.815743 0.529761
Node_1324766_592378_0 0.0105952 0.815743 0.529761
Node_1324766_396015_0 0.0105952 0.815743 0.529761
Node_1324766_37923_0 0.0105952 0.815743 0.529761
Node_1324766_169480_0 0.0105952 0.815743 0.529761
Node_1324766_1812262_0 0.0105952 0.815743 0.529761
Node_1324766_85336_0 0.0105952 0.815743 0.529761
Node_419650_1656889_0 0.0105952 0.815743 0.529761
Node_419650_1274_0 0.0105952 0.815743 0.529761
Node_419650_3031728_0 0.0105952 0.815743 0.529761
Node_419650_999931_0 0.0105952 0.815743 0.529761
Node_419650_657409_0 0.0105952 0.815743 0.529761
Node_419650_1874116_0 0.0105952 0.815743 0.529761
Node_419650_672460_0 0.0105952 0.815743 0.529761
Node_419650_1656884_0 0.0105952 0.815743 0.529761
Node_419650_1660198_0 0.0105952 0.815743 0.529761
Node_419650_587872_0 0.0105952 0.815743 0.529761
Node_999931_1535208_0 0.0105952 0.815743 0.529761
Node_3031728_571913_0 0.0105952 0.815743 0.529761
Node_3031728_1631356_0 0.0105952 0.815743 0.529761
Node_1274_322596_0 0.0105952 0.815743 0.529761
Node_1656889_2294115_0 0.0105952 0.815743 0.529761
Node_1656889_1849103_0 0.0105952 0.815743 0.529761
Node_1656889_702742_0 0.0105952 0.815743 0.529761
Node_1656889_1794944_0 0.0105952 0.815743 0.529761
Node_415218_1069963_0 0.0105952 0.815743 0.529761
Node_415218_2663847_0 0.0105952 0.815743 0.529761
Node_415218_1193518_0 0.0105952 0.815743 0.529761
Node_415218_443156_0 0.0105952 0.815743 0.529761
Node_415218_1690220_0 0.0105952 0.815743 0.529761
Node_415218_1385520_0 0.0105952 0.815743 0.529761
Node_415218_1386089_0 0.0105952 0.815743 0.529761
Node_415218_545624_0 0.0105952 0.815743 0.529761
Node_415218_60443_0 0.0105952 0.815743 0.529761
Node_415218_622664_0 0.0105952 0.815743 0.529761
Node_415218_297536_0 0.0105952 0.815743 0.529761
Node_415218_402171_0 0.0105952 0.815743 0.529761
Node_415218_82346_0 0.0105952 0.815743 0.529761
Node_415218_53356_0 0.0105952 0.815743 0.529761
Node_415218_552064_0 0.0105952 0.815743 0.529761
Node_60443_318434_0 0.0105952 0.815743 0.529761
Node_60443_422442_0 0.0105952 0.815743 0.529761
Node_545624_650104_0 0.0105952 0.815743 0.529761
Node_1386089_584657_0 0.0105952 0.815743 0.529761
Node_1385520_407159_0 0.0105952 0.815743 0.529761
Node_1385520_882824_0 0.0105952 0.815743 0.529761
Node_1385520_1385519_0 0.0105952 0.815743 0.529761
Node_1385520_1385521_0 0.0105952 0.815743 0.529761
Node_1690220_173053_0 0.0105952 0.815743 0.529761
Node_1690220_1193181_0 0.0105952 0.815743 0.529761
Node_443156_433644_0 0.0105952 0.815743 0.529761
Node_443156_436356_0 0.0105952 0.815743 0.529761
Node_443156_587636_0 0.0105952 0.815743 0.529761
Node_1193518_330835_0 0.0105952 0.815743 0.529761
Node_1193518_330836_0 0.0105952 0.815743 0.529761
Node_1193518_1193182_0 0.0105952 0.815743 0.529761
Node_1193518_1194083_0 0.0105952 0.815743 0.529761
Node_2663847_229480_0 0.0105952 0.815743 0.529761
Node_2663847_673954_0 0.0105952 0.815743 0.529761
Node_1069963_262209_0 0.0105952 0.815743 0.529761
Node_1069963_857417_0 0.0105952 0.815743 0.529761
Node_1069963_1285192_0 0.0105952 0.815743 0.529761
Node_1069963_1210046_0 0.0105952 0.815743 0.529761
Node_1930060_393267_0 0.0105952 0.815743 0.529761
Node_1930060_3135264_0 0.0105952 0.815743 0.529761
Node_1930060_232089_0 0.0105952 0.815743 0.529761
Node_1930060_465820_0 0.0105952 0.815743 0.529761
Node_1930060_1079994_0 0.0105952 0.815743 0.529761
Node_1930060_2590779_0 0.0105952 0.815743 0.529761
Node_1930060_2787634_0 0.0105952 0.815743 0.529761
Node_1930060_1477021_0 0.0105952 0.815743 0.529761
Node_1930060_199709_0 0.0105952 0.815743 0.529761
Node_1930060_993087_0 0.0105952 0.815743 0.529761
Node_1930060_2109337_0 0.0105952 0.815743 0.529761
Node_1930060_2561933_0 0.0105952 0.815743 0.529761
Node_1930060_153730_0 0.0105952 0.815743 0.529761
Node_1930060_433641_0 0.0105952 0.815743 0.529761
Node_1930060_2769067_0 0.0105952 0.815743 0.529761
Node_1930060_1523160_0 0.0105952 0.815743 0.529761
Node_1930060_386892_0 0.0105952 0.815743 0.529761
Node_1930060_255205_0 0.0105952 0.815743 0.529761
Node_1930060_1001240_0 0.0105952 0.815743 0.529761
Node_1930060_355930_0 0.0105952 0.815743 0.529761
Node_1930060_205941_0 0.0105952 0.815743 0.529761
Node_1930060_979746_0 0.0105952 0.815743 0.529761
Node_1930060_1164595_0 0.0105952 0.815743 0.529761
Node_1930060_582665_0 0.0105952 0.815743 0.529761
Node_1930060_2668039_0 0.0105952 0.815743 0.529761
Node_1930060_1328866_0 0.0105952 0.815743 0.529761
Node_1930060_670054_0 0.0105952 0.815743 0.529761
Node_1930060_2970915_0 0.0105952 0.815743 0.529761
Node_1930060_120298_0 0.0105952 0.815743 0.529761
Node_1930060_3064523_0 0.0105952 0.815743 0.529761
Node_1930060_708131_0 0.0105952 0.815743 0.529761
Node_1930060_1640652_0 0.0105952 0.815743 0.529761
Node_1930060_1969409_0 0.0105952 0.815743 0.529761
Node_1930060_69372_0 0.0105952 0.815743 0.529761
Node_1930060_529884_0 0.0105952 0.815743 0.529761
Node_1930060_433643_0 0.0105952 0.815743 0.529761
Node_1930060_433647_0 0.0105952 0.815743 0.529761
Node_1930060_2599293_0 0.0105952 0.815743 0.529761
Node_1930060_1159327_0 0.0105952 0.815743 0.529761
Node_1930060_110935_0 0.0105952 0.815743 0.529761
Node_1930060_1619308_0 0.0105952 0.815743 0.529761
Node_1930060_145483_0 0.0105952 0.815743 0.529761
Node_1930060_244735_0 0.0105952 0.815743 0.529761
Node_1930060_1162967_0 0.0105952 0.815743 0.529761
Node_1930060_1162968_0 0.0105952 0.815743 0.529761
Node_1930060_674079_0 0.0105952 0.815743 0.529761
Node_1930060_1365628_0 0.0105952 0.815743 0.529761
Node_1930060_1268042_0 0.0105952 0.815743 0.529761
Node_1930060_123320_0 0.0105952 0.815743 0.529761
Node_1930060_1074233_0 0.0105952 0.815743 0.529761
Node_1930060_191497_0 0.0105952 0.815743 0.529761
Node_1930060_3042517_0 0.0105952 0.815743 0.529761
Node_1930060_748908_0 0.0105952 0.815743 0.529761
Node_1930060_33014_0 0.0105952 0.815743 0.529761
Node_529884_2499157_0 0.0105952 0.815743 0.529761
Node_529884_535712_0 0.0105952 0.815743 0.529761
Node_708131_1987356_0 0.0105952 0.815743 0.529761
Node_3064523_2880260_0 0.0105952 0.815743 0.529761
Node_120298_1588641_0 0.0105952 0.815743 0.529761
Node_120298_120213_0 0.0105952 0.815743 0.529761
Node_120298_2056433_0 0.0105952 0.815743 0.529761
Node_2970915_637393_0 0.0105952 0.815743 0.529761
Node_2970915_381665_0 0.0105952 0.815743 0.529761
Node_2970915_2970912_0 0.0105952 0.815743 0.529761
Node_2970915_2970914_0 0.0105952 0.815743 0.529761
Node_2970915_881268_0 0.0105952 0.815743 0.529761
Node_670054_475957_0 0.0105952 0.815743 0.529761
Node_1328866_145458_0 0.0105952 0.815743 0.529761
Node_1328866_1891671_0 0.0105952 0.815743 0.529761
Node_1328866_1328867_0 0.0105952 0.815743 0.529761
Node_2668039_1266600_0 0.0105952 0.815743 0.529761
Node_582665_110933_0 0.0105952 0.815743 0.529761
Node_582665_150026_0 0.0105952 0.815743 0.529761
Node_582665_3035915_0 0.0105952 0.815743 0.529761
Node_582665_3035919_0 0.0105952 0.815743 0.529761
Node_582665_1268043_0 0.0105952 0.815743 0.529761
Node_582665_3143936_0 0.0105952 0.815743 0.529761
Node_1164595_76635_0 0.0105952 0.815743 0.529761
Node_1164595_76637_0 0.0105952 0.815743 0.529761
Node_1164595_995034_0 0.0105952 0.815743 0.529761
Node_1164595_1255698_0 0.0105952 0.815743 0.529761
Node_979746_272239_0 0.0105952 0.815743 0.529761
Node_979746_272240_0 0.0105952 0.815743 0.529761
Node_979746_1729695_0 0.0105952 0.815743 0.529761
Node_979746_256821_0 0.0105952 0.815743 0.529761
Node_979746_2488791_0 0.0105952 0.815743 0.529761
Node_205941_386302_0 0.0105952 0.815743 0.529761
Node_355930_337005_0 0.0105952 0.815743 0.529761
Node_355930_2994971_0 0.0105952 0.815743 0.529761
Node_355930_279828_0 0.0105952 0.815743 0.529761
Node_355930_424758_0 0.0105952 0.815743 0.529761
Node_1001240_41988_0 0.0105952 0.815743 0.529761
Node_1001240_2928153_0 0.0105952 0.815743 0.529761
Node_1001240_995038_0 0.0105952 0.815743 0.529761
Node_1001240_1259150_0 0.0105952 0.815743 0.529761
Node_1001240_1259157_0 0.0105952 0.815743 0.529761
Node_1001240_1259175_0 0.0105952 0.815743 0.529761
Node_1001240_1259189_0 0.0105952 0.815743 0.529761
Node_1001240_1259190_0 0.0105952 0.815743 0.529761
Node_1001240_1259228_0 0.0105952 0.815743 0.529761
Node_1001240_1259235_0 0.0105952 0.815743 0.529761
Node_1001240_1259262_0 0.0105952 0.815743 0.529761
Node_1001240_670052_0 0.0105952 0.815743 0.529761
Node_1001240_1424661_0 0.0105952 0.815743 0.529761
Node_1001240_386301_0 0.0105952 0.815743 0.529761
Node_255205_1778590_0 0.0105952 0.815743 0.529761
Node_255205_272241_0 0.0105952 0.815743 0.529761
Node_255205_1530195_0 0.0105952 0.815743 0.529761
Node_255205_908846_0 0.0105952 0.815743 0.529761
Node_255205_587635_0 0.0105952 0.815743 0.529761
Node_386892_598626_0 0.0105952 0.815743 0.529761
Node_386892_1268041_0 0.0105952 0.815743 0.529761
Node_386892_715785_0 0.0105952 0.815743 0.529761
Node_1523160_2498849_0 0.0105952 0.815743 0.529761
Node_1523160_390269_0 0.0105952 0.815743 0.529761
Node_2769067_630514_0 0.0105952 0.815743 0.529761
Node_2769067_640635_0 0.0105952 0.815743 0.529761
Node_433641_2708254_0 0.0105952 0.815743 0.529761
Node_153730_399736_0 0.0105952 0.815743 0.529761
Node_153730_2599924_0 0.0105952 0.815743 0.529761
Node_153730_46353_0 0.0105952 0.815743 0.529761
Node_153730_574649_0 0.0105952 0.815743 0.529761
Node_153730_2838429_0 0.0105952 0.815743 0.529761
Node_153730_1255656_0 0.0105952 0.815743 0.529761
Node_2561933_2565934_0 0.0105952 0.815743 0.529761
Node_2109337_1282736_0 0.0105952 0.815743 0.529761
Node_2109337_595671_0 0.0105952 0.815743 0.529761
Node_2109337_2173173_0 0.0105952 0.815743 0.529761
Node_2109337_2306585_0 0.0105952 0.815743 0.529761
Node_993087_1184153_0 0.0105952 0.815743 0.529761
Node_993087_993086_0 0.0105952 0.815743 0.529761
Node_993087_2419771_0 0.0105952 0.815743 0.529761
Node_199709_199708_0 0.0105952 0.815743 0.529761
Node_199709_150123_0 0.0105952 0.815743 0.529761
Node_1477021_1172621_0 0.0105952 0.815743 0.529761
Node_2787634_2594790_0 0.0105952 0.815743 0.529761
Node_2590779_472059_0 0.0105952 0.815743 0.529761
Node_1079994_1935379_0 0.0105952 0.815743 0.529761
Node_1079994_333963_0 0.0105952 0.815743 0.529761
Node_1079994_662960_0 0.0105952 0.815743 0.529761
Node_1079994_501483_0 0.0105952 0.815743 0.529761
Node_1079994_272210_0 0.0105952 0.815743 0.529761
Node_1079994_2796472_0 0.0105952 0.815743 0.529761
Node_1079994_1289170_0 0.0105952 0.815743 0.529761
Node_1079994_340320_0 0.0105952 0.815743 0.529761
Node_1079994_1686285_0 0.0105952 0.815743 0.529761
Node_1079994_1784719_0 0.0105952 0.815743 0.529761
Node_1079994_2932245_0 0.0105952 0.815743 0.529761
Node_1079994_2932247_0 0.0105952 0.815743 0.529761
Node_1079994_1983706_0 0.0105952 0.815743 0.529761
Node_1079994_283878_0 0.0105952 0.815743 0.529761
Node_1079994_55969_0 0.0105952 0.815743 0.529761
Node_1079994_2810611_0 0.0105952 0.815743 0.529761
Node_1079994_2812850_0 0.0105952 0.815743 0.529761
Node_1079994_683042_0 0.0105952 0.815743 0.529761
Node_1079994_2714933_0 0.0105952 0.815743 0.529761
Node_1079994_2714934_0 0.0105952 0.815743 0.529761
Node_1079994_2714935_0 0.0105952 0.815743 0.529761
Node_1079994_398235_0 0.0105952 0.815743 0.529761
Node_465820_33881_0 0.0105952 0.815743 0.529761
Node_465820_3055139_0 0.0105952 0.815743 0.529761
Node_232089_33879_0 0.0105952 0.815743 0.529761
Node_232089_592376_0 0.0105952 0.815743 0.529761
Node_232089_659012_0 0.0105952 0.815743 0.529761
Node_232089_2592652_0 0.0105952 0.815743 0.529761
Node_232089_269420_0 0.0105952 0.815743 0.529761
Node_232089_2662258_0 0.0105952 0.815743 0.529761
Node_232089_2662446_0 0.0105952 0.815743 0.529761
Node_232089_205332_0 0.0105952 0.815743 0.529761
Node_232089_41985_0 0.0105952 0.815743 0.529761
Node_232089_41986_0 0.0105952 0.815743 0.529761
Node_232089_2929802_0 0.0105952 0.815743 0.529761
Node_232089_2604423_0 0.0105952 0.815743 0.529761
Node_232089_88374_0 0.0105952 0.815743 0.529761
Node_232089_453304_0 0.0105952 0.815743 0.529761
Node_232089_2583849_0 0.0105952 0.815743 0.529761
Node_232089_2781962_0 0.0105952 0.815743 0.529761
Node_232089_1308924_0 0.0105952 0.815743 0.529761
Node_232089_589382_0 0.0105952 0.815743 0.529761
Node_232089_3156399_0 0.0105952 0.815743 0.529761
Node_3135264_3048008_0 0.0105952 0.815743 0.529761
Node_3135264_1213358_0 0.0105952 0.815743 0.529761
Node_3135264_459816_0 0.0105952 0.815743 0.529761
Node_3135264_33917_0 0.0105952 0.815743 0.529761
Node_3135264_67574_0 0.0105952 0.815743 0.529761
Node_3135264_362649_0 0.0105952 0.815743 0.529761
Node_3135264_2820289_0 0.0105952 0.815743 0.529761
Node_3135264_985759_0 0.0105952 0.815743 0.529761
Node_3135264_69362_0 0.0105952 0.815743 0.529761
Node_3135264_69363_0 0.0105952 0.815743 0.529761
Node_3135264_69368_0 0.0105952 0.815743 0.529761
Node_3135264_69370_0 0.0105952 0.815743 0.529761
Node_3135264_462710_0 0.0105952 0.815743 0.529761
Node_3135264_36805_0 0.0105952 0.815743 0.529761
Node_3135264_36806_0 0.0105952 0.815743 0.529761
Node_3135264_36807_0 0.0105952 0.815743 0.529761
Node_3135264_1348253_0 0.0105952 0.815743 0.529761
Node_3135264_3248839_0 0.0105952 0.815743 0.529761
Node_3135264_300019_0 0.0105952 0.815743 0.529761
Node_3135264_104336_0 0.0105952 0.815743 0.529761
Node_3135264_661398_0 0.0105952 0.815743 0.529761
Node_3135264_792652_0 0.0105952 0.815743 0.529761
Node_3135264_400772_0 0.0105952 0.815743 0.529761
Node_3135264_433645_0 0.0105952 0.815743 0.529761
Node_3135264_3121374_0 0.0105952 0.815743 0.529761
Node_3135264_3122049_0 0.0105952 0.815743 0.529761
Node_3135264_3122051_0 0.0105952 0.815743 0.529761
Node_3135264_664640_0 0.0105952 0.815743 0.529761
Node_3135264_2762209_0 0.0105952 0.815743 0.529761
Node_3135264_2762219_0 0.0105952 0.815743 0.529761
Node_3135264_2762236_0 0.0105952 0.815743 0.529761
Node_3135264_337480_0 0.0105952 0.815743 0.529761
Node_3135264_370764_0 0.0105952 0.815743 0.529761
Node_3135264_1714841_0 0.0105952 0.815743 0.529761
Node_3135264_273677_0 0.0105952 0.815743 0.529761
Node_3135264_273678_0 0.0105952 0.815743 0.529761
Node_3135264_2830665_0 0.0105952 0.815743 0.529761
Node_3135264_2830666_0 0.0105952 0.815743 0.529761
Node_3135264_3028316_0 0.0105952 0.815743 0.529761
Node_3135264_179095_0 0.0105952 0.815743 0.529761
Node_3135264_344163_0 0.0105952 0.815743 0.529761
Node_3135264_344164_0 0.0105952 0.815743 0.529761
Node_3135264_344166_0 0.0105952 0.815743 0.529761
Node_3135264_82380_0 0.0105952 0.815743 0.529761
Node_3135264_1263636_0 0.0105952 0.815743 0.529761
Node_3135264_2541726_0 0.0105952 0.815743 0.529761
Node_3135264_1526413_0 0.0105952 0.815743 0.529761
Node_3135264_2509458_0 0.0105952 0.815743 0.529761
Node_3135264_904291_0 0.0105952 0.815743 0.529761
Node_3135264_446075_0 0.0105952 0.815743 0.529761
Node_3135264_2053191_0 0.0105952 0.815743 0.529761
Node_3135264_546115_0 0.0105952 0.815743 0.529761
Node_3135264_415209_0 0.0105952 0.815743 0.529761
Node_3135264_415210_0 0.0105952 0.815743 0.529761
Node_3135264_415214_0 0.0105952 0.815743 0.529761
Node_3135264_415215_0 0.0105952 0.815743 0.529761
Node_3135264_415216_0 0.0105952 0.815743 0.529761
Node_3135264_415217_0 0.0105952 0.815743 0.529761
Node_3135264_153731_0 0.0105952 0.815743 0.529761
Node_3135264_1072463_0 0.0105952 0.815743 0.529761
Node_3135264_515415_0 0.0105952 0.815743 0.529761
Node_3135264_483014_0 0.0105952 0.815743 0.529761
Node_3135264_57043_0 0.0105952 0.815743 0.529761
Node_3135264_1336204_0 0.0105952 0.815743 0.529761
Node_3135264_582680_0 0.0105952 0.815743 0.529761
Node_3135264_1631477_0 0.0105952 0.815743 0.529761
Node_3135264_156977_0 0.0105952 0.815743 0.529761
Node_3135264_2614639_0 0.0105952 0.815743 0.529761
Node_3135264_2909587_0 0.0105952 0.815743 0.529761
Node_3135264_124798_0 0.0105952 0.815743 0.529761
Node_3135264_3041921_0 0.0105952 0.815743 0.529761
Node_3135264_3041922_0 0.0105952 0.815743 0.529761
Node_3135264_683047_0 0.0105952 0.815743 0.529761
Node_3135264_421115_0 0.0105952 0.815743 0.529761
Node_3135264_3075992_0 0.0105952 0.815743 0.529761
Node_3135264_3075993_0 0.0105952 0.815743 0.529761
Node_3135264_2781186_0 0.0105952 0.815743 0.529761
Node_3135264_323761_0 0.0105952 0.815743 0.529761
Node_3135264_2978350_0 0.0105952 0.815743 0.529761
Node_3135264_162393_0 0.0105952 0.815743 0.529761
Node_3135264_162426_0 0.0105952 0.815743 0.529761
Node_3135264_1867410_0 0.0105952 0.815743 0.529761
Node_3135264_1081040_0 0.0105952 0.815743 0.529761
Node_3135264_3079935_0 0.0105952 0.815743 0.529761
Node_3135264_1572644_0 0.0105952 0.815743 0.529761
Node_3135264_2293570_0 0.0105952 0.815743 0.529761
Node_3135264_979556_0 0.0105952 0.815743 0.529761
Node_393267_412690_0 0.0105952 0.815743 0.529761
Node_1222016_1121925_0 0.0105952 0.815743 0.529761
Node_1222016_2751313_0 0.0105952 0.815743 0.529761
Node_1222016_1794912_0 0.0105952 0.815743 0.529761
Node_1222016_1503_0 0.0105952 0.815743 0.529761
Node_1222016_1702221_0 0.0105952 0.815743 0.529761
Node_1222016_1555112_0 0.0105952 0.815743 0.529761
Node_1222016_1082276_0 0.0105952 0.815743 0.529761
Node_1222016_766136_0 0.0105952 0.815743 0.529761
Node_1222016_555088_0 0.0105952 0.815743 0.529761
Node_766136_1390249_0 0.0105952 0.815743 0.529761
Node_1555112_3109564_0 0.0105952 0.815743 0.529761
Node_1702221_322505_0 0.0105952 0.815743 0.529761
Node_1702221_2926319_0 0.0105952 0.815743 0.529761
Node_1702221_1323_0 0.0105952 0.815743 0.529761
Node_1702221_2692629_0 0.0105952 0.815743 0.529761
Node_1702221_1776392_0 0.0105952 0.815743 0.529761
Node_1702221_2926318_0 0.0105952 0.815743 0.529761
Node_1702221_700500_0 0.0105952 0.815743 0.529761
Node_1702221_1754012_0 0.0105952 0.815743 0.529761
Node_1702221_2606629_0 0.0105952 0.815743 0.529761
Node_1702221_2606630_0 0.0105952 0.815743 0.529761
Node_1702221_1034346_0 0.0105952 0.815743 0.529761
Node_1702221_2838692_0 0.0105952 0.815743 0.529761
Node_1702221_118967_0 0.0105952 0.815743 0.529761
Node_1702221_1862668_0 0.0105952 0.815743 0.529761
Node_1702221_1862672_0 0.0105952 0.815743 0.529761
Node_1702221_679192_0 0.0105952 0.815743 0.529761
Node_2926319_2486576_0 0.0105952 0.815743 0.529761
Node_322505_1982626_0 0.0105952 0.815743 0.529761
Node_322505_100886_0 0.0105952 0.815743 0.529761
Node_322505_69824_0 0.0105952 0.815743 0.529761
Node_322505_1410657_0 0.0105952 0.815743 0.529761
Node_1982626_1982628_0 0.0105952 0.815743 0.529761
Node_1503_130788_0 0.0105952 0.815743 0.529761
Node_1503_3133174_0 0.0105952 0.815743 0.529761
Node_1503_99594_0 0.0105952 0.815743 0.529761
Node_1503_1128398_0 0.0105952 0.815743 0.529761
Node_3133174_755172_0 0.0105952 0.815743 0.529761
Node_3133174_2841503_0 0.0105952 0.815743 0.529761
Node_130788_1121476_0 0.0105952 0.815743 0.529761
Node_130788_913099_0 0.0105952 0.815743 0.529761
Node_130788_1123245_0 0.0105952 0.815743 0.529761
Node_1794912_927704_0 0.0105952 0.815743 0.529761
Node_1794912_742743_0 0.0105952 0.815743 0.529761
Node_1794912_33025_0 0.0105952 0.815743 0.529761
Node_1794912_3063788_0 0.0105952 0.815743 0.529761
Node_1794912_1009370_0 0.0105952 0.815743 0.529761
Node_742743_464322_0 0.0105952 0.815743 0.529761
Node_742743_1588748_0 0.0105952 0.815743 0.529761
Node_742743_1351585_0 0.0105952 0.815743 0.529761
Node_742743_2582419_0 0.0105952 0.815743 0.529761
Node_742743_910314_0 0.0105952 0.815743 0.529761
Node_1588748_706434_0 0.0105952 0.815743 0.529761
Node_464322_103891_0 0.0105952 0.815743 0.529761
Node_927704_1930071_0 0.0105952 0.815743 0.529761
Node_927704_679201_0 0.0105952 0.815743 0.529761
Node_927704_349096_0 0.0105952 0.815743 0.529761
Node_927704_84035_0 0.0105952 0.815743 0.529761
Node_927704_187979_0 0.0105952 0.815743 0.529761
Node_927704_158847_0 0.0105952 0.815743 0.529761
Node_927704_2652285_0 0.0105952 0.815743 0.529761
Node_927704_2652309_0 0.0105952 0.815743 0.529761
Node_927704_1123243_0 0.0105952 0.815743 0.529761
Node_927704_546271_0 0.0105952 0.815743 0.529761
Node_349096_862415_0 0.0105952 0.815743 0.529761
Node_349096_86956_0 0.0105952 0.815743 0.529761
Node_679201_2754044_0 0.0105952 0.815743 0.529761
Node_679201_702437_0 0.0105952 0.815743 0.529761
Node_679201_638302_0 0.0105952 0.815743 0.529761
Node_679201_749551_0 0.0105952 0.815743 0.529761
Node_1930071_1123289_0 0.0105952 0.815743 0.529761
Node_1930071_1149862_0 0.0105952 0.815743 0.529761
Node_1930071_112903_0 0.0105952 0.815743 0.529761
Node_1930071_3054208_0 0.0105952 0.815743 0.529761
Node_1930071_244830_0 0.0105952 0.815743 0.529761
Node_1930071_146817_0 0.0105952 0.815743 0.529761
Node_1930071_1123285_0 0.0105952 0.815743 0.529761
Node_112903_1123003_0 0.0105952 0.815743 0.529761
Node_1149862_2892015_0 0.0105952 0.815743 0.529761
Node_1149862_1123291_0 0.0105952 0.815743 0.529761
Node_1123289_2377_0 0.0105952 0.815743 0.529761
Node_1123289_2378_0 0.0105952 0.815743 0.529761
Node_1123289_112901_0 0.0105952 0.815743 0.529761
Node_1123289_1123286_0 0.0105952 0.815743 0.529761
Node_1123289_1337886_0 0.0105952 0.815743 0.529761
Node_2751313_1120920_0 0.0105952 0.815743 0.529761
Node_2751313_1450156_0 0.0105952 0.815743 0.529761
Node_2751313_278994_0 0.0105952 0.815743 0.529761
Node_2751313_1246530_0 0.0105952 0.815743 0.529761
Node_2751313_870242_0 0.0105952 0.815743 0.529761
Node_2751313_321763_0 0.0105952 0.815743 0.529761
Node_2751313_2838741_0 0.0105952 0.815743 0.529761
Node_2751313_2763656_0 0.0105952 0.815743 0.529761
Node_2751313_759412_0 0.0105952 0.815743 0.529761
Node_2751313_290052_0 0.0105952 0.815743 0.529761
Node_2751313_3024236_0 0.0105952 0.815743 0.529761
Node_2751313_1981510_0 0.0105952 0.815743 0.529761
Node_2751313_937334_0 0.0105952 0.815743 0.529761
Node_2751313_697281_0 0.0105952 0.815743 0.529761
Node_3024236_1122184_0 0.0105952 0.815743 0.529761
Node_290052_1677857_0 0.0105952 0.815743 0.529761
Node_290052_720554_0 0.0105952 0.815743 0.529761
Node_759412_457570_0 0.0105952 0.815743 0.529761
Node_2763656_626937_0 0.0105952 0.815743 0.529761
Node_2763656_2838504_0 0.0105952 0.815743 0.529761
Node_2763656_2763654_0 0.0105952 0.815743 0.529761
Node_2763656_2763655_0 0.0105952 0.815743 0.529761
Node_2763656_2840710_0 0.0105952 0.815743 0.529761
Node_2838504_2508949_0 0.0105952 0.815743 0.529761
Node_2838504_2838510_0 0.0105952 0.815743 0.529761
Node_626937_270498_0 0.0105952 0.815743 0.529761
Node_2838741_2838602_0 0.0105952 0.815743 0.529761
Node_2838741_2840894_0 0.0105952 0.815743 0.529761
Node_2838741_2840907_0 0.0105952 0.815743 0.529761
Node_2838741_2840668_0 0.0105952 0.815743 0.529761
Node_2840907_2840909_0 0.0105952 0.815743 0.529761
Node_2840894_2840895_0 0.0105952 0.815743 0.529761
Node_2838602_2838604_0 0.0105952 0.815743 0.529761
Node_321763_574087_0 0.0105952 0.815743 0.529761
Node_321763_2682810_0 0.0105952 0.815743 0.529761
Node_321763_373903_0 0.0105952 0.815743 0.529761
Node_2682810_29563_0 0.0105952 0.815743 0.529761
Node_574087_1413210_0 0.0105952 0.815743 0.529761
Node_574087_142842_0 0.0105952 0.815743 0.529761
Node_574087_706427_0 0.0105952 0.815743 0.529761
Node_574087_748449_0 0.0105952 0.815743 0.529761
Node_870242_477974_0 0.0105952 0.815743 0.529761
Node_870242_2325_0 0.0105952 0.815743 0.529761
Node_870242_444093_0 0.0105952 0.815743 0.529761
Node_870242_1894989_0 0.0105952 0.815743 0.529761
Node_2325_1123369_0 0.0105952 0.815743 0.529761
Node_1246530_1122241_0 0.0105952 0.815743 0.529761
Node_1246530_3039180_0 0.0105952 0.815743 0.529761
Node_1122241_698762_0 0.0105952 0.815743 0.529761
Node_1122241_1325331_0 0.0105952 0.815743 0.529761
Node_278994_52694_0 0.0105952 0.815743 0.529761
Node_278994_1122155_0 0.0105952 0.815743 0.529761
Node_278994_1123282_0 0.0105952 0.815743 0.529761
Node_278994_2840694_0 0.0105952 0.815743 0.529761
Node_278994_2764322_0 0.0105952 0.815743 0.529761
Node_278994_1123382_0 0.0105952 0.815743 0.529761
Node_278994_2840922_0 0.0105952 0.815743 0.529761
Node_278994_121734_0 0.0105952 0.815743 0.529761
Node_278994_1838280_0 0.0105952 0.815743 0.529761
Node_278994_871968_0 0.0105952 0.815743 0.529761
Node_278994_1121424_0 0.0105952 0.815743 0.529761
Node_278994_2763013_0 0.0105952 0.815743 0.529761
Node_278994_1008308_0 0.0105952 0.815743 0.529761
Node_278994_2763660_0 0.0105952 0.815743 0.529761
Node_278994_2763661_0 0.0105952 0.815743 0.529761
Node_278994_2763662_0 0.0105952 0.815743 0.529761
Node_278994_1260629_0 0.0105952 0.815743 0.529761
Node_278994_1898651_0 0.0105952 0.815743 0.529761
Node_1008308_76009_0 0.0105952 0.815743 0.529761
Node_1008308_1488331_0 0.0105952 0.815743 0.529761
Node_1008308_2785058_0 0.0105952 0.815743 0.529761
Node_2763013_2841509_0 0.0105952 0.815743 0.529761
Node_2763013_1628085_0 0.0105952 0.815743 0.529761
Node_2841509_1945634_0 0.0105952 0.815743 0.529761
Node_2841509_2838518_0 0.0105952 0.815743 0.529761
Node_2841509_1203606_0 0.0105952 0.815743 0.529761
Node_1121424_1121426_0 0.0105952 0.815743 0.529761
Node_1121424_182264_0 0.0105952 0.815743 0.529761
Node_1121424_1121431_0 0.0105952 0.815743 0.529761
Node_1121426_767817_0 0.0105952 0.815743 0.529761
Node_871968_768706_0 0.0105952 0.815743 0.529761
Node_871968_645991_0 0.0105952 0.815743 0.529761
Node_768706_476652_0 0.0105952 0.815743 0.529761
Node_768706_1121420_0 0.0105952 0.815743 0.529761
Node_768706_646529_0 0.0105952 0.815743 0.529761
Node_1838280_370438_0 0.0105952 0.815743 0.529761
Node_1838280_868595_0 0.0105952 0.815743 0.529761
Node_370438_78350_0 0.0105952 0.815743 0.529761
Node_370438_258475_0 0.0105952 0.815743 0.529761
Node_370438_947010_0 0.0105952 0.815743 0.529761
Node_121734_356322_0 0.0105952 0.815743 0.529761
Node_121734_35700_0 0.0105952 0.815743 0.529761
Node_121734_28064_0 0.0105952 0.815743 0.529761
Node_356322_553427_0 0.0105952 0.815743 0.529761
Node_2840922_1673721_0 0.0105952 0.815743 0.529761
Node_2840922_2763047_0 0.0105952 0.815743 0.529761
Node_2840922_453960_0 0.0105952 0.815743 0.529761
Node_2840922_2840744_0 0.0105952 0.815743 0.529761
Node_2840922_2662126_0 0.0105952 0.815743 0.529761
Node_2840922_1263051_0 0.0105952 0.815743 0.529761
Node_2840922_2840673_0 0.0105952 0.815743 0.529761
Node_2840922_2840699_0 0.0105952 0.815743 0.529761
Node_2840922_2840724_0 0.0105952 0.815743 0.529761
Node_2840922_2840780_0 0.0105952 0.815743 0.529761
Node_2840922_2840814_0 0.0105952 0.815743 0.529761
Node_2840922_2840824_0 0.0105952 0.815743 0.529761
Node_2840922_2840825_0 0.0105952 0.815743 0.529761
Node_2840922_2840826_0 0.0105952 0.815743 0.529761
Node_2840922_2840830_0 0.0105952 0.815743 0.529761
Node_2840922_2840875_0 0.0105952 0.815743 0.529761
Node_2840922_1121270_0 0.0105952 0.815743 0.529761
Node_2840744_2840751_0 0.0105952 0.815743 0.529761
Node_453960_554949_0 0.0105952 0.815743 0.529761
Node_453960_338644_0 0.0105952 0.815743 0.529761
Node_453960_679936_0 0.0105952 0.815743 0.529761
Node_2763047_2763048_0 0.0105952 0.815743 0.529761
Node_1673721_1297617_0 0.0105952 0.815743 0.529761
Node_1123382_690567_0 0.0105952 0.815743 0.529761
Node_1123382_1795816_0 0.0105952 0.815743 0.529761
Node_1123382_2293317_0 0.0105952 0.815743 0.529761
Node_1123382_643648_0 0.0105952 0.815743 0.529761
Node_690567_335541_0 0.0105952 0.815743 0.529761
Node_2764322_2820301_0 0.0105952 0.815743 0.529761
Node_2764322_2838416_0 0.0105952 0.815743 0.529761
Node_2764322_1673717_0 0.0105952 0.815743 0.529761
Node_2764322_2576756_0 0.0105952 0.815743 0.529761
Node_2838416_1796620_0 0.0105952 0.815743 0.529761
Node_2820301_642589_0 0.0105952 0.815743 0.529761
Node_2840694_696281_0 0.0105952 0.815743 0.529761
Node_2840694_29376_0 0.0105952 0.815743 0.529761
Node_2840694_2741_0 0.0105952 0.815743 0.529761
Node_2840694_1712410_0 0.0105952 0.815743 0.529761
Node_2840694_51515_0 0.0105952 0.815743 0.529761
Node_2840694_1561005_0 0.0105952 0.815743 0.529761
Node_2840694_1761012_0 0.0105952 0.815743 0.529761
Node_2840694_656914_0 0.0105952 0.815743 0.529761
Node_2840694_485916_0 0.0105952 0.815743 0.529761
Node_29376_1121425_0 0.0105952 0.815743 0.529761
Node_696281_1397668_0 0.0105952 0.815743 0.529761
Node_696281_1121421_0 0.0105952 0.815743 0.529761
Node_696281_1121428_0 0.0105952 0.815743 0.529761
Node_696281_1121429_0 0.0105952 0.815743 0.529761
Node_696281_349161_0 0.0105952 0.815743 0.529761
Node_1123282_2840914_0 0.0105952 0.815743 0.529761
Node_1123282_659425_0 0.0105952 0.815743 0.529761
Node_1123282_411473_0 0.0105952 0.815743 0.529761
Node_1123282_2838751_0 0.0105952 0.815743 0.529761
Node_1123282_2838596_0 0.0105952 0.815743 0.529761
Node_1123282_2488810_0 0.0105952 0.815743 0.529761
Node_1123282_411475_0 0.0105952 0.815743 0.529761
Node_1123282_3133165_0 0.0105952 0.815743 0.529761
Node_1123282_2321404_0 0.0105952 0.815743 0.529761
Node_1123282_745368_0 0.0105952 0.815743 0.529761
Node_1123282_2981726_0 0.0105952 0.815743 0.529761
Node_1123282_1549_0 0.0105952 0.815743 0.529761
Node_1123282_2885357_0 0.0105952 0.815743 0.529761
Node_1123282_2041842_0 0.0105952 0.815743 0.529761
Node_1123282_2763016_0 0.0105952 0.815743 0.529761
Node_1123282_2763052_0 0.0105952 0.815743 0.529761
Node_1123282_2763056_0 0.0105952 0.815743 0.529761
Node_1123282_2763658_0 0.0105952 0.815743 0.529761
Node_1123282_2763659_0 0.0105952 0.815743 0.529761
Node_1123282_2763673_0 0.0105952 0.815743 0.529761
Node_1123282_2763676_0 0.0105952 0.815743 0.529761
Node_1123282_2763677_0 0.0105952 0.815743 0.529761
Node_1123282_2763678_0 0.0105952 0.815743 0.529761
Node_1123282_2766537_0 0.0105952 0.815743 0.529761
Node_1123282_1849041_0 0.0105952 0.815743 0.529761
Node_1123282_2897707_0 0.0105952 0.815743 0.529761
Node_1123282_474960_0 0.0105952 0.815743 0.529761
Node_1123282_1720313_0 0.0105952 0.815743 0.529761
Node_1123282_1987501_0 0.0105952 0.815743 0.529761
Node_1123282_2779355_0 0.0105952 0.815743 0.529761
Node_1123282_2714358_0 0.0105952 0.815743 0.529761
Node_1123282_258515_0 0.0105952 0.815743 0.529761
Node_1123282_398512_0 0.0105952 0.815743 0.529761
Node_1123282_663278_0 0.0105952 0.815743 0.529761
Node_1123282_1122930_0 0.0105952 0.815743 0.529761
Node_1123282_411485_0 0.0105952 0.815743 0.529761
Node_2981726_1341156_0 0.0105952 0.815743 0.529761
Node_745368_2838605_0 0.0105952 0.815743 0.529761
Node_745368_2838606_0 0.0105952 0.815743 0.529761
Node_745368_2779354_0 0.0105952 0.815743 0.529761
Node_2321404_2838465_0 0.0105952 0.815743 0.529761
Node_2321404_905011_0 0.0105952 0.815743 0.529761
Node_3133165_2780922_0 0.0105952 0.815743 0.529761
Node_411475_2838587_0 0.0105952 0.815743 0.529761
Node_411475_742738_0 0.0105952 0.815743 0.529761
Node_2488810_48256_0 0.0105952 0.815743 0.529761
Node_2488810_29343_0 0.0105952 0.815743 0.529761
Node_2488810_1195236_0 0.0105952 0.815743 0.529761
Node_2838596_1650663_0 0.0105952 0.815743 0.529761
Node_2838596_2838597_0 0.0105952 0.815743 0.529761
Node_2838751_1550024_0 0.0105952 0.815743 0.529761
Node_2838751_3133163_0 0.0105952 0.815743 0.529761
Node_2838751_2838752_0 0.0105952 0.815743 0.529761
Node_411473_40518_0 0.0105952 0.815743 0.529761
Node_411473_2564099_0 0.0105952 0.815743 0.529761
Node_411473_2763065_0 0.0105952 0.815743 0.529761
Node_411473_2763066_0 0.0105952 0.815743 0.529761
Node_411473_2763069_0 0.0105952 0.815743 0.529761
Node_411473_438033_0 0.0105952 0.815743 0.529761
Node_411473_213810_0 0.0105952 0.815743 0.529761
Node_411473_1341157_0 0.0105952 0.815743 0.529761
Node_659425_1121336_0 0.0105952 0.815743 0.529761
Node_2840914_2840798_0 0.0105952 0.815743 0.529761
Node_2840914_2840803_0 0.0105952 0.815743 0.529761
Node_2840914_428125_0 0.0105952 0.815743 0.529761
Node_2840914_537013_0 0.0105952 0.815743 0.529761
Node_2840914_2840707_0 0.0105952 0.815743 0.529761
Node_2840914_2840721_0 0.0105952 0.815743 0.529761
Node_2840914_2840775_0 0.0105952 0.815743 0.529761
Node_2840914_2840860_0 0.0105952 0.815743 0.529761
Node_2840914_2840867_0 0.0105952 0.815743 0.529761
Node_2840914_2840939_0 0.0105952 0.815743 0.529761
Node_2840803_2840805_0 0.0105952 0.815743 0.529761
Node_2840798_2840799_0 0.0105952 0.815743 0.529761
Node_1122155_1379739_0 0.0105952 0.815743 0.529761
Node_1122155_398199_0 0.0105952 0.815743 0.529761
Node_1122155_2840961_0 0.0105952 0.815743 0.529761
Node_1122155_1267_0 0.0105952 0.815743 0.529761
Node_1122155_36849_0 0.0105952 0.815743 0.529761
Node_1122155_2599308_0 0.0105952 0.815743 0.529761
Node_1122155_489973_0 0.0105952 0.815743 0.529761
Node_1122155_1403537_0 0.0105952 0.815743 0.529761
Node_2840961_2840963_0 0.0105952 0.815743 0.529761
Node_398199_2804028_0 0.0105952 0.815743 0.529761
Node_1379739_33953_0 0.0105952 0.815743 0.529761
Node_1379739_1522_0 0.0105952 0.815743 0.529761
Node_1379739_1548_0 0.0105952 0.815743 0.529761
Node_1379739_1553_0 0.0105952 0.815743 0.529761
Node_1379739_1705578_0 0.0105952 0.815743 0.529761
Node_1379739_394958_0 0.0105952 0.815743 0.529761
Node_1379739_2886038_0 0.0105952 0.815743 0.529761
Node_1379739_36839_0 0.0105952 0.815743 0.529761
Node_1379739_2068654_0 0.0105952 0.815743 0.529761
Node_1379739_1216932_0 0.0105952 0.815743 0.529761
Node_1379739_1054297_0 0.0105952 0.815743 0.529761
Node_1379739_2759022_0 0.0105952 0.815743 0.529761
Node_1379739_3381661_0 0.0105952 0.815743 0.529761
Node_1379739_3381663_0 0.0105952 0.815743 0.529761
Node_1379739_137838_0 0.0105952 0.815743 0.529761
Node_1379739_205327_0 0.0105952 0.815743 0.529761
Node_1379739_1450648_0 0.0105952 0.815743 0.529761
Node_1379739_2794346_0 0.0105952 0.815743 0.529761
Node_1379739_238834_0 0.0105952 0.815743 0.529761
Node_1379739_2762247_0 0.0105952 0.815743 0.529761
Node_1379739_2763035_0 0.0105952 0.815743 0.529761
Node_1379739_2763037_0 0.0105952 0.815743 0.529761
Node_1379739_339861_0 0.0105952 0.815743 0.529761
Node_1379739_2605778_0 0.0105952 0.815743 0.529761
Node_1379739_84032_0 0.0105952 0.815743 0.529761
Node_1379739_2803861_0 0.0105952 0.815743 0.529761
Node_1379739_182773_0 0.0105952 0.815743 0.529761
Node_1379739_84698_0 0.0105952 0.815743 0.529761
Node_1379739_52704_0 0.0105952 0.815743 0.529761
Node_1379739_1691940_0 0.0105952 0.815743 0.529761
Node_1379739_119641_0 0.0105952 0.815743 0.529761
Node_1379739_2184719_0 0.0105952 0.815743 0.529761
Node_1379739_3037988_0 0.0105952 0.815743 0.529761
Node_1379739_2841512_0 0.0105952 0.815743 0.529761
Node_1379739_318464_0 0.0105952 0.815743 0.529761
Node_1379739_1465809_0 0.0105952 0.815743 0.529761
Node_1379739_1728934_0 0.0105952 0.815743 0.529761
Node_1379739_2320868_0 0.0105952 0.815743 0.529761
Node_1379739_225345_0 0.0105952 0.815743 0.529761
Node_1379739_94869_0 0.0105952 0.815743 0.529761
Node_1379739_29367_0 0.0105952 0.815743 0.529761
Node_1379739_2716538_0 0.0105952 0.815743 0.529761
Node_1379739_3240932_0 0.0105952 0.815743 0.529761
Node_1379739_1472040_0 0.0105952 0.815743 0.529761
Node_1379739_1604897_0 0.0105952 0.815743 0.529761
Node_1379739_1604902_0 0.0105952 0.815743 0.529761
Node_1379739_1415775_0 0.0105952 0.815743 0.529761
Node_1379739_1121290_0 0.0105952 0.815743 0.529761
Node_1379739_1121291_0 0.0105952 0.815743 0.529761
Node_1379739_1121295_0 0.0105952 0.815743 0.529761
Node_1379739_1121302_0 0.0105952 0.815743 0.529761
Node_1379739_1121307_0 0.0105952 0.815743 0.529761
Node_1379739_1121316_0 0.0105952 0.815743 0.529761
Node_1379739_1121318_0 0.0105952 0.815743 0.529761
Node_1379739_1121320_0 0.0105952 0.815743 0.529761
Node_1379739_1121326_0 0.0105952 0.815743 0.529761
Node_1379739_1121339_0 0.0105952 0.815743 0.529761
Node_1379739_1418104_0 0.0105952 0.815743 0.529761
Node_1379739_272562_0 0.0105952 0.815743 0.529761
Node_1379739_573061_0 0.0105952 0.815743 0.529761
Node_1379739_212717_0 0.0105952 0.815743 0.529761
Node_1379739_1262449_0 0.0105952 0.815743 0.529761
Node_1379739_883064_0 0.0105952 0.815743 0.529761
Node_1379739_1408889_0 0.0105952 0.815743 0.529761
Node_1379739_1444289_0 0.0105952 0.815743 0.529761
Node_1379739_931276_0 0.0105952 0.815743 0.529761
Node_52694_411463_0 0.0105952 0.815743 0.529761
Node_52694_2655001_0 0.0105952 0.815743 0.529761
Node_52694_931626_0 0.0105952 0.815743 0.529761
Node_411463_1732_0 0.0105952 0.815743 0.529761
Node_411463_39495_0 0.0105952 0.815743 0.529761
Node_411463_2041044_0 0.0105952 0.815743 0.529761
Node_411463_42322_0 0.0105952 0.815743 0.529761
Node_411463_2838568_0 0.0105952 0.815743 0.529761
Node_411463_290054_0 0.0105952 0.815743 0.529761
Node_411463_633697_0 0.0105952 0.815743 0.529761
Node_411463_1235802_0 0.0105952 0.815743 0.529761
Node_1450156_511680_0 0.0105952 0.815743 0.529761
Node_1450156_1348613_0 0.0105952 0.815743 0.529761
Node_1450156_680378_0 0.0105952 0.815743 0.529761
Node_1450156_2838521_0 0.0105952 0.815743 0.529761
Node_680378_682400_0 0.0105952 0.815743 0.529761
Node_1348613_2173034_0 0.0105952 0.815743 0.529761
Node_1348613_1185412_0 0.0105952 0.815743 0.529761
Node_511680_33043_0 0.0105952 0.815743 0.529761
Node_511680_2838635_0 0.0105952 0.815743 0.529761
Node_511680_433286_0 0.0105952 0.815743 0.529761
Node_511680_2726362_0 0.0105952 0.815743 0.529761
Node_511680_1150298_0 0.0105952 0.815743 0.529761
Node_511680_37658_0 0.0105952 0.815743 0.529761
Node_511680_2981794_0 0.0105952 0.815743 0.529761
Node_511680_1121131_0 0.0105952 0.815743 0.529761
Node_511680_3123317_0 0.0105952 0.815743 0.529761
Node_511680_2763017_0 0.0105952 0.815743 0.529761
Node_511680_2838559_0 0.0105952 0.815743 0.529761
Node_511680_2763664_0 0.0105952 0.815743 0.529761
Node_511680_2981782_0 0.0105952 0.815743 0.529761
Node_511680_2838551_0 0.0105952 0.815743 0.529761
Node_511680_1229621_0 0.0105952 0.815743 0.529761
Node_511680_2838685_0 0.0105952 0.815743 0.529761
Node_511680_2840920_0 0.0105952 0.815743 0.529761
Node_511680_2981787_0 0.0105952 0.815743 0.529761
Node_511680_2949332_0 0.0105952 0.815743 0.529761
Node_511680_2949333_0 0.0105952 0.815743 0.529761
Node_511680_2885348_0 0.0105952 0.815743 0.529761
Node_511680_2885351_0 0.0105952 0.815743 0.529761
Node_511680_2755051_0 0.0105952 0.815743 0.529761
Node_511680_1712665_0 0.0105952 0.815743 0.529761
Node_511680_1745713_0 0.0105952 0.815743 0.529761
Node_511680_2599074_0 0.0105952 0.815743 0.529761
Node_511680_796942_0 0.0105952 0.815743 0.529761
Node_511680_2763666_0 0.0105952 0.815743 0.529761
Node_511680_2763670_0 0.0105952 0.815743 0.529761
Node_511680_2763667_0 0.0105952 0.815743 0.529761
Node_511680_2763669_0 0.0105952 0.815743 0.529761
Node_511680_371674_0 0.0105952 0.815743 0.529761
Node_511680_2994035_0 0.0105952 0.815743 0.529761
Node_511680_1912855_0 0.0105952 0.815743 0.529761
Node_511680_2044587_0 0.0105952 0.815743 0.529761
Node_511680_2307010_0 0.0105952 0.815743 0.529761
Node_511680_1619234_0 0.0105952 0.815743 0.529761
Node_511680_180332_0 0.0105952 0.815743 0.529761
Node_511680_673271_0 0.0105952 0.815743 0.529761
Node_511680_2606632_0 0.0105952 0.815743 0.529761
Node_511680_2606636_0 0.0105952 0.815743 0.529761
Node_511680_1329262_0 0.0105952 0.815743 0.529761
Node_511680_3133164_0 0.0105952 0.815743 0.529761
Node_511680_2840740_0 0.0105952 0.815743 0.529761
Node_511680_384636_0 0.0105952 0.815743 0.529761
Node_511680_1564487_0 0.0105952 0.815743 0.529761
Node_511680_2320100_0 0.0105952 0.815743 0.529761
Node_511680_1763509_0 0.0105952 0.815743 0.529761
Node_511680_1796618_0 0.0105952 0.815743 0.529761
Node_511680_1796622_0 0.0105952 0.815743 0.529761
Node_511680_879566_0 0.0105952 0.815743 0.529761
Node_511680_1796636_0 0.0105952 0.815743 0.529761
Node_511680_1703332_0 0.0105952 0.815743 0.529761
Node_511680_2850323_0 0.0105952 0.815743 0.529761
Node_511680_2981768_0 0.0105952 0.815743 0.529761
Node_511680_592026_0 0.0105952 0.815743 0.529761
Node_511680_626523_0 0.0105952 0.815743 0.529761
Node_511680_1120918_0 0.0105952 0.815743 0.529761
Node_511680_1120996_0 0.0105952 0.815743 0.529761
Node_511680_1121950_0 0.0105952 0.815743 0.529761
Node_511680_1122934_0 0.0105952 0.815743 0.529761
Node_511680_566550_0 0.0105952 0.815743 0.529761
Node_511680_470146_0 0.0105952 0.815743 0.529761
Node_511680_411469_0 0.0105952 0.815743 0.529761
Node_511680_717962_0 0.0105952 0.815743 0.529761
Node_2981787_2981788_0 0.0105952 0.815743 0.529761
Node_2840920_2840727_0 0.0105952 0.815743 0.529761
Node_2840920_2840819_0 0.0105952 0.815743 0.529761
Node_2840920_2840858_0 0.0105952 0.815743 0.529761
Node_2840920_2840911_0 0.0105952 0.815743 0.529761
Node_2840920_2840943_0 0.0105952 0.815743 0.529761
Node_2838685_2316025_0 0.0105952 0.815743 0.529761
Node_1229621_645466_0 0.0105952 0.815743 0.529761
Node_2838551_1720294_0 0.0105952 0.815743 0.529761
Node_2838551_2838549_0 0.0105952 0.815743 0.529761
Node_2838551_1432052_0 0.0105952 0.815743 0.529761
Node_2981782_536633_0 0.0105952 0.815743 0.529761
Node_2981782_3133152_0 0.0105952 0.815743 0.529761
Node_2981782_2838501_0 0.0105952 0.815743 0.529761
Node_2981782_2838502_0 0.0105952 0.815743 0.529761
Node_2981782_418240_0 0.0105952 0.815743 0.529761
Node_2981782_2779518_0 0.0105952 0.815743 0.529761
Node_2981782_1796616_0 0.0105952 0.815743 0.529761
Node_2981782_476272_0 0.0105952 0.815743 0.529761
Node_2763664_2763668_0 0.0105952 0.815743 0.529761
Node_2838559_2763663_0 0.0105952 0.815743 0.529761
Node_2838559_2547410_0 0.0105952 0.815743 0.529761
Node_2763017_1812858_0 0.0105952 0.815743 0.529761
Node_3123317_1469948_0 0.0105952 0.815743 0.529761
Node_1121131_1121132_0 0.0105952 0.815743 0.529761
Node_2981794_301302_0 0.0105952 0.815743 0.529761
Node_2981794_2605790_0 0.0105952 0.815743 0.529761
Node_2981794_536231_0 0.0105952 0.815743 0.529761
Node_37658_2785025_0 0.0105952 0.815743 0.529761
Node_1150298_2838598_0 0.0105952 0.815743 0.529761
Node_2726362_1544_0 0.0105952 0.815743 0.529761
Node_2726362_39482_0 0.0105952 0.815743 0.529761
Node_433286_1527_0 0.0105952 0.815743 0.529761
Node_433286_1121322_0 0.0105952 0.815743 0.529761
Node_2838635_99656_0 0.0105952 0.815743 0.529761
Node_2838635_1526_0 0.0105952 0.815743 0.529761
Node_2838635_1871021_0 0.0105952 0.815743 0.529761
Node_2838635_2838634_0 0.0105952 0.815743 0.529761
Node_2838635_29364_0 0.0105952 0.815743 0.529761
Node_33043_2981785_0 0.0105952 0.815743 0.529761
Node_1120920_312168_0 0.0105952 0.815743 0.529761
Node_1120920_2743610_0 0.0105952 0.815743 0.529761
Node_1120920_2018667_0 0.0105952 0.815743 0.529761
Node_1120920_3065157_0 0.0105952 0.815743 0.529761
Node_1120920_433323_0 0.0105952 0.815743 0.529761
Node_1120920_159292_0 0.0105952 0.815743 0.529761
Node_1120920_1286171_0 0.0105952 0.815743 0.529761
Node_433323_2697030_0 0.0105952 0.815743 0.529761
Node_433323_1776384_0 0.0105952 0.815743 0.529761
Node_433323_2818044_0 0.0105952 0.815743 0.529761
Node_2697030_433296_0 0.0105952 0.815743 0.529761
Node_2697030_2507160_0 0.0105952 0.815743 0.529761
Node_3065157_36842_0 0.0105952 0.815743 0.529761
Node_3065157_1121301_0 0.0105952 0.815743 0.529761
Node_2018667_1424294_0 0.0105952 0.815743 0.529761
Node_2018667_1478221_0 0.0105952 0.815743 0.529761
Node_2018667_1417629_0 0.0105952 0.815743 0.529761
Node_2018667_520762_0 0.0105952 0.815743 0.529761
Node_1424294_1121919_0 0.0105952 0.815743 0.529761
Node_2743610_3036126_0 0.0105952 0.815743 0.529761
Node_2743610_1540_0 0.0105952 0.815743 0.529761
Node_2743610_2764597_0 0.0105952 0.815743 0.529761
Node_2743610_2963284_0 0.0105952 0.815743 0.529761
Node_2743610_1629550_0 0.0105952 0.815743 0.529761
Node_3036126_1123350_0 0.0105952 0.815743 0.529761
Node_312168_1497_0 0.0105952 0.815743 0.529761
Node_312168_350688_0 0.0105952 0.815743 0.529761
Node_312168_426128_0 0.0105952 0.815743 0.529761
Node_312168_1734049_0 0.0105952 0.815743 0.529761
Node_350688_2841507_0 0.0105952 0.815743 0.529761
Node_350688_1120976_0 0.0105952 0.815743 0.529761
Node_350688_293826_0 0.0105952 0.815743 0.529761
Node_1497_84022_0 0.0105952 0.815743 0.529761
Node_1121925_1571185_0 0.0105952 0.815743 0.529761
Node_1121925_2840876_0 0.0105952 0.815743 0.529761
Node_1121925_142588_0 0.0105952 0.815743 0.529761
Node_1121925_1423813_0 0.0105952 0.815743 0.529761
Node_1121925_1151742_0 0.0105952 0.815743 0.529761
Node_1121925_71453_0 0.0105952 0.815743 0.529761
Node_1121925_119206_0 0.0105952 0.815743 0.529761
Node_1121925_2664442_0 0.0105952 0.815743 0.529761
Node_1121925_2748684_0 0.0105952 0.815743 0.529761
Node_1121925_908337_0 0.0105952 0.815743 0.529761
Node_2664442_2969821_0 0.0105952 0.815743 0.529761
Node_119206_1376_0 0.0105952 0.815743 0.529761
Node_119206_2999064_0 0.0105952 0.815743 0.529761
Node_119206_51665_0 0.0105952 0.815743 0.529761
Node_119206_87541_0 0.0105952 0.815743 0.529761
Node_71453_1160095_0 0.0105952 0.815743 0.529761
Node_71453_1158614_0 0.0105952 0.815743 0.529761
Node_71453_549685_0 0.0105952 0.815743 0.529761
Node_1158614_2230877_0 0.0105952 0.815743 0.529761
Node_1158614_332949_0 0.0105952 0.815743 0.529761
Node_1158614_332950_0 0.0105952 0.815743 0.529761
Node_1158614_2005703_0 0.0105952 0.815743 0.529761
Node_1158614_44007_0 0.0105952 0.815743 0.529761
Node_1158614_1131292_0 0.0105952 0.815743 0.529761
Node_1158614_118060_0 0.0105952 0.815743 0.529761
Node_1158614_249189_0 0.0105952 0.815743 0.529761
Node_1158614_2480627_0 0.0105952 0.815743 0.529761
Node_1158614_319970_0 0.0105952 0.815743 0.529761
Node_1158614_1303817_0 0.0105952 0.815743 0.529761
Node_1158614_453959_0 0.0105952 0.815743 0.529761
Node_1158614_2815321_0 0.0105952 0.815743 0.529761
Node_1158614_2815324_0 0.0105952 0.815743 0.529761
Node_1158614_2815325_0 0.0105952 0.815743 0.529761
Node_1158614_1834167_0 0.0105952 0.815743 0.529761
Node_1158614_1834189_0 0.0105952 0.815743 0.529761
Node_1158614_1834191_0 0.0105952 0.815743 0.529761
Node_1158614_1834192_0 0.0105952 0.815743 0.529761
Node_1158614_1158608_0 0.0105952 0.815743 0.529761
Node_1158614_1140003_0 0.0105952 0.815743 0.529761
Node_1160095_2230876_0 0.0105952 0.815743 0.529761
Node_1160095_2738_0 0.0105952 0.815743 0.529761
Node_1160095_2794353_0 0.0105952 0.815743 0.529761
Node_1160095_218144_0 0.0105952 0.815743 0.529761
Node_1151742_573564_0 0.0105952 0.815743 0.529761
Node_1151742_1365_0 0.0105952 0.815743 0.529761
Node_1151742_1859473_0 0.0105952 0.815743 0.529761
Node_1365_2709157_0 0.0105952 0.815743 0.529761
Node_573564_1307_0 0.0105952 0.815743 0.529761
Node_573564_1640501_0 0.0105952 0.815743 0.529761
Node_573564_1936207_0 0.0105952 0.815743 0.529761
Node_573564_1811193_0 0.0105952 0.815743 0.529761
Node_573564_764290_0 0.0105952 0.815743 0.529761
Node_1423813_1413187_0 0.0105952 0.815743 0.529761
Node_1423813_1423760_0 0.0105952 0.815743 0.529761
Node_1423813_2486008_0 0.0105952 0.815743 0.529761
Node_1423813_176292_0 0.0105952 0.815743 0.529761
Node_1423813_1423801_0 0.0105952 0.815743 0.529761
Node_1423813_1423726_0 0.0105952 0.815743 0.529761
Node_1423813_1423739_0 0.0105952 0.815743 0.529761
Node_1423813_1423803_0 0.0105952 0.815743 0.529761
Node_1423813_2876789_0 0.0105952 0.815743 0.529761
Node_1423813_1252_0 0.0105952 0.815743 0.529761
Node_1423813_165096_0 0.0105952 0.815743 0.529761
Node_1423813_1218492_0 0.0105952 0.815743 0.529761
Node_1423813_28038_0 0.0105952 0.815743 0.529761
Node_1423813_1423734_0 0.0105952 0.815743 0.529761
Node_1423813_1293597_0 0.0105952 0.815743 0.529761
Node_2876789_1423798_0 0.0105952 0.815743 0.529761
Node_1423803_637971_0 0.0105952 0.815743 0.529761
Node_1423803_2486020_0 0.0105952 0.815743 0.529761
Node_1423803_2486023_0 0.0105952 0.815743 0.529761
Node_1423803_1423773_0 0.0105952 0.815743 0.529761
Node_1423803_1267003_0 0.0105952 0.815743 0.529761
Node_1423739_1987503_0 0.0105952 0.815743 0.529761
Node_1423739_1423786_0 0.0105952 0.815743 0.529761
Node_1423726_913848_0 0.0105952 0.815743 0.529761
Node_1423801_1423725_0 0.0105952 0.815743 0.529761
Node_1423801_1423731_0 0.0105952 0.815743 0.529761
Node_1423801_1423812_0 0.0105952 0.815743 0.529761
Node_176292_1291743_0 0.0105952 0.815743 0.529761
Node_2486008_993692_0 0.0105952 0.815743 0.529761
Node_2486008_1007676_0 0.0105952 0.815743 0.529761
Node_2486008_2584183_0 0.0105952 0.815743 0.529761
Node_2486008_1423720_0 0.0105952 0.815743 0.529761
Node_1423760_2759752_0 0.0105952 0.815743 0.529761
Node_1423760_2838652_0 0.0105952 0.815743 0.529761
Node_1423760_1423749_0 0.0105952 0.815743 0.529761
Node_1423760_1423782_0 0.0105952 0.815743 0.529761
Node_1413187_2559916_0 0.0105952 0.815743 0.529761
Node_1413187_2559919_0 0.0105952 0.815743 0.529761
Node_1413187_1296538_0 0.0105952 0.815743 0.529761
Node_1413187_1423791_0 0.0105952 0.815743 0.529761
Node_142588_426701_0 0.0105952 0.815743 0.529761
Node_142588_1868794_0 0.0105952 0.815743 0.529761
Node_142588_2967226_0 0.0105952 0.815743 0.529761
Node_142588_640938_0 0.0105952 0.815743 0.529761
Node_142588_258723_0 0.0105952 0.815743 0.529761
Node_640938_140314_0 0.0105952 0.815743 0.529761
Node_640938_382641_0 0.0105952 0.815743 0.529761
Node_2967226_137733_0 0.0105952 0.815743 0.529761
Node_2967226_638301_0 0.0105952 0.815743 0.529761
Node_1868794_708126_0 0.0105952 0.815743 0.529761
Node_426701_426703_0 0.0105952 0.815743 0.529761
Node_1571185_2749268_0 0.0105952 0.815743 0.529761
Node_1571185_1834418_0 0.0105952 0.815743 0.529761
Node_1571185_417367_0 0.0105952 0.815743 0.529761
Node_1571185_1903056_0 0.0105952 0.815743 0.529761
Node_1571185_2878389_0 0.0105952 0.815743 0.529761
Node_1571185_1765683_0 0.0105952 0.815743 0.529761
Node_1571185_342944_0 0.0105952 0.815743 0.529761
Node_1571185_1347788_0 0.0105952 0.815743 0.529761
Node_1571185_1379_0 0.0105952 0.815743 0.529761
Node_1571185_294699_0 0.0105952 0.815743 0.529761
Node_1571185_2756_0 0.0105952 0.815743 0.529761
Node_1571185_208199_0 0.0105952 0.815743 0.529761
Node_1571185_910412_0 0.0105952 0.815743 0.529761
Node_1571185_2756294_0 0.0105952 0.815743 0.529761
Node_1571185_2690964_0 0.0105952 0.815743 0.529761
Node_1571185_1544746_0 0.0105952 0.815743 0.529761
Node_1571185_1485204_0 0.0105952 0.815743 0.529761
Node_1571185_46223_0 0.0105952 0.815743 0.529761
Node_1571185_112248_0 0.0105952 0.815743 0.529761
Node_1571185_1490290_0 0.0105952 0.815743 0.529761
Node_1571185_2771432_0 0.0105952 0.815743 0.529761
Node_1571185_1173111_0 0.0105952 0.815743 0.529761
Node_1571185_1471761_0 0.0105952 0.815743 0.529761
Node_1571185_1571184_0 0.0105952 0.815743 0.529761
Node_1571185_1179467_0 0.0105952 0.815743 0.529761
Node_910412_1242148_0 0.0105952 0.815743 0.529761
Node_208199_2574798_0 0.0105952 0.815743 0.529761
Node_2756_1265818_0 0.0105952 0.815743 0.529761
Node_2756_1006155_0 0.0105952 0.815743 0.529761
Node_1265818_1552123_0 0.0105952 0.815743 0.529761
Node_1265818_1621700_0 0.0105952 0.815743 0.529761
Node_1265818_1265827_0 0.0105952 0.815743 0.529761
Node_294699_1422_0 0.0105952 0.815743 0.529761
Node_294699_575178_0 0.0105952 0.815743 0.529761
Node_294699_1220594_0 0.0105952 0.815743 0.529761
Node_1379_81950_0 0.0105952 0.815743 0.529761
Node_1347788_1428684_0 0.0105952 0.815743 0.529761
Node_1347788_549000_0 0.0105952 0.815743 0.529761
Node_1428684_33987_0 0.0105952 0.815743 0.529761
Node_1428684_296995_0 0.0105952 0.815743 0.529761
Node_1428684_169177_0 0.0105952 0.815743 0.529761
Node_1428684_273527_0 0.0105952 0.815743 0.529761
Node_1428684_340146_0 0.0105952 0.815743 0.529761
Node_1428684_223958_0 0.0105952 0.815743 0.529761
Node_342944_1395513_0 0.0105952 0.815743 0.529761
Node_342944_1707096_0 0.0105952 0.815743 0.529761
Node_342944_2174486_0 0.0105952 0.815743 0.529761
Node_342944_1469162_0 0.0105952 0.815743 0.529761
Node_1707096_1437324_0 0.0105952 0.815743 0.529761
Node_1395513_492735_0 0.0105952 0.815743 0.529761
Node_1395513_269670_0 0.0105952 0.815743 0.529761
Node_1395513_269672_0 0.0105952 0.815743 0.529761
Node_1395513_1923877_0 0.0105952 0.815743 0.529761
Node_1395513_1465501_0 0.0105952 0.815743 0.529761
Node_1395513_1465502_0 0.0105952 0.815743 0.529761
Node_1395513_3160863_0 0.0105952 0.815743 0.529761
Node_1395513_1069536_0 0.0105952 0.815743 0.529761
Node_1765683_89784_0 0.0105952 0.815743 0.529761
Node_1765683_2931921_0 0.0105952 0.815743 0.529761
Node_1765683_1903704_0 0.0105952 0.815743 0.529761
Node_1765683_1348429_0 0.0105952 0.815743 0.529761
Node_1765683_2901836_0 0.0105952 0.815743 0.529761
Node_1765683_2771369_0 0.0105952 0.815743 0.529761
Node_1765683_2055160_0 0.0105952 0.815743 0.529761
Node_1765683_1765684_0 0.0105952 0.815743 0.529761
Node_1348429_2743772_0 0.0105952 0.815743 0.529761
Node_1903704_1214604_0 0.0105952 0.815743 0.529761
Node_1903704_1157490_0 0.0105952 0.815743 0.529761
Node_2931921_1457_0 0.0105952 0.815743 0.529761
Node_2931921_1003997_0 0.0105952 0.815743 0.529761
Node_89784_1475485_0 0.0105952 0.815743 0.529761
Node_89784_1123961_0 0.0105952 0.815743 0.529761
Node_89784_1661150_0 0.0105952 0.815743 0.529761
Node_89784_252246_0 0.0105952 0.815743 0.529761
Node_89784_392011_0 0.0105952 0.815743 0.529761
Node_2878389_1069813_0 0.0105952 0.815743 0.529761
Node_2878389_459525_0 0.0105952 0.815743 0.529761
Node_2878389_1017270_0 0.0105952 0.815743 0.529761
Node_2878389_1221500_0 0.0105952 0.815743 0.529761
Node_2878389_2762233_0 0.0105952 0.815743 0.529761
Node_2878389_3058424_0 0.0105952 0.815743 0.529761
Node_2878389_2021314_0 0.0105952 0.815743 0.529761
Node_2878389_255247_0 0.0105952 0.815743 0.529761
Node_2878389_2715437_0 0.0105952 0.815743 0.529761
Node_1903056_53344_0 0.0105952 0.815743 0.529761
Node_1903056_1296_0 0.0105952 0.815743 0.529761
Node_1903056_2838756_0 0.0105952 0.815743 0.529761
Node_1903056_1461582_0 0.0105952 0.815743 0.529761
Node_2838756_2493691_0 0.0105952 0.815743 0.529761
Node_2838756_45670_0 0.0105952 0.815743 0.529761
Node_2838756_714307_0 0.0105952 0.815743 0.529761
Node_1296_71237_0 0.0105952 0.815743 0.529761
Node_53344_33028_0 0.0105952 0.815743 0.529761
Node_53344_1283_0 0.0105952 0.815743 0.529761
Node_53344_1288_0 0.0105952 0.815743 0.529761
Node_53344_1292_0 0.0105952 0.815743 0.529761
Node_53344_1293_0 0.0105952 0.815743 0.529761
Node_53344_201828_0 0.0105952 0.815743 0.529761
Node_53344_2201815_0 0.0105952 0.815743 0.529761
Node_53344_1654388_0 0.0105952 0.815743 0.529761
Node_53344_246432_0 0.0105952 0.815743 0.529761
Node_53344_214473_0 0.0105952 0.815743 0.529761
Node_53344_1955013_0 0.0105952 0.815743 0.529761
Node_53344_155085_0 0.0105952 0.815743 0.529761
Node_53344_28035_0 0.0105952 0.815743 0.529761
Node_53344_61015_0 0.0105952 0.815743 0.529761
Node_53344_29378_0 0.0105952 0.815743 0.529761
Node_53344_29379_0 0.0105952 0.815743 0.529761
Node_53344_29384_0 0.0105952 0.815743 0.529761
Node_53344_1276936_0 0.0105952 0.815743 0.529761
Node_53344_1229783_0 0.0105952 0.815743 0.529761
Node_53344_74704_0 0.0105952 0.815743 0.529761
Node_417367_244_0 0.0105952 0.815743 0.529761
Node_417367_1302659_0 0.0105952 0.815743 0.529761
Node_417367_114975_0 0.0105952 0.815743 0.529761
Node_417367_86667_0 0.0105952 0.815743 0.529761
Node_417367_1384049_0 0.0105952 0.815743 0.529761
Node_417367_426756_0 0.0105952 0.815743 0.529761
Node_417367_263475_0 0.0105952 0.815743 0.529761
Node_417367_241244_0 0.0105952 0.815743 0.529761
Node_417367_1562256_0 0.0105952 0.815743 0.529761
Node_417367_1071052_0 0.0105952 0.815743 0.529761
Node_417367_682973_0 0.0105952 0.815743 0.529761
Node_1384049_367743_0 0.0105952 0.815743 0.529761
Node_1384049_2762222_0 0.0105952 0.815743 0.529761
Node_1384049_3058421_0 0.0105952 0.815743 0.529761
Node_1384049_614648_0 0.0105952 0.815743 0.529761
Node_1384049_1211035_0 0.0105952 0.815743 0.529761
Node_86667_889306_0 0.0105952 0.815743 0.529761
Node_86667_2082395_0 0.0105952 0.815743 0.529761
Node_86667_3104292_0 0.0105952 0.815743 0.529761
Node_114975_1459_0 0.0105952 0.815743 0.529761
Node_114975_1476_0 0.0105952 0.815743 0.529761
Node_114975_1571_0 0.0105952 0.815743 0.529761
Node_114975_1365606_0 0.0105952 0.815743 0.529761
Node_1302659_459472_0 0.0105952 0.815743 0.529761
Node_1302659_1374_0 0.0105952 0.815743 0.529761
Node_1302659_200991_0 0.0105952 0.815743 0.529761
Node_1302659_2233542_0 0.0105952 0.815743 0.529761
Node_1302659_2762216_0 0.0105952 0.815743 0.529761
Node_1302659_3058393_0 0.0105952 0.815743 0.529761
Node_1302659_3058394_0 0.0105952 0.815743 0.529761
Node_1302659_3058398_0 0.0105952 0.815743 0.529761
Node_1302659_1848460_0 0.0105952 0.815743 0.529761
Node_1302659_112331_0 0.0105952 0.815743 0.529761
Node_1302659_2213202_0 0.0105952 0.815743 0.529761
Node_1302659_1176255_0 0.0105952 0.815743 0.529761
Node_244_1176648_0 0.0105952 0.815743 0.529761
Node_1834418_2024555_0 0.0105952 0.815743 0.529761
Node_1834418_2583219_0 0.0105952 0.815743 0.529761
Node_1834418_2321395_0 0.0105952 0.815743 0.529761
Node_1834418_2045207_0 0.0105952 0.815743 0.529761
Node_1834418_361279_0 0.0105952 0.815743 0.529761
Node_1834418_33932_0 0.0105952 0.815743 0.529761
Node_1834418_665952_0 0.0105952 0.815743 0.529761
Node_1834418_1371_0 0.0105952 0.815743 0.529761
Node_1834418_115979_0 0.0105952 0.815743 0.529761
Node_1834418_1464122_0 0.0105952 0.815743 0.529761
Node_1834418_2875709_0 0.0105952 0.815743 0.529761
Node_1834418_1714016_0 0.0105952 0.815743 0.529761
Node_1834418_217031_0 0.0105952 0.815743 0.529761
Node_1834418_178340_0 0.0105952 0.815743 0.529761
Node_1834418_2918902_0 0.0105952 0.815743 0.529761
Node_1834418_228899_0 0.0105952 0.815743 0.529761
Node_1834418_2099786_0 0.0105952 0.815743 0.529761
Node_1834418_1516104_0 0.0105952 0.815743 0.529761
Node_1834418_1236971_0 0.0105952 0.815743 0.529761
Node_1834418_447421_0 0.0105952 0.815743 0.529761
Node_1834418_46224_0 0.0105952 0.815743 0.529761
Node_1834418_1281767_0 0.0105952 0.815743 0.529761
Node_1834418_279446_0 0.0105952 0.815743 0.529761
Node_1834418_220687_0 0.0105952 0.815743 0.529761
Node_1834418_200904_0 0.0105952 0.815743 0.529761
Node_1834418_1348623_0 0.0105952 0.815743 0.529761
Node_1834418_266892_0 0.0105952 0.815743 0.529761
Node_1834418_38282_0 0.0105952 0.815743 0.529761
Node_1834418_1408103_0 0.0105952 0.815743 0.529761
Node_1834418_398511_0 0.0105952 0.815743 0.529761
Node_1834418_1602942_0 0.0105952 0.815743 0.529761
Node_1834418_519424_0 0.0105952 0.815743 0.529761
Node_1834418_1220589_0 0.0105952 0.815743 0.529761
Node_1834418_2961894_0 0.0105952 0.815743 0.529761
Node_1834418_1435466_0 0.0105952 0.815743 0.529761
Node_1834418_1385513_0 0.0105952 0.815743 0.529761
Node_1834418_1237094_0 0.0105952 0.815743 0.529761
Node_1834418_79881_0 0.0105952 0.815743 0.529761
Node_1834418_189381_0 0.0105952 0.815743 0.529761
Node_1834418_632773_0 0.0105952 0.815743 0.529761
Node_1834418_930128_0 0.0105952 0.815743 0.529761
Node_1834418_3098077_0 0.0105952 0.815743 0.529761
Node_1834418_930152_0 0.0105952 0.815743 0.529761
Node_1834418_2045244_0 0.0105952 0.815743 0.529761
Node_1834418_407036_0 0.0105952 0.815743 0.529761
Node_1834418_3144668_0 0.0105952 0.815743 0.529761
Node_1834418_1494959_0 0.0105952 0.815743 0.529761
Node_1834418_2064768_0 0.0105952 0.815743 0.529761
Node_1834418_393763_0 0.0105952 0.815743 0.529761
Node_1834418_361280_0 0.0105952 0.815743 0.529761
Node_1834418_1508390_0 0.0105952 0.815743 0.529761
Node_1834418_33936_0 0.0105952 0.815743 0.529761
Node_1834418_394506_0 0.0105952 0.815743 0.529761
Node_1834418_1455_0 0.0105952 0.815743 0.529761
Node_1834418_35841_0 0.0105952 0.815743 0.529761
Node_1834418_2592382_0 0.0105952 0.815743 0.529761
Node_1834418_200990_0 0.0105952 0.815743 0.529761
Node_1834418_299480_0 0.0105952 0.815743 0.529761
Node_1834418_2593652_0 0.0105952 0.815743 0.529761
Node_1834418_2594883_0 0.0105952 0.815743 0.529761
Node_1834418_1612202_0 0.0105952 0.815743 0.529761
Node_1834418_2171751_0 0.0105952 0.815743 0.529761
Node_1834418_2599694_0 0.0105952 0.815743 0.529761
Node_1834418_306540_0 0.0105952 0.815743 0.529761
Node_1834418_77523_0 0.0105952 0.815743 0.529761
Node_1834418_373054_0 0.0105952 0.815743 0.529761
Node_1834418_930114_0 0.0105952 0.815743 0.529761
Node_1834418_570947_0 0.0105952 0.815743 0.529761
Node_1834418_472978_0 0.0105952 0.815743 0.529761
Node_1834418_1095777_0 0.0105952 0.815743 0.529761
Node_1834418_1325931_0 0.0105952 0.815743 0.529761
Node_1834418_279813_0 0.0105952 0.815743 0.529761
Node_1834418_2018042_0 0.0105952 0.815743 0.529761
Node_1834418_872970_0 0.0105952 0.815743 0.529761
Node_1834418_251051_0 0.0105952 0.815743 0.529761
Node_1834418_2282697_0 0.0105952 0.815743 0.529761
Node_1834418_517424_0 0.0105952 0.815743 0.529761
Node_1834418_550447_0 0.0105952 0.815743 0.529761
Node_1834418_485577_0 0.0105952 0.815743 0.529761
Node_1834418_2880968_0 0.0105952 0.815743 0.529761
Node_1834418_2980026_0 0.0105952 0.815743 0.529761
Node_1834418_2980103_0 0.0105952 0.815743 0.529761
Node_1834418_1636719_0 0.0105952 0.815743 0.529761
Node_1834418_621096_0 0.0105952 0.815743 0.529761
Node_1834418_1348973_0 0.0105952 0.815743 0.529761
Node_1494959_2838742_0 0.0105952 0.815743 0.529761
Node_3144668_3231488_0 0.0105952 0.815743 0.529761
Node_407036_482461_0 0.0105952 0.815743 0.529761
Node_2045244_2483800_0 0.0105952 0.815743 0.529761
Node_930152_682179_0 0.0105952 0.815743 0.529761
Node_3098077_77777_0 0.0105952 0.815743 0.529761
Node_3098077_641660_0 0.0105952 0.815743 0.529761
Node_930128_568899_0 0.0105952 0.815743 0.529761
Node_930128_930129_0 0.0105952 0.815743 0.529761
Node_632773_517425_0 0.0105952 0.815743 0.529761
Node_189381_992288_0 0.0105952 0.815743 0.529761
Node_189381_218284_0 0.0105952 0.815743 0.529761
Node_189381_1402860_0 0.0105952 0.815743 0.529761
Node_79881_2597270_0 0.0105952 0.815743 0.529761
Node_79881_444060_0 0.0105952 0.815743 0.529761
Node_1237094_1548213_0 0.0105952 0.815743 0.529761
Node_1237094_745820_0 0.0105952 0.815743 0.529761
Node_1385513_1449801_0 0.0105952 0.815743 0.529761
Node_1385513_1697394_0 0.0105952 0.815743 0.529761
Node_1385513_1385510_0 0.0105952 0.815743 0.529761
Node_1385513_1385514_0 0.0105952 0.815743 0.529761
Node_1435466_531815_0 0.0105952 0.815743 0.529761
Node_1435466_171693_0 0.0105952 0.815743 0.529761
Node_1435466_372463_0 0.0105952 0.815743 0.529761
Node_1435466_930130_0 0.0105952 0.815743 0.529761
Node_1435466_405946_0 0.0105952 0.815743 0.529761
Node_1435466_1229153_0 0.0105952 0.815743 0.529761
Node_1435466_545501_0 0.0105952 0.815743 0.529761
Node_1435466_546107_0 0.0105952 0.815743 0.529761
Node_1435466_1274358_0 0.0105952 0.815743 0.529761
Node_2961894_137993_0 0.0105952 0.815743 0.529761
Node_2961894_2486280_0 0.0105952 0.815743 0.529761
Node_1220589_759811_0 0.0105952 0.815743 0.529761
Node_1220589_1714840_0 0.0105952 0.815743 0.529761
Node_1220589_1911548_0 0.0105952 0.815743 0.529761
Node_1220589_3160866_0 0.0105952 0.815743 0.529761
Node_1220589_2998077_0 0.0105952 0.815743 0.529761
Node_1220589_582475_0 0.0105952 0.815743 0.529761
Node_1220589_28031_0 0.0105952 0.815743 0.529761
Node_1220589_2518931_0 0.0105952 0.815743 0.529761
Node_1220589_444177_0 0.0105952 0.815743 0.529761
Node_519424_1218173_0 0.0105952 0.815743 0.529761
Node_1602942_1742358_0 0.0105952 0.815743 0.529761
Node_1602942_2762240_0 0.0105952 0.815743 0.529761
Node_1602942_863449_0 0.0105952 0.815743 0.529761
Node_1602942_3299023_0 0.0105952 0.815743 0.529761
Node_1602942_549687_0 0.0105952 0.815743 0.529761
Node_1602942_1637975_0 0.0105952 0.815743 0.529761
Node_398511_3237103_0 0.0105952 0.815743 0.529761
Node_1408103_1643336_0 0.0105952 0.815743 0.529761
Node_1408103_308892_0 0.0105952 0.815743 0.529761
Node_1408103_1917180_0 0.0105952 0.815743 0.529761
Node_1408103_279826_0 0.0105952 0.815743 0.529761
Node_1408103_1321606_0 0.0105952 0.815743 0.529761
Node_38282_2069301_0 0.0105952 0.815743 0.529761
Node_38282_1503961_0 0.0105952 0.815743 0.529761
Node_266892_1898109_0 0.0105952 0.815743 0.529761
Node_1348623_1347902_0 0.0105952 0.815743 0.529761
Node_1348623_1414648_0 0.0105952 0.815743 0.529761
Node_1348623_86664_0 0.0105952 0.815743 0.529761
Node_1348623_284581_0 0.0105952 0.815743 0.529761
Node_1348623_1402861_0 0.0105952 0.815743 0.529761
Node_1348623_2291674_0 0.0105952 0.815743 0.529761
Node_1348623_1121089_0 0.0105952 0.815743 0.529761
Node_200904_470815_0 0.0105952 0.815743 0.529761
Node_220687_1740721_0 0.0105952 0.815743 0.529761
Node_220687_2759023_0 0.0105952 0.815743 0.529761
Node_220687_1193713_0 0.0105952 0.815743 0.529761
Node_220687_2833578_0 0.0105952 0.815743 0.529761
Node_220687_86668_0 0.0105952 0.815743 0.529761
Node_220687_2259171_0 0.0105952 0.815743 0.529761
Node_279446_3051431_0 0.0105952 0.815743 0.529761
Node_279446_930132_0 0.0105952 0.815743 0.529761
Node_279446_1168171_0 0.0105952 0.815743 0.529761
Node_1281767_1413211_0 0.0105952 0.815743 0.529761
Node_46224_363870_0 0.0105952 0.815743 0.529761
Node_46224_38875_0 0.0105952 0.815743 0.529761
Node_46224_209389_0 0.0105952 0.815743 0.529761
Node_46224_157838_0 0.0105952 0.815743 0.529761
Node_447421_396056_0 0.0105952 0.815743 0.529761
Node_447421_240303_0 0.0105952 0.815743 0.529761
Node_447421_45668_0 0.0105952 0.815743 0.529761
Node_447421_195088_0 0.0105952 0.815743 0.529761
Node_1236971_199441_0 0.0105952 0.815743 0.529761
Node_1236971_2822140_0 0.0105952 0.815743 0.529761
Node_1236971_333138_0 0.0105952 0.815743 0.529761
Node_1236971_1548599_0 0.0105952 0.815743 0.529761
Node_1236971_935616_0 0.0105952 0.815743 0.529761
Node_1236971_1236973_0 0.0105952 0.815743 0.529761
Node_1516104_2820819_0 0.0105952 0.815743 0.529761
Node_1516104_371036_0 0.0105952 0.815743 0.529761
Node_2099786_2743001_0 0.0105952 0.815743 0.529761
Node_228899_264697_0 0.0105952 0.815743 0.529761
Node_228899_1679170_0 0.0105952 0.815743 0.529761
Node_228899_2303991_0 0.0105952 0.815743 0.529761
Node_228899_673318_0 0.0105952 0.815743 0.529761
Node_228899_2772559_0 0.0105952 0.815743 0.529761
Node_228899_450367_0 0.0105952 0.815743 0.529761
Node_228899_421767_0 0.0105952 0.815743 0.529761
Node_228899_1349754_0 0.0105952 0.815743 0.529761
Node_2918902_2595041_0 0.0105952 0.815743 0.529761
Node_178340_1672701_0 0.0105952 0.815743 0.529761
Node_178340_334253_0 0.0105952 0.815743 0.529761
Node_178340_2663022_0 0.0105952 0.815743 0.529761
Node_178340_2932255_0 0.0105952 0.815743 0.529761
Node_217031_1467_0 0.0105952 0.815743 0.529761
Node_217031_217495_0 0.0105952 0.815743 0.529761
Node_1714016_1017273_0 0.0105952 0.815743 0.529761
Node_1714016_29332_0 0.0105952 0.815743 0.529761
Node_2875709_1458_0 0.0105952 0.815743 0.529761
Node_2875709_3117746_0 0.0105952 0.815743 0.529761
Node_2875709_2823519_0 0.0105952 0.815743 0.529761
Node_2875709_1547283_0 0.0105952 0.815743 0.529761
Node_2875709_2567941_0 0.0105952 0.815743 0.529761
Node_2875709_930124_0 0.0105952 0.815743 0.529761
Node_2875709_1491830_0 0.0105952 0.815743 0.529761
Node_2875709_246786_0 0.0105952 0.815743 0.529761
Node_2875709_1983721_0 0.0105952 0.815743 0.529761
Node_2875709_2771434_0 0.0105952 0.815743 0.529761
Node_2875709_152268_0 0.0105952 0.815743 0.529761
Node_2875709_283816_0 0.0105952 0.815743 0.529761
Node_2875709_324854_0 0.0105952 0.815743 0.529761
Node_1464122_766895_0 0.0105952 0.815743 0.529761
Node_1464122_1246626_0 0.0105952 0.815743 0.529761
Node_115979_1397_0 0.0105952 0.815743 0.529761
Node_115979_2036016_0 0.0105952 0.815743 0.529761
Node_115979_2499688_0 0.0105952 0.815743 0.529761
Node_115979_2729105_0 0.0105952 0.815743 0.529761
Node_115979_3133173_0 0.0105952 0.815743 0.529761
Node_1371_1122204_0 0.0105952 0.815743 0.529761
Node_665952_2819290_0 0.0105952 0.815743 0.529761
Node_665952_230954_0 0.0105952 0.815743 0.529761
Node_665952_692420_0 0.0105952 0.815743 0.529761
Node_665952_64104_0 0.0105952 0.815743 0.529761
Node_665952_561879_0 0.0105952 0.815743 0.529761
Node_665952_1840411_0 0.0105952 0.815743 0.529761
Node_665952_1448271_0 0.0105952 0.815743 0.529761
Node_665952_1808955_0 0.0105952 0.815743 0.529761
Node_665952_1221996_0 0.0105952 0.815743 0.529761
Node_665952_273032_0 0.0105952 0.815743 0.529761
Node_665952_3127665_0 0.0105952 0.815743 0.529761
Node_665952_3127667_0 0.0105952 0.815743 0.529761
Node_665952_3129297_0 0.0105952 0.815743 0.529761
Node_665952_1033734_0 0.0105952 0.815743 0.529761
Node_665952_872396_0 0.0105952 0.815743 0.529761
Node_665952_86663_0 0.0105952 0.815743 0.529761
Node_665952_2315464_0 0.0105952 0.815743 0.529761
Node_665952_284580_0 0.0105952 0.815743 0.529761
Node_665952_1071718_0 0.0105952 0.815743 0.529761
Node_665952_2547811_0 0.0105952 0.815743 0.529761
Node_665952_2810349_0 0.0105952 0.815743 0.529761
Node_665952_1664069_0 0.0105952 0.815743 0.529761
Node_665952_1403243_0 0.0105952 0.815743 0.529761
Node_665952_1305675_0 0.0105952 0.815743 0.529761
Node_665952_1437434_0 0.0105952 0.815743 0.529761
Node_665952_2683610_0 0.0105952 0.815743 0.529761
Node_665952_587633_0 0.0105952 0.815743 0.529761
Node_665952_1441095_0 0.0105952 0.815743 0.529761
Node_665952_1150625_0 0.0105952 0.815743 0.529761
Node_665952_2944916_0 0.0105952 0.815743 0.529761
Node_64104_1053233_0 0.0105952 0.815743 0.529761
Node_64104_2338372_0 0.0105952 0.815743 0.529761
Node_64104_574376_0 0.0105952 0.815743 0.529761
Node_64104_257985_0 0.0105952 0.815743 0.529761
Node_1053233_288681_0 0.0105952 0.815743 0.529761
Node_692420_1648923_0 0.0105952 0.815743 0.529761
Node_692420_1052585_0 0.0105952 0.815743 0.529761
Node_692420_260554_0 0.0105952 0.815743 0.529761
Node_692420_224308_0 0.0105952 0.815743 0.529761
Node_33932_79883_0 0.0105952 0.815743 0.529761
Node_361279_361277_0 0.0105952 0.815743 0.529761
Node_361279_586416_0 0.0105952 0.815743 0.529761
Node_2045207_885475_0 0.0105952 0.815743 0.529761
Node_2045207_1601833_0 0.0105952 0.815743 0.529761
Node_2321395_1245522_0 0.0105952 0.815743 0.529761
Node_2321395_1914933_0 0.0105952 0.815743 0.529761
Node_2321395_254759_0 0.0105952 0.815743 0.529761
Node_2321395_1274353_0 0.0105952 0.815743 0.529761
Node_2583219_295065_0 0.0105952 0.815743 0.529761
Node_2583219_237679_0 0.0105952 0.815743 0.529761
Node_2583219_257446_0 0.0105952 0.815743 0.529761
Node_2024555_163877_0 0.0105952 0.815743 0.529761
Node_2024555_1482_0 0.0105952 0.815743 0.529761
Node_2024555_1479511_0 0.0105952 0.815743 0.529761
Node_2024555_202260_0 0.0105952 0.815743 0.529761
Node_2024555_202261_0 0.0105952 0.815743 0.529761
Node_2024555_570945_0 0.0105952 0.815743 0.529761
Node_2024555_447199_0 0.0105952 0.815743 0.529761
Node_2024555_393090_0 0.0105952 0.815743 0.529761
Node_2749268_1236976_0 0.0105952 0.815743 0.529761
Node_2749268_425004_0 0.0105952 0.815743 0.529761
Node_2749268_2583377_0 0.0105952 0.815743 0.529761
Node_2749268_1042163_0 0.0105952 0.815743 0.529761
Node_2749268_66863_0 0.0105952 0.815743 0.529761
Node_2749268_1416533_0 0.0105952 0.815743 0.529761
Node_2749268_1652465_0 0.0105952 0.815743 0.529761
Node_2749268_3064388_0 0.0105952 0.815743 0.529761
Node_2749268_1906605_0 0.0105952 0.815743 0.529761
Node_2749268_1590651_0 0.0105952 0.815743 0.529761
Node_2749268_3108399_0 0.0105952 0.815743 0.529761
Node_2749268_1572762_0 0.0105952 0.815743 0.529761
Node_3064388_2507566_0 0.0105952 0.815743 0.529761
Node_1652465_2086470_0 0.0105952 0.815743 0.529761
Node_1416533_670482_0 0.0105952 0.815743 0.529761
Node_66863_47500_0 0.0105952 0.815743 0.529761
Node_66863_861532_0 0.0105952 0.815743 0.529761
Node_47500_267746_0 0.0105952 0.815743 0.529761
Node_47500_1500254_0 0.0105952 0.815743 0.529761
Node_1042163_33942_0 0.0105952 0.815743 0.529761
Node_1042163_2950604_0 0.0105952 0.815743 0.529761
Node_1042163_173959_0 0.0105952 0.815743 0.529761
Node_1042163_2796470_0 0.0105952 0.815743 0.529761
Node_1042163_1125967_0 0.0105952 0.815743 0.529761
Node_1042163_2570228_0 0.0105952 0.815743 0.529761
Node_1042163_51101_0 0.0105952 0.815743 0.529761
Node_1042163_511487_0 0.0105952 0.815743 0.529761
Node_1042163_54910_0 0.0105952 0.815743 0.529761
Node_1042163_54911_0 0.0105952 0.815743 0.529761
Node_1042163_54913_0 0.0105952 0.815743 0.529761
Node_1042163_54914_0 0.0105952 0.815743 0.529761
Node_1042163_54915_0 0.0105952 0.815743 0.529761
Node_1042163_1300222_0 0.0105952 0.815743 0.529761
Node_1042163_1408254_0 0.0105952 0.815743 0.529761
Node_2583377_459527_0 0.0105952 0.815743 0.529761
Node_2583377_2705290_0 0.0105952 0.815743 0.529761
Node_2583377_2060666_0 0.0105952 0.815743 0.529761
Node_425004_2163172_0 0.0105952 0.815743 0.529761
Node_425004_557555_0 0.0105952 0.815743 0.529761
Node_425004_557557_0 0.0105952 0.815743 0.529761
Node_425004_696072_0 0.0105952 0.815743 0.529761
Node_425004_2728023_0 0.0105952 0.815743 0.529761
Node_425004_2761120_0 0.0105952 0.815743 0.529761
Node_425004_2826895_0 0.0105952 0.815743 0.529761
Node_425004_2598458_0 0.0105952 0.815743 0.529761
Node_425004_1289167_0 0.0105952 0.815743 0.529761
Node_425004_1387779_0 0.0105952 0.815743 0.529761
Node_425004_178337_0 0.0105952 0.815743 0.529761
Node_425004_768479_0 0.0105952 0.815743 0.529761
Node_425004_1294267_0 0.0105952 0.815743 0.529761
Node_425004_2674991_0 0.0105952 0.815743 0.529761
Node_425004_2315694_0 0.0105952 0.815743 0.529761
Node_425004_2419778_0 0.0105952 0.815743 0.529761
Node_425004_456490_0 0.0105952 0.815743 0.529761
Node_425004_425006_0 0.0105952 0.815743 0.529761
Node_1236976_393250_0 0.0105952 0.815743 0.529761
Node_1236976_393251_0 0.0105952 0.815743 0.529761
Node_1236976_2982185_0 0.0105952 0.815743 0.529761
Node_1236976_2490856_0 0.0105952 0.815743 0.529761
Node_1236976_1737354_0 0.0105952 0.815743 0.529761
Node_1236976_2654974_0 0.0105952 0.815743 0.529761
Node_1236976_1803190_0 0.0105952 0.815743 0.529761
Node_1236976_2163881_0 0.0105952 0.815743 0.529761
Node_1236976_1401_0 0.0105952 0.815743 0.529761
Node_1236976_1451_0 0.0105952 0.815743 0.529761
Node_1236976_1476024_0 0.0105952 0.815743 0.529761
Node_1236976_1472_0 0.0105952 0.815743 0.529761
Node_1236976_1477_0 0.0105952 0.815743 0.529761
Node_1236976_624147_0 0.0105952 0.815743 0.529761
Node_1236976_1574488_0 0.0105952 0.815743 0.529761
Node_1236976_1705561_0 0.0105952 0.815743 0.529761
Node_1236976_297318_0 0.0105952 0.815743 0.529761
Node_1236976_494026_0 0.0105952 0.815743 0.529761
Node_1236976_2918900_0 0.0105952 0.815743 0.529761
Node_1236976_3050112_0 0.0105952 0.815743 0.529761
Node_1236976_1936118_0 0.0105952 0.815743 0.529761
Node_1236976_1215385_0 0.0105952 0.815743 0.529761
Node_1236976_1870819_0 0.0105952 0.815743 0.529761
Node_1236976_1870820_0 0.0105952 0.815743 0.529761
Node_1236976_429341_0 0.0105952 0.815743 0.529761
Node_1236976_429342_0 0.0105952 0.815743 0.529761
Node_1236976_528187_0 0.0105952 0.815743 0.529761
Node_1236976_2691084_0 0.0105952 0.815743 0.529761
Node_1236976_2035833_0 0.0105952 0.815743 0.529761
Node_1236976_2527873_0 0.0105952 0.815743 0.529761
Node_1236976_2987519_0 0.0105952 0.815743 0.529761
Node_1236976_2496267_0 0.0105952 0.815743 0.529761
Node_1236976_169760_0 0.0105952 0.815743 0.529761
Node_1236976_2496557_0 0.0105952 0.815743 0.529761
Node_1236976_2496558_0 0.0105952 0.815743 0.529761
Node_1236976_3020863_0 0.0105952 0.815743 0.529761
Node_1236976_268407_0 0.0105952 0.815743 0.529761
Node_1236976_2726185_0 0.0105952 0.815743 0.529761
Node_1236976_170367_0 0.0105952 0.815743 0.529761
Node_1236976_629724_0 0.0105952 0.815743 0.529761
Node_1236976_630520_0 0.0105952 0.815743 0.529761
Node_1236976_696536_0 0.0105952 0.815743 0.529761
Node_1236976_1712516_0 0.0105952 0.815743 0.529761
Node_1236976_1778678_0 0.0105952 0.815743 0.529761
Node_1236976_2041023_0 0.0105952 0.815743 0.529761
Node_1236976_1156355_0 0.0105952 0.815743 0.529761
Node_1236976_2762232_0 0.0105952 0.815743 0.529761
Node_1236976_1844972_0 0.0105952 0.815743 0.529761
Node_1236976_2697035_0 0.0105952 0.815743 0.529761
Node_1236976_862114_0 0.0105952 0.815743 0.529761
Node_1236976_1452732_0 0.0105952 0.815743 0.529761
Node_1236976_1616788_0 0.0105952 0.815743 0.529761
Node_1236976_44252_0 0.0105952 0.815743 0.529761
Node_1236976_1387834_0 0.0105952 0.815743 0.529761
Node_1236976_306542_0 0.0105952 0.815743 0.529761
Node_1236976_306543_0 0.0105952 0.815743 0.529761
Node_1236976_2666075_0 0.0105952 0.815743 0.529761
Node_1236976_274593_0 0.0105952 0.815743 0.529761
Node_1236976_1126833_0 0.0105952 0.815743 0.529761
Node_1236976_3388067_0 0.0105952 0.815743 0.529761
Node_1236976_2798579_0 0.0105952 0.815743 0.529761
Node_1236976_1324314_0 0.0105952 0.815743 0.529761
Node_1236976_1619309_0 0.0105952 0.815743 0.529761
Node_1236976_1619311_0 0.0105952 0.815743 0.529761
Node_1236976_79263_0 0.0105952 0.815743 0.529761
Node_1236976_669464_0 0.0105952 0.815743 0.529761
Node_1236976_2078573_0 0.0105952 0.815743 0.529761
Node_1236976_1652958_0 0.0105952 0.815743 0.529761
Node_1236976_1325360_0 0.0105952 0.815743 0.529761
Node_1236976_539262_0 0.0105952 0.815743 0.529761
Node_1236976_375489_0 0.0105952 0.815743 0.529761
Node_1236976_1850370_0 0.0105952 0.815743 0.529761
Node_1236976_1850517_0 0.0105952 0.815743 0.529761
Node_1236976_2931978_0 0.0105952 0.815743 0.529761
Node_1236976_2211139_0 0.0105952 0.815743 0.529761
Node_1236976_1294268_0 0.0105952 0.815743 0.529761
Node_1236976_49283_0 0.0105952 0.815743 0.529761
Node_1236976_1917181_0 0.0105952 0.815743 0.529761
Node_1236976_1458439_0 0.0105952 0.815743 0.529761
Node_1236976_2048548_0 0.0105952 0.815743 0.529761
Node_1236976_279208_0 0.0105952 0.815743 0.529761
Node_1236976_3064525_0 0.0105952 0.815743 0.529761
Node_1236976_2704462_0 0.0105952 0.815743 0.529761
Node_1236976_1852522_0 0.0105952 0.815743 0.529761
Node_1236976_2770274_0 0.0105952 0.815743 0.529761
Node_1236976_1886670_0 0.0105952 0.815743 0.529761
Node_1236976_1133364_0 0.0105952 0.815743 0.529761
Node_1236976_2772299_0 0.0105952 0.815743 0.529761
Node_1236976_2772509_0 0.0105952 0.815743 0.529761
Node_1236976_1658519_0 0.0105952 0.815743 0.529761
Node_1236976_2969249_0 0.0105952 0.815743 0.529761
Node_1236976_217090_0 0.0105952 0.815743 0.529761
Node_1236976_1265935_0 0.0105952 0.815743 0.529761
Node_1236976_512399_0 0.0105952 0.815743 0.529761
Node_1236976_742054_0 0.0105952 0.815743 0.529761
Node_1236976_1462996_0 0.0105952 0.815743 0.529761
Node_1236976_2937794_0 0.0105952 0.815743 0.529761
Node_1236976_414771_0 0.0105952 0.815743 0.529761
Node_1236976_2774142_0 0.0105952 0.815743 0.529761
Node_1236976_2020716_0 0.0105952 0.815743 0.529761
Node_1236976_2905649_0 0.0105952 0.815743 0.529761
Node_1236976_2545760_0 0.0105952 0.815743 0.529761
Node_1236976_1333845_0 0.0105952 0.815743 0.529761
Node_1236976_2972489_0 0.0105952 0.815743 0.529761
Node_1236976_2547395_0 0.0105952 0.815743 0.529761
Node_1236976_2744309_0 0.0105952 0.815743 0.529761
Node_1236976_2810347_0 0.0105952 0.815743 0.529761
Node_1236976_2908839_0 0.0105952 0.815743 0.529761
Node_1236976_516965_0 0.0105952 0.815743 0.529761
Node_1236976_189425_0 0.0105952 0.815743 0.529761
Node_1236976_189426_0 0.0105952 0.815743 0.529761
Node_1236976_582686_0 0.0105952 0.815743 0.529761
Node_1236976_582692_0 0.0105952 0.815743 0.529761
Node_1236976_1172614_0 0.0105952 0.815743 0.529761
Node_1236976_1172615_0 0.0105952 0.815743 0.529761
Node_1236976_1172618_0 0.0105952 0.815743 0.529761
Node_1236976_189691_0 0.0105952 0.815743 0.529761
Node_1236976_1173085_0 0.0105952 0.815743 0.529761
Node_1236976_747481_0 0.0105952 0.815743 0.529761
Node_1236976_1435645_0 0.0105952 0.815743 0.529761
Node_1236976_1501230_0 0.0105952 0.815743 0.529761
Node_1236976_1763538_0 0.0105952 0.815743 0.529761
Node_1236976_2582848_0 0.0105952 0.815743 0.529761
Node_1236976_59843_0 0.0105952 0.815743 0.529761
Node_1236976_59845_0 0.0105952 0.815743 0.529761
Node_1236976_59893_0 0.0105952 0.815743 0.529761
Node_1236976_1174501_0 0.0105952 0.815743 0.529761
Node_1236976_1338368_0 0.0105952 0.815743 0.529761
Node_1236976_1469647_0 0.0105952 0.815743 0.529761
Node_1236976_126569_0 0.0105952 0.815743 0.529761
Node_1236976_684063_0 0.0105952 0.815743 0.529761
Node_1236976_1470560_0 0.0105952 0.815743 0.529761
Node_1236976_2486751_0 0.0105952 0.815743 0.529761
Node_1236976_160487_0 0.0105952 0.815743 0.529761
Node_1236976_160799_0 0.0105952 0.815743 0.529761
Node_1236976_3077233_0 0.0105952 0.815743 0.529761
Node_1236976_3077234_0 0.0105952 0.815743 0.529761
Node_1236976_2716884_0 0.0105952 0.815743 0.529761
Node_1236976_1045775_0 0.0105952 0.815743 0.529761
Node_1236976_521520_0 0.0105952 0.815743 0.529761
Node_1236976_554312_0 0.0105952 0.815743 0.529761
Node_1236976_128574_0 0.0105952 0.815743 0.529761
Node_1236976_1276110_0 0.0105952 0.815743 0.529761
Node_1236976_162209_0 0.0105952 0.815743 0.529761
Node_1236976_1636843_0 0.0105952 0.815743 0.529761
Node_1236976_1178515_0 0.0105952 0.815743 0.529761
Node_1236976_2292705_0 0.0105952 0.815743 0.529761
Node_1236976_2849866_0 0.0105952 0.815743 0.529761
Node_1236976_359917_0 0.0105952 0.815743 0.529761
Node_1236976_1212764_0 0.0105952 0.815743 0.529761
Node_1236976_1313296_0 0.0105952 0.815743 0.529761
Node_1236976_985665_0 0.0105952 0.815743 0.529761
Node_1236976_373687_0 0.0105952 0.815743 0.529761
Node_1236976_1036673_0 0.0105952 0.815743 0.529761
Node_1236976_717606_0 0.0105952 0.815743 0.529761
Node_1870819_2678564_0 0.0105952 0.815743 0.529761
Node_1477_697284_0 0.0105952 0.815743 0.529761
Node_1193502_2083153_0 0.0105952 0.815743 0.529761
Node_1193502_2093360_0 0.0105952 0.815743 0.529761
Node_1193502_215803_0 0.0105952 0.815743 0.529761
Node_1193502_706587_0 0.0105952 0.815743 0.529761
Node_1193502_1963862_0 0.0105952 0.815743 0.529761
Node_1193502_1312852_0 0.0105952 0.815743 0.529761
Node_1193502_1307763_0 0.0105952 0.815743 0.529761
Node_1193502_1184267_0 0.0105952 0.815743 0.529761
Node_1193502_2951981_0 0.0105952 0.815743 0.529761
Node_1193502_2528274_0 0.0105952 0.815743 0.529761
Node_1193502_2838699_0 0.0105952 0.815743 0.529761
Node_1193502_187145_0 0.0105952 0.815743 0.529761
Node_1193502_1794699_0 0.0105952 0.815743 0.529761
Node_1193502_178606_0 0.0105952 0.815743 0.529761
Node_2838699_1078050_0 0.0105952 0.815743 0.529761
Node_2838699_500465_0 0.0105952 0.815743 0.529761
Node_2838699_768670_0 0.0105952 0.815743 0.529761
Node_1078050_139438_0 0.0105952 0.815743 0.529761
Node_1078050_522772_0 0.0105952 0.815743 0.529761
Node_2528274_1429438_0 0.0105952 0.815743 0.529761
Node_2951981_1129897_0 0.0105952 0.815743 0.529761
Node_2951981_309801_0 0.0105952 0.815743 0.529761
Node_1129897_479434_0 0.0105952 0.815743 0.529761
Node_1184267_2152716_0 0.0105952 0.815743 0.529761
Node_1184267_1513793_0 0.0105952 0.815743 0.529761
Node_1184267_959_0 0.0105952 0.815743 0.529761
Node_1184267_856793_0 0.0105952 0.815743 0.529761
Node_2152716_28202_0 0.0105952 0.815743 0.529761
Node_2152716_862908_0 0.0105952 0.815743 0.529761
Node_1307763_690879_0 0.0105952 0.815743 0.529761
Node_1307763_3120278_0 0.0105952 0.815743 0.529761
Node_1307763_1658616_0 0.0105952 0.815743 0.529761
Node_1307763_1974757_0 0.0105952 0.815743 0.529761
Node_1307763_2093366_0 0.0105952 0.815743 0.529761
Node_1307763_2697043_0 0.0105952 0.815743 0.529761
Node_1307763_2750659_0 0.0105952 0.815743 0.529761
Node_1974757_1974746_0 0.0105952 0.815743 0.529761
Node_1974757_1974752_0 0.0105952 0.815743 0.529761
Node_1974757_1930593_0 0.0105952 0.815743 0.529761
Node_1658616_760260_0 0.0105952 0.815743 0.529761
Node_1658616_172901_0 0.0105952 0.815743 0.529761
Node_1658616_2840947_0 0.0105952 0.815743 0.529761
Node_172901_2606640_0 0.0105952 0.815743 0.529761
Node_3120278_1936003_0 0.0105952 0.815743 0.529761
Node_3120278_380242_0 0.0105952 0.815743 0.529761
Node_3120278_1930276_0 0.0105952 0.815743 0.529761
Node_3120278_2528011_0 0.0105952 0.815743 0.529761
Node_3120278_406548_0 0.0105952 0.815743 0.529761
Node_1930276_980251_0 0.0105952 0.815743 0.529761
Node_380242_1127984_0 0.0105952 0.815743 0.529761
Node_380242_392547_0 0.0105952 0.815743 0.529761
Node_1936003_2528020_0 0.0105952 0.815743 0.529761
Node_1936003_1851148_0 0.0105952 0.815743 0.529761
Node_690879_2597822_0 0.0105952 0.815743 0.529761
Node_690879_1679444_0 0.0105952 0.815743 0.529761
Node_690879_2795386_0 0.0105952 0.815743 0.529761
Node_690879_1041766_0 0.0105952 0.815743 0.529761
Node_690879_497964_0 0.0105952 0.815743 0.529761
Node_2795386_2744239_0 0.0105952 0.815743 0.529761
Node_1679444_1324935_0 0.0105952 0.815743 0.529761
Node_1679444_454144_0 0.0105952 0.815743 0.529761
Node_1679444_1658618_0 0.0105952 0.815743 0.529761
Node_1679444_1655590_0 0.0105952 0.815743 0.529761
Node_1679444_2838431_0 0.0105952 0.815743 0.529761
Node_1658618_430797_0 0.0105952 0.815743 0.529761
Node_1658618_1123071_0 0.0105952 0.815743 0.529761
Node_454144_454153_0 0.0105952 0.815743 0.529761
Node_454144_2800421_0 0.0105952 0.815743 0.529761
Node_454144_595692_0 0.0105952 0.815743 0.529761
Node_454144_48467_0 0.0105952 0.815743 0.529761
Node_454144_2576071_0 0.0105952 0.815743 0.529761
Node_454144_2707525_0 0.0105952 0.815743 0.529761
Node_454144_748857_0 0.0105952 0.815743 0.529761
Node_454144_454148_0 0.0105952 0.815743 0.529761
Node_2800421_2748318_0 0.0105952 0.815743 0.529761
Node_454153_2728835_0 0.0105952 0.815743 0.529761
Node_454153_454151_0 0.0105952 0.815743 0.529761
Node_454153_1144680_0 0.0105952 0.815743 0.529761
Node_2597822_415222_0 0.0105952 0.815743 0.529761
Node_2597822_2840950_0 0.0105952 0.815743 0.529761
Node_2597822_2926320_0 0.0105952 0.815743 0.529761
Node_2597822_1184151_0 0.0105952 0.815743 0.529761
Node_2597822_2909285_0 0.0105952 0.815743 0.529761
Node_415222_1804625_0 0.0105952 0.815743 0.529761
Node_415222_2174842_0 0.0105952 0.815743 0.529761
Node_415222_2706888_0 0.0105952 0.815743 0.529761
Node_415222_388746_0 0.0105952 0.815743 0.529761
Node_1804625_3080537_0 0.0105952 0.815743 0.529761
Node_1804625_424488_0 0.0105952 0.815743 0.529761
Node_1312852_2818388_0 0.0105952 0.815743 0.529761
Node_1312852_1473598_0 0.0105952 0.815743 0.529761
Node_1312852_1855912_0 0.0105952 0.815743 0.529761
Node_1473598_2211140_0 0.0105952 0.815743 0.529761
Node_1473598_2741543_0 0.0105952 0.815743 0.529761
Node_1473598_234267_0 0.0105952 0.815743 0.529761
Node_2211140_204669_0 0.0105952 0.815743 0.529761
Node_2211140_1577686_0 0.0105952 0.815743 0.529761
Node_2211140_940139_0 0.0105952 0.815743 0.529761
Node_2211140_570835_0 0.0105952 0.815743 0.529761
Node_2211140_940613_0 0.0105952 0.815743 0.529761
Node_2211140_1002689_0 0.0105952 0.815743 0.529761
Node_2211140_2763107_0 0.0105952 0.815743 0.529761
Node_2211140_2043161_0 0.0105952 0.815743 0.529761
Node_2211140_863522_0 0.0105952 0.815743 0.529761
Node_2211140_768535_0 0.0105952 0.815743 0.529761
Node_2211140_2218256_0 0.0105952 0.815743 0.529761
Node_1002689_3036704_0 0.0105952 0.815743 0.529761
Node_940613_474949_0 0.0105952 0.815743 0.529761
Node_940613_474950_0 0.0105952 0.815743 0.529761
Node_940613_474952_0 0.0105952 0.815743 0.529761
Node_940613_741063_0 0.0105952 0.815743 0.529761
Node_940613_682795_0 0.0105952 0.815743 0.529761
Node_570835_1560005_0 0.0105952 0.815743 0.529761
Node_940139_1592106_0 0.0105952 0.815743 0.529761
Node_940139_401053_0 0.0105952 0.815743 0.529761
Node_1577686_1560006_0 0.0105952 0.815743 0.529761
Node_2818388_2954439_0 0.0105952 0.815743 0.529761
Node_2818388_442870_0 0.0105952 0.815743 0.529761
Node_2954439_2927979_0 0.0105952 0.815743 0.529761
Node_2954439_2954440_0 0.0105952 0.815743 0.529761
Node_2927979_2927980_0 0.0105952 0.815743 0.529761
Node_1963862_869212_0 0.0105952 0.815743 0.529761
Node_1963862_1321815_0 0.0105952 0.815743 0.529761
Node_1963862_2293840_0 0.0105952 0.815743 0.529761
Node_1963862_2840705_0 0.0105952 0.815743 0.529761
Node_1963862_150_0 0.0105952 0.815743 0.529761
Node_1963862_3119039_0 0.0105952 0.815743 0.529761
Node_1963862_2606638_0 0.0105952 0.815743 0.529761
Node_1963862_2840897_0 0.0105952 0.815743 0.529761
Node_1963862_252967_0 0.0105952 0.815743 0.529761
Node_1963862_2518645_0 0.0105952 0.815743 0.529761
Node_1963862_1307761_0 0.0105952 0.815743 0.529761
Node_1963862_573413_0 0.0105952 0.815743 0.529761
Node_2840897_2840899_0 0.0105952 0.815743 0.529761
Node_2840705_2840669_0 0.0105952 0.815743 0.529761
Node_2840705_2840840_0 0.0105952 0.815743 0.529761
Node_2293840_760011_0 0.0105952 0.815743 0.529761
Node_1321815_744872_0 0.0105952 0.815743 0.529761
Node_1321815_156_0 0.0105952 0.815743 0.529761
Node_1321815_162_0 0.0105952 0.815743 0.529761
Node_1321815_163_0 0.0105952 0.815743 0.529761
Node_1321815_2787628_0 0.0105952 0.815743 0.529761
Node_1321815_138851_0 0.0105952 0.815743 0.529761
Node_1321815_2838768_0 0.0105952 0.815743 0.529761
Node_1321815_744515_0 0.0105952 0.815743 0.529761
Node_1321815_545694_0 0.0105952 0.815743 0.529761
Node_706587_38815_0 0.0105952 0.815743 0.529761
Node_706587_1121393_0 0.0105952 0.815743 0.529761
Node_706587_485915_0 0.0105952 0.815743 0.529761
Node_706587_3060442_0 0.0105952 0.815743 0.529761
Node_706587_1121416_0 0.0105952 0.815743 0.529761
Node_706587_1429043_0 0.0105952 0.815743 0.529761
Node_706587_43775_0 0.0105952 0.815743 0.529761
Node_706587_1621989_0 0.0105952 0.815743 0.529761
Node_706587_1121391_0 0.0105952 0.815743 0.529761
Node_706587_880072_0 0.0105952 0.815743 0.529761
Node_43775_56780_0 0.0105952 0.815743 0.529761
Node_1429043_3058419_0 0.0105952 0.815743 0.529761
Node_1429043_644282_0 0.0105952 0.815743 0.529761
Node_1121416_2772557_0 0.0105952 0.815743 0.529761
Node_1121416_2740163_0 0.0105952 0.815743 0.529761
Node_1121416_91360_0 0.0105952 0.815743 0.529761
Node_1121416_177439_0 0.0105952 0.815743 0.529761
Node_2740163_1121409_0 0.0105952 0.815743 0.529761
Node_2772557_1909699_0 0.0105952 0.815743 0.529761
Node_2772557_1506996_0 0.0105952 0.815743 0.529761
Node_1909699_577650_0 0.0105952 0.815743 0.529761
Node_3060442_1795632_0 0.0105952 0.815743 0.529761
Node_3060442_1936021_0 0.0105952 0.815743 0.529761
Node_3060442_2047767_0 0.0105952 0.815743 0.529761
Node_1795632_501497_0 0.0105952 0.815743 0.529761
Node_1795632_667014_0 0.0105952 0.815743 0.529761
Node_485915_207559_0 0.0105952 0.815743 0.529761
Node_485915_52560_0 0.0105952 0.815743 0.529761
Node_485915_206665_0 0.0105952 0.815743 0.529761
Node_485915_1592317_0 0.0105952 0.815743 0.529761
Node_485915_617002_0 0.0105952 0.815743 0.529761
Node_485915_555779_0 0.0105952 0.815743 0.529761
Node_52560_888061_0 0.0105952 0.815743 0.529761
Node_207559_296842_0 0.0105952 0.815743 0.529761
Node_207559_246191_0 0.0105952 0.815743 0.529761
Node_207559_1903261_0 0.0105952 0.815743 0.529761
Node_207559_2838482_0 0.0105952 0.815743 0.529761
Node_207559_995050_0 0.0105952 0.815743 0.529761
Node_207559_2718620_0 0.0105952 0.815743 0.529761
Node_207559_270496_0 0.0105952 0.815743 0.529761
Node_207559_2678688_0 0.0105952 0.815743 0.529761
Node_207559_1560234_0 0.0105952 0.815743 0.529761
Node_207559_882_0 0.0105952 0.815743 0.529761
Node_207559_370038_0 0.0105952 0.815743 0.529761
Node_207559_147047_0 0.0105952 0.815743 0.529761
Node_207559_63561_0 0.0105952 0.815743 0.529761
Node_207559_363253_0 0.0105952 0.815743 0.529761
Node_207559_1121439_0 0.0105952 0.815743 0.529761
Node_207559_1121448_0 0.0105952 0.815743 0.529761
Node_207559_1121449_0 0.0105952 0.815743 0.529761
Node_207559_690850_0 0.0105952 0.815743 0.529761
Node_882_883_0 0.0105952 0.815743 0.529761
Node_1560234_126333_0 0.0105952 0.815743 0.529761
Node_2678688_1716143_0 0.0105952 0.815743 0.529761
Node_2678688_3126690_0 0.0105952 0.815743 0.529761
Node_2678688_1721087_0 0.0105952 0.815743 0.529761
Node_2678688_57320_0 0.0105952 0.815743 0.529761
Node_270496_2730080_0 0.0105952 0.815743 0.529761
Node_2718620_2696086_0 0.0105952 0.815743 0.529761
Node_2718620_44742_0 0.0105952 0.815743 0.529761
Node_2718620_241368_0 0.0105952 0.815743 0.529761
Node_2718620_571438_0 0.0105952 0.815743 0.529761
Node_2718620_2605782_0 0.0105952 0.815743 0.529761
Node_2718620_2838536_0 0.0105952 0.815743 0.529761
Node_2718620_1725232_0 0.0105952 0.815743 0.529761
Node_2718620_58621_0 0.0105952 0.815743 0.529761
Node_2718620_1121455_0 0.0105952 0.815743 0.529761
Node_995050_1121442_0 0.0105952 0.815743 0.529761
Node_2838482_563192_0 0.0105952 0.815743 0.529761
Node_1903261_2838658_0 0.0105952 0.815743 0.529761
Node_246191_526222_0 0.0105952 0.815743 0.529761
Node_296842_596151_0 0.0105952 0.815743 0.529761
Node_1121393_1121400_0 0.0105952 0.815743 0.529761
Node_1121393_947919_0 0.0105952 0.815743 0.529761
Node_1121393_45656_0 0.0105952 0.815743 0.529761
Node_1121393_2841695_0 0.0105952 0.815743 0.529761
Node_1121393_231438_0 0.0105952 0.815743 0.529761
Node_1121393_332175_0 0.0105952 0.815743 0.529761
Node_1121393_340467_0 0.0105952 0.815743 0.529761
Node_1121393_96561_0 0.0105952 0.815743 0.529761
Node_231438_419481_0 0.0105952 0.815743 0.529761
Node_2841695_2841697_0 0.0105952 0.815743 0.529761
Node_45656_1121405_0 0.0105952 0.815743 0.529761
Node_45656_45655_0 0.0105952 0.815743 0.529761
Node_45656_45657_0 0.0105952 0.815743 0.529761
Node_947919_2929485_0 0.0105952 0.815743 0.529761
Node_947919_571177_0 0.0105952 0.815743 0.529761
Node_947919_885957_0 0.0105952 0.815743 0.529761
Node_1121400_2292_0 0.0105952 0.815743 0.529761
Node_1121400_115781_0 0.0105952 0.815743 0.529761
Node_1121400_622671_0 0.0105952 0.815743 0.529761
Node_1121400_1246637_0 0.0105952 0.815743 0.529761
Node_1121400_90732_0 0.0105952 0.815743 0.529761
Node_1121400_177437_0 0.0105952 0.815743 0.529761
Node_115781_1286635_0 0.0105952 0.815743 0.529761
Node_2292_2291_0 0.0105952 0.815743 0.529761
Node_2292_879212_0 0.0105952 0.815743 0.529761
Node_38815_351604_0 0.0105952 0.815743 0.529761
Node_38815_37625_0 0.0105952 0.815743 0.529761
Node_38815_1969733_0 0.0105952 0.815743 0.529761
Node_38815_2802975_0 0.0105952 0.815743 0.529761
Node_1969733_213224_0 0.0105952 0.815743 0.529761
Node_37625_1122189_0 0.0105952 0.815743 0.529761
Node_351604_2562681_0 0.0105952 0.815743 0.529761
Node_351604_44671_0 0.0105952 0.815743 0.529761
Node_351604_60035_0 0.0105952 0.815743 0.529761
Node_2562681_2740185_0 0.0105952 0.815743 0.529761
Node_215803_2316726_0 0.0105952 0.815743 0.529761
Node_215803_1391654_0 0.0105952 0.815743 0.529761
Node_215803_502025_0 0.0105952 0.815743 0.529761
Node_215803_54_0 0.0105952 0.815743 0.529761
Node_215803_391625_0 0.0105952 0.815743 0.529761
Node_54_889268_0 0.0105952 0.815743 0.529761
Node_1391654_927083_0 0.0105952 0.815743 0.529761
Node_1391654_448385_0 0.0105952 0.815743 0.529761
Node_2316726_2741071_0 0.0105952 0.815743 0.529761
Node_2316726_83450_0 0.0105952 0.815743 0.529761
Node_2316726_1391653_0 0.0105952 0.815743 0.529761
Node_2316726_2590453_0 0.0105952 0.815743 0.529761
Node_2316726_1297742_0 0.0105952 0.815743 0.529761
Node_2316726_2316731_0 0.0105952 0.815743 0.529761
Node_2590453_246197_0 0.0105952 0.815743 0.529761
Node_83450_394096_0 0.0105952 0.815743 0.529761
Node_83450_1406225_0 0.0105952 0.815743 0.529761
Node_2741071_2741070_0 0.0105952 0.815743 0.529761
Node_2741071_2905690_0 0.0105952 0.815743 0.529761
Node_2093360_3032292_0 0.0105952 0.815743 0.529761
Node_2093360_1639882_0 0.0105952 0.815743 0.529761
Node_2093360_1643428_0 0.0105952 0.815743 0.529761
Node_2093360_1945871_0 0.0105952 0.815743 0.529761
Node_1639882_3062599_0 0.0105952 0.815743 0.529761
Node_1639882_3119007_0 0.0105952 0.815743 0.529761
Node_3062599_3056748_0 0.0105952 0.815743 0.529761
Node_3062599_1379270_0 0.0105952 0.815743 0.529761
Node_3062599_861299_0 0.0105952 0.815743 0.529761
Node_3062599_2014610_0 0.0105952 0.815743 0.529761
Node_1379270_2732249_0 0.0105952 0.815743 0.529761
Node_3032292_653929_0 0.0105952 0.815743 0.529761
Node_3032292_2952158_0 0.0105952 0.815743 0.529761
Node_3032292_1868324_0 0.0105952 0.815743 0.529761
Node_3032292_1196024_0 0.0105952 0.815743 0.529761
Node_3032292_1895771_0 0.0105952 0.815743 0.529761
Node_3032292_1191523_0 0.0105952 0.815743 0.529761
Node_1196024_1850348_0 0.0105952 0.815743 0.529761
Node_1196024_633813_0 0.0105952 0.815743 0.529761
Node_1196024_716817_0 0.0105952 0.815743 0.529761
Node_1196024_3075598_0 0.0105952 0.815743 0.529761
Node_1850348_1469170_0 0.0105952 0.815743 0.529761
Node_1868324_1098_0 0.0105952 0.815743 0.529761
Node_1868324_517418_0 0.0105952 0.815743 0.529761
Node_1098_377431_0 0.0105952 0.815743 0.529761
Node_2952158_1457365_0 0.0105952 0.815743 0.529761
Node_2952158_1736908_0 0.0105952 0.815743 0.529761
Node_2952158_2053187_0 0.0105952 0.815743 0.529761
Node_2952158_1302730_0 0.0105952 0.815743 0.529761
Node_1736908_1194090_0 0.0105952 0.815743 0.529761
Node_1457365_2812953_0 0.0105952 0.815743 0.529761
Node_653929_1307839_0 0.0105952 0.815743 0.529761
Node_653929_926562_0 0.0105952 0.815743 0.529761
Node_653929_313606_0 0.0105952 0.815743 0.529761
Node_653929_1099794_0 0.0105952 0.815743 0.529761
Node_653929_1310416_0 0.0105952 0.815743 0.529761
Node_653929_3111775_0 0.0105952 0.815743 0.529761
Node_653929_1358423_0 0.0105952 0.815743 0.529761
Node_653929_332977_0 0.0105952 0.815743 0.529761
Node_653929_1259464_0 0.0105952 0.815743 0.529761
Node_653929_652788_0 0.0105952 0.815743 0.529761
Node_653929_407022_0 0.0105952 0.815743 0.529761
Node_653929_990371_0 0.0105952 0.815743 0.529761
Node_653929_2695274_0 0.0105952 0.815743 0.529761
Node_653929_543615_0 0.0105952 0.815743 0.529761
Node_653929_496056_0 0.0105952 0.815743 0.529761
Node_653929_762903_0 0.0105952 0.815743 0.529761
Node_543615_2079460_0 0.0105952 0.815743 0.529761
Node_543615_929556_0 0.0105952 0.815743 0.529761
Node_2695274_2695275_0 0.0105952 0.815743 0.529761
Node_990371_572036_0 0.0105952 0.815743 0.529761
Node_407022_760123_0 0.0105952 0.815743 0.529761
Node_407022_1176537_0 0.0105952 0.815743 0.529761
Node_652788_398050_0 0.0105952 0.815743 0.529761
Node_652788_398053_0 0.0105952 0.815743 0.529761
Node_652788_692994_0 0.0105952 0.815743 0.529761
Node_652788_2793071_0 0.0105952 0.815743 0.529761
Node_652788_2728022_0 0.0105952 0.815743 0.529761
Node_652788_2695265_0 0.0105952 0.815743 0.529761
Node_652788_2597670_0 0.0105952 0.815743 0.529761
Node_652788_2303333_0 0.0105952 0.815743 0.529761
Node_652788_862126_0 0.0105952 0.815743 0.529761
Node_652788_1550579_0 0.0105952 0.815743 0.529761
Node_652788_2599294_0 0.0105952 0.815743 0.529761
Node_652788_2599295_0 0.0105952 0.815743 0.529761
Node_652788_2305508_0 0.0105952 0.815743 0.529761
Node_652788_2305909_0 0.0105952 0.815743 0.529761
Node_652788_2732510_0 0.0105952 0.815743 0.529761
Node_652788_538021_0 0.0105952 0.815743 0.529761
Node_652788_1391627_0 0.0105952 0.815743 0.529761
Node_652788_1457233_0 0.0105952 0.815743 0.529761
Node_652788_1196019_0 0.0105952 0.815743 0.529761
Node_652788_2932774_0 0.0105952 0.815743 0.529761
Node_652788_2967225_0 0.0105952 0.815743 0.529761
Node_652788_2740462_0 0.0105952 0.815743 0.529761
Node_652788_1234841_0 0.0105952 0.815743 0.529761
Node_652788_1302236_0 0.0105952 0.815743 0.529761
Node_652788_1302352_0 0.0105952 0.815743 0.529761
Node_652788_1173583_0 0.0105952 0.815743 0.529761
Node_652788_354630_0 0.0105952 0.815743 0.529761
Node_652788_551996_0 0.0105952 0.815743 0.529761
Node_652788_2682091_0 0.0105952 0.815743 0.529761
Node_652788_2027860_0 0.0105952 0.815743 0.529761
Node_652788_1176721_0 0.0105952 0.815743 0.529761
Node_652788_423350_0 0.0105952 0.815743 0.529761
Node_652788_652787_0 0.0105952 0.815743 0.529761
Node_652788_714943_0 0.0105952 0.815743 0.529761
Node_1259464_699437_0 0.0105952 0.815743 0.529761
Node_1259464_1150600_0 0.0105952 0.815743 0.529761
Node_332977_623280_0 0.0105952 0.815743 0.529761
Node_332977_623281_0 0.0105952 0.815743 0.529761
Node_332977_1477437_0 0.0105952 0.815743 0.529761
Node_332977_2045106_0 0.0105952 0.815743 0.529761
Node_1358423_1737356_0 0.0105952 0.815743 0.529761
Node_1358423_3113905_0 0.0105952 0.815743 0.529761
Node_1358423_3113906_0 0.0105952 0.815743 0.529761
Node_1358423_1476464_0 0.0105952 0.815743 0.529761
Node_1358423_363849_0 0.0105952 0.815743 0.529761
Node_1358423_363852_0 0.0105952 0.815743 0.529761
Node_1358423_430522_0 0.0105952 0.815743 0.529761
Node_1358423_2530453_0 0.0105952 0.815743 0.529761
Node_1358423_2530454_0 0.0105952 0.815743 0.529761
Node_1358423_2530456_0 0.0105952 0.815743 0.529761
Node_1358423_2563444_0 0.0105952 0.815743 0.529761
Node_1358423_2203212_0 0.0105952 0.815743 0.529761
Node_1358423_3121371_0 0.0105952 0.815743 0.529761
Node_1358423_2766984_0 0.0105952 0.815743 0.529761
Node_1358423_2571272_0 0.0105952 0.815743 0.529761
Node_1358423_2571273_0 0.0105952 0.815743 0.529761
Node_1358423_475255_0 0.0105952 0.815743 0.529761
Node_1358423_2605747_0 0.0105952 0.815743 0.529761
Node_1358423_1590643_0 0.0105952 0.815743 0.529761
Node_1358423_151894_0 0.0105952 0.815743 0.529761
Node_1358423_414048_0 0.0105952 0.815743 0.529761
Node_1358423_1069985_0 0.0105952 0.815743 0.529761
Node_1358423_3004097_0 0.0105952 0.815743 0.529761
Node_1358423_188932_0 0.0105952 0.815743 0.529761
Node_1358423_2679964_0 0.0105952 0.815743 0.529761
Node_1358423_288992_0 0.0105952 0.815743 0.529761
Node_1358423_1241337_0 0.0105952 0.815743 0.529761
Node_1358423_2126353_0 0.0105952 0.815743 0.529761
Node_1358423_1503925_0 0.0105952 0.815743 0.529761
Node_1358423_390241_0 0.0105952 0.815743 0.529761
Node_1358423_2259170_0 0.0105952 0.815743 0.529761
Node_1358423_425511_0 0.0105952 0.815743 0.529761
Node_1358423_425512_0 0.0105952 0.815743 0.529761
Node_1358423_425513_0 0.0105952 0.815743 0.529761
Node_1358423_425514_0 0.0105952 0.815743 0.529761
Node_1358423_687842_0 0.0105952 0.815743 0.529761
Node_1358423_485917_0 0.0105952 0.815743 0.529761
Node_3111775_259_0 0.0105952 0.815743 0.529761
Node_3111775_1476465_0 0.0105952 0.815743 0.529761
Node_3111775_561061_0 0.0105952 0.815743 0.529761
Node_3111775_1742264_0 0.0105952 0.815743 0.529761
Node_3111775_1874115_0 0.0105952 0.815743 0.529761
Node_3111775_1513896_0 0.0105952 0.815743 0.529761
Node_3111775_1776859_0 0.0105952 0.815743 0.529761
Node_3111775_662858_0 0.0105952 0.815743 0.529761
Node_3111775_2171749_0 0.0105952 0.815743 0.529761
Node_3111775_3025669_0 0.0105952 0.815743 0.529761
Node_3111775_1686402_0 0.0105952 0.815743 0.529761
Node_3111775_2838759_0 0.0105952 0.815743 0.529761
Node_3111775_415956_0 0.0105952 0.815743 0.529761
Node_3111775_1796905_0 0.0105952 0.815743 0.529761
Node_3111775_683125_0 0.0105952 0.815743 0.529761
Node_3111775_1437280_0 0.0105952 0.815743 0.529761
Node_3111775_28454_0 0.0105952 0.815743 0.529761
Node_3111775_1145106_0 0.0105952 0.815743 0.529761
Node_3111775_1346330_0 0.0105952 0.815743 0.529761
Node_1310416_2508721_0 0.0105952 0.815743 0.529761
Node_1310416_393003_0 0.0105952 0.815743 0.529761
Node_1310416_550983_0 0.0105952 0.815743 0.529761
Node_1310416_1176587_0 0.0105952 0.815743 0.529761
Node_1310416_1978412_0 0.0105952 0.815743 0.529761
Node_1310416_1834163_0 0.0105952 0.815743 0.529761
Node_1310416_661481_0 0.0105952 0.815743 0.529761
Node_1310416_2793269_0 0.0105952 0.815743 0.529761
Node_1310416_2341117_0 0.0105952 0.815743 0.529761
Node_1310416_2608001_0 0.0105952 0.815743 0.529761
Node_1310416_1035890_0 0.0105952 0.815743 0.529761
Node_1310416_577386_0 0.0105952 0.815743 0.529761
Node_1310416_2294116_0 0.0105952 0.815743 0.529761
Node_1310416_2982496_0 0.0105952 0.815743 0.529761
Node_1310416_2851599_0 0.0105952 0.815743 0.529761
Node_1310416_3049108_0 0.0105952 0.815743 0.529761
Node_1310416_2656915_0 0.0105952 0.815743 0.529761
Node_1310416_1084520_0 0.0105952 0.815743 0.529761
Node_1310416_3121375_0 0.0105952 0.815743 0.529761
Node_1310416_2077091_0 0.0105952 0.815743 0.529761
Node_1310416_670293_0 0.0105952 0.815743 0.529761
Node_1310416_1393122_0 0.0105952 0.815743 0.529761
Node_1310416_2508719_0 0.0105952 0.815743 0.529761
Node_1310416_2607284_0 0.0105952 0.815743 0.529761
Node_1310416_2575867_0 0.0105952 0.815743 0.529761
Node_1310416_1004304_0 0.0105952 0.815743 0.529761
Node_1310416_1856322_0 0.0105952 0.815743 0.529761
Node_1310416_2315862_0 0.0105952 0.815743 0.529761
Node_1310416_2545455_0 0.0105952 0.815743 0.529761
Node_1310416_2676868_0 0.0105952 0.815743 0.529761
Node_1310416_1792502_0 0.0105952 0.815743 0.529761
Node_1310416_1235997_0 0.0105952 0.815743 0.529761
Node_1310416_1465490_0 0.0105952 0.815743 0.529761
Node_1310416_1007089_0 0.0105952 0.815743 0.529761
Node_1310416_908966_0 0.0105952 0.815743 0.529761
Node_1310416_1302690_0 0.0105952 0.815743 0.529761
Node_1310416_2291815_0 0.0105952 0.815743 0.529761
Node_1310416_1539049_0 0.0105952 0.815743 0.529761
Node_1310416_3014562_0 0.0105952 0.815743 0.529761
Node_577386_522298_0 0.0105952 0.815743 0.529761
Node_1035890_2908004_0 0.0105952 0.815743 0.529761
Node_2608001_1434707_0 0.0105952 0.815743 0.529761
Node_2341117_551991_0 0.0105952 0.815743 0.529761
Node_2793269_1813871_0 0.0105952 0.815743 0.529761
Node_661481_1492898_0 0.0105952 0.815743 0.529761
Node_1834163_1349421_0 0.0105952 0.815743 0.529761
Node_1834163_1220578_0 0.0105952 0.815743 0.529761
Node_1978412_1086393_0 0.0105952 0.815743 0.529761
Node_1978412_413434_0 0.0105952 0.815743 0.529761
Node_1176587_3117701_0 0.0105952 0.815743 0.529761
Node_1176587_1285928_0 0.0105952 0.815743 0.529761
Node_1176587_929713_0 0.0105952 0.815743 0.529761
Node_550983_2821487_0 0.0105952 0.815743 0.529761
Node_550983_354355_0 0.0105952 0.815743 0.529761
Node_550983_1703345_0 0.0105952 0.815743 0.529761
Node_393003_1004_0 0.0105952 0.815743 0.529761
Node_393003_331697_0 0.0105952 0.815743 0.529761
Node_393003_104662_0 0.0105952 0.815743 0.529761
Node_393003_104663_0 0.0105952 0.815743 0.529761
Node_393003_2267521_0 0.0105952 0.815743 0.529761
Node_393003_2991709_0 0.0105952 0.815743 0.529761
Node_393003_634771_0 0.0105952 0.815743 0.529761
Node_393003_408074_0 0.0105952 0.815743 0.529761
Node_393003_1293035_0 0.0105952 0.815743 0.529761
Node_393003_573321_0 0.0105952 0.815743 0.529761
Node_393003_2703787_0 0.0105952 0.815743 0.529761
Node_393003_3163343_0 0.0105952 0.815743 0.529761
Node_393003_3133966_0 0.0105952 0.815743 0.529761
Node_393003_1233460_0 0.0105952 0.815743 0.529761
Node_393003_2282649_0 0.0105952 0.815743 0.529761
Node_393003_1335309_0 0.0105952 0.815743 0.529761
Node_393003_2683588_0 0.0105952 0.815743 0.529761
Node_393003_29529_0 0.0105952 0.815743 0.529761
Node_393003_2291814_0 0.0105952 0.815743 0.529761
Node_393003_2029983_0 0.0105952 0.815743 0.529761
Node_393003_1539050_0 0.0105952 0.815743 0.529761
Node_393003_485918_0 0.0105952 0.815743 0.529761
Node_2508721_1737353_0 0.0105952 0.815743 0.529761
Node_2508721_477680_0 0.0105952 0.815743 0.529761
Node_1099794_2864201_0 0.0105952 0.815743 0.529761
Node_1099794_442734_0 0.0105952 0.815743 0.529761
Node_1099794_1524460_0 0.0105952 0.815743 0.529761
Node_1099794_760192_0 0.0105952 0.815743 0.529761
Node_1524460_1564516_0 0.0105952 0.815743 0.529761
Node_442734_1122177_0 0.0105952 0.815743 0.529761
Node_442734_1517758_0 0.0105952 0.815743 0.529761
Node_442734_438751_0 0.0105952 0.815743 0.529761
Node_442734_2602767_0 0.0105952 0.815743 0.529761
Node_442734_478744_0 0.0105952 0.815743 0.529761
Node_2864201_2981993_0 0.0105952 0.815743 0.529761
Node_2864201_2982028_0 0.0105952 0.815743 0.529761
Node_2864201_984262_0 0.0105952 0.815743 0.529761
Node_2864201_1227546_0 0.0105952 0.815743 0.529761
Node_984262_694433_0 0.0105952 0.815743 0.529761
Node_313606_651662_0 0.0105952 0.815743 0.529761
Node_313606_3048010_0 0.0105952 0.815743 0.529761
Node_313606_2801331_0 0.0105952 0.815743 0.529761
Node_313606_981_0 0.0105952 0.815743 0.529761
Node_313606_2614655_0 0.0105952 0.815743 0.529761
Node_313606_2051041_0 0.0105952 0.815743 0.529761
Node_313606_1862386_0 0.0105952 0.815743 0.529761
Node_313606_1605367_0 0.0105952 0.815743 0.529761
Node_313606_861051_0 0.0105952 0.815743 0.529761
Node_313606_3051825_0 0.0105952 0.815743 0.529761
Node_313606_379075_0 0.0105952 0.815743 0.529761
Node_313606_1389218_0 0.0105952 0.815743 0.529761
Node_313606_2867963_0 0.0105952 0.815743 0.529761
Node_313606_247481_0 0.0105952 0.815743 0.529761
Node_313606_2782350_0 0.0105952 0.815743 0.529761
Node_313606_1548457_0 0.0105952 0.815743 0.529761
Node_313606_1267423_0 0.0105952 0.815743 0.529761
Node_313606_1003_0 0.0105952 0.815743 0.529761
Node_313606_3058365_0 0.0105952 0.815743 0.529761
Node_313606_2016530_0 0.0105952 0.815743 0.529761
Node_313606_2715131_0 0.0105952 0.815743 0.529761
Node_313606_28195_0 0.0105952 0.815743 0.529761
Node_313606_1279009_0 0.0105952 0.815743 0.529761
Node_313606_927664_0 0.0105952 0.815743 0.529761
Node_313606_880071_0 0.0105952 0.815743 0.529761
Node_1267423_296218_0 0.0105952 0.815743 0.529761
Node_1267423_333140_0 0.0105952 0.815743 0.529761
Node_1267423_1758176_0 0.0105952 0.815743 0.529761
Node_1267423_1566026_0 0.0105952 0.815743 0.529761
Node_1548457_1028_0 0.0105952 0.815743 0.529761
Node_1548457_1046115_0 0.0105952 0.815743 0.529761
Node_2782350_2782349_0 0.0105952 0.815743 0.529761
Node_2782350_2782352_0 0.0105952 0.815743 0.529761
Node_247481_452471_0 0.0105952 0.815743 0.529761
Node_2867963_1075417_0 0.0105952 0.815743 0.529761
Node_1389218_237019_0 0.0105952 0.815743 0.529761
Node_1389218_1500549_0 0.0105952 0.815743 0.529761
Node_379075_2494373_0 0.0105952 0.815743 0.529761
Node_379075_2729599_0 0.0105952 0.815743 0.529761
Node_379075_1324217_0 0.0105952 0.815743 0.529761
Node_379075_1162670_0 0.0105952 0.815743 0.529761
Node_379075_413964_0 0.0105952 0.815743 0.529761
Node_2494373_2726742_0 0.0105952 0.815743 0.529761
Node_2494373_367791_0 0.0105952 0.815743 0.529761
Node_2494373_915059_0 0.0105952 0.815743 0.529761
Node_2494373_694437_0 0.0105952 0.815743 0.529761
Node_3051825_3051826_0 0.0105952 0.815743 0.529761
Node_861051_2979869_0 0.0105952 0.815743 0.529761
Node_861051_447679_0 0.0105952 0.815743 0.529761
Node_2979869_692418_0 0.0105952 0.815743 0.529761
Node_2979869_156994_0 0.0105952 0.815743 0.529761
Node_2979869_2979464_0 0.0105952 0.815743 0.529761
Node_2979869_2980104_0 0.0105952 0.815743 0.529761
Node_1605367_1537369_0 0.0105952 0.815743 0.529761
Node_1605367_1028214_0 0.0105952 0.815743 0.529761
Node_1605367_1784714_0 0.0105952 0.815743 0.529761
Node_1605367_649349_0 0.0105952 0.815743 0.529761
Node_1028214_869394_0 0.0105952 0.815743 0.529761
Node_1537369_2492393_0 0.0105952 0.815743 0.529761
Node_1537369_929562_0 0.0105952 0.815743 0.529761
Node_1862386_502909_0 0.0105952 0.815743 0.529761
Node_1862386_3096516_0 0.0105952 0.815743 0.529761
Node_1862386_502259_0 0.0105952 0.815743 0.529761
Node_1862386_1079859_0 0.0105952 0.815743 0.529761
Node_3096516_3024868_0 0.0105952 0.815743 0.529761
Node_3096516_2516557_0 0.0105952 0.815743 0.529761
Node_502909_591202_0 0.0105952 0.815743 0.529761
Node_502909_797020_0 0.0105952 0.815743 0.529761
Node_502909_217141_0 0.0105952 0.815743 0.529761
Node_2051041_651661_0 0.0105952 0.815743 0.529761
Node_2051041_2259595_0 0.0105952 0.815743 0.529761
Node_2051041_2817059_0 0.0105952 0.815743 0.529761
Node_2051041_2070510_0 0.0105952 0.815743 0.529761
Node_2051041_402147_0 0.0105952 0.815743 0.529761
Node_2051041_2305895_0 0.0105952 0.815743 0.529761
Node_2051041_1750698_0 0.0105952 0.815743 0.529761
Node_2051041_643671_0 0.0105952 0.815743 0.529761
Node_2817059_2817061_0 0.0105952 0.815743 0.529761
Node_2259595_370973_0 0.0105952 0.815743 0.529761
Node_2259595_761193_0 0.0105952 0.815743 0.529761
Node_651661_1082580_0 0.0105952 0.815743 0.529761
Node_651661_659014_0 0.0105952 0.815743 0.529761
Node_651661_2822344_0 0.0105952 0.815743 0.529761
Node_651661_408657_0 0.0105952 0.815743 0.529761
Node_651661_1591085_0 0.0105952 0.815743 0.529761
Node_651661_2576211_0 0.0105952 0.815743 0.529761
Node_651661_2906456_0 0.0105952 0.815743 0.529761
Node_651661_2259619_0 0.0105952 0.815743 0.529761
Node_2614655_1469603_0 0.0105952 0.815743 0.529761
Node_2614655_563176_0 0.0105952 0.815743 0.529761
Node_2614655_1655419_0 0.0105952 0.815743 0.529761
Node_2614655_153721_0 0.0105952 0.815743 0.529761
Node_2614655_269798_0 0.0105952 0.815743 0.529761
Node_563176_2094562_0 0.0105952 0.815743 0.529761
Node_1469603_1770529_0 0.0105952 0.815743 0.529761
Node_1469603_1968276_0 0.0105952 0.815743 0.529761
Node_1469603_1379870_0 0.0105952 0.815743 0.529761
Node_1469603_2692134_0 0.0105952 0.815743 0.529761
Node_1469603_662367_0 0.0105952 0.815743 0.529761
Node_1469603_2502893_0 0.0105952 0.815743 0.529761
Node_1469603_2771354_0 0.0105952 0.815743 0.529761
Node_1469603_2771355_0 0.0105952 0.815743 0.529761
Node_1469603_2183553_0 0.0105952 0.815743 0.529761
Node_1469603_2937440_0 0.0105952 0.815743 0.529761
Node_1469603_1987381_0 0.0105952 0.815743 0.529761
Node_1469603_1178516_0 0.0105952 0.815743 0.529761
Node_981_866807_0 0.0105952 0.815743 0.529761
Node_2801331_688867_0 0.0105952 0.815743 0.529761
Node_2801331_2879465_0 0.0105952 0.815743 0.529761
Node_2801331_2059302_0 0.0105952 0.815743 0.529761
Node_2801331_947013_0 0.0105952 0.815743 0.529761
Node_2879465_396812_0 0.0105952 0.815743 0.529761
Node_2879465_2494733_0 0.0105952 0.815743 0.529761
Node_2879465_2803949_0 0.0105952 0.815743 0.529761
Node_2879465_2810512_0 0.0105952 0.815743 0.529761
Node_2879465_1237149_0 0.0105952 0.815743 0.529761
Node_688867_688913_0 0.0105952 0.815743 0.529761
Node_3048010_2704465_0 0.0105952 0.815743 0.529761
Node_3048010_3048013_0 0.0105952 0.815743 0.529761
Node_651662_2704466_0 0.0105952 0.815743 0.529761
Node_651662_1379910_0 0.0105952 0.815743 0.529761
Node_651662_2072846_0 0.0105952 0.815743 0.529761
Node_651662_2594794_0 0.0105952 0.815743 0.529761
Node_651662_3063996_0 0.0105952 0.815743 0.529761
Node_651662_2606448_0 0.0105952 0.815743 0.529761
Node_651662_2682976_0 0.0105952 0.815743 0.529761
Node_651662_645990_0 0.0105952 0.815743 0.529761
Node_1379910_1567108_0 0.0105952 0.815743 0.529761
Node_2704466_1179743_0 0.0105952 0.815743 0.529761
Node_2704466_1610492_0 0.0105952 0.815743 0.529761
Node_2704466_2993940_0 0.0105952 0.815743 0.529761
Node_2704466_1719035_0 0.0105952 0.815743 0.529761
Node_2704466_2080288_0 0.0105952 0.815743 0.529761
Node_2704466_1436961_0 0.0105952 0.815743 0.529761
Node_926562_216432_0 0.0105952 0.815743 0.529761
Node_926562_684065_0 0.0105952 0.815743 0.529761
Node_926562_477690_0 0.0105952 0.815743 0.529761
Node_926562_101383_0 0.0105952 0.815743 0.529761
Node_926562_2173829_0 0.0105952 0.815743 0.529761
Node_926562_1577780_0 0.0105952 0.815743 0.529761
Node_926562_1803916_0 0.0105952 0.815743 0.529761
Node_926562_2829795_0 0.0105952 0.815743 0.529761
Node_926562_1294296_0 0.0105952 0.815743 0.529761
Node_926562_2840863_0 0.0105952 0.815743 0.529761
Node_926562_1926625_0 0.0105952 0.815743 0.529761
Node_926562_1457030_0 0.0105952 0.815743 0.529761
Node_1577780_911197_0 0.0105952 0.815743 0.529761
Node_2173829_884107_0 0.0105952 0.815743 0.529761
Node_101383_2692424_0 0.0105952 0.815743 0.529761
Node_477690_200475_0 0.0105952 0.815743 0.529761
Node_477690_2597671_0 0.0105952 0.815743 0.529761
Node_477690_2766479_0 0.0105952 0.815743 0.529761
Node_477690_574963_0 0.0105952 0.815743 0.529761
Node_477690_2219161_0 0.0105952 0.815743 0.529761
Node_200475_1737063_0 0.0105952 0.815743 0.529761
Node_200475_2058658_0 0.0105952 0.815743 0.529761
Node_684065_493375_0 0.0105952 0.815743 0.529761
Node_684065_2497989_0 0.0105952 0.815743 0.529761
Node_684065_237258_0 0.0105952 0.815743 0.529761
Node_684065_1586267_0 0.0105952 0.815743 0.529761
Node_684065_1434700_0 0.0105952 0.815743 0.529761
Node_684065_2681556_0 0.0105952 0.815743 0.529761
Node_684065_2758037_0 0.0105952 0.815743 0.529761
Node_684065_2961959_0 0.0105952 0.815743 0.529761
Node_684065_1585976_0 0.0105952 0.815743 0.529761
Node_684065_2735899_0 0.0105952 0.815743 0.529761
Node_684065_343874_0 0.0105952 0.815743 0.529761
Node_684065_1434701_0 0.0105952 0.815743 0.529761
Node_684065_865938_0 0.0105952 0.815743 0.529761
Node_2681556_1338011_0 0.0105952 0.815743 0.529761
Node_1434700_1628251_0 0.0105952 0.815743 0.529761
Node_1434700_2745851_0 0.0105952 0.815743 0.529761
Node_1586267_2509004_0 0.0105952 0.815743 0.529761
Node_237258_517423_0 0.0105952 0.815743 0.529761
Node_2497989_867902_0 0.0105952 0.815743 0.529761
Node_493375_1636086_0 0.0105952 0.815743 0.529761
Node_493375_358687_0 0.0105952 0.815743 0.529761
Node_493375_631455_0 0.0105952 0.815743 0.529761
Node_493375_619805_0 0.0105952 0.815743 0.529761
Node_631455_2989820_0 0.0105952 0.815743 0.529761
Node_631455_1450526_0 0.0105952 0.815743 0.529761
Node_358687_216903_0 0.0105952 0.815743 0.529761
Node_358687_421072_0 0.0105952 0.815743 0.529761
Node_358687_1121284_0 0.0105952 0.815743 0.529761
Node_1636086_253_0 0.0105952 0.815743 0.529761
Node_1636086_558152_0 0.0105952 0.815743 0.529761
Node_1636086_2754694_0 0.0105952 0.815743 0.529761
Node_1636086_395933_0 0.0105952 0.815743 0.529761
Node_1636086_363331_0 0.0105952 0.815743 0.529761
Node_1636086_1807141_0 0.0105952 0.815743 0.529761
Node_1636086_2987481_0 0.0105952 0.815743 0.529761
Node_1636086_1414727_0 0.0105952 0.815743 0.529761
Node_1636086_333702_0 0.0105952 0.815743 0.529761
Node_1636086_1416776_0 0.0105952 0.815743 0.529761
Node_1636086_536441_0 0.0105952 0.815743 0.529761
Node_1636086_373672_0 0.0105952 0.815743 0.529761
Node_1636086_2929799_0 0.0105952 0.815743 0.529761
Node_1636086_1324352_0 0.0105952 0.815743 0.529761
Node_1636086_1423959_0 0.0105952 0.815743 0.529761
Node_1636086_2801334_0 0.0105952 0.815743 0.529761
Node_1636086_2771435_0 0.0105952 0.815743 0.529761
Node_1636086_1854762_0 0.0105952 0.815743 0.529761
Node_1636086_445960_0 0.0105952 0.815743 0.529761
Node_1636086_1265445_0 0.0105952 0.815743 0.529761
Node_1636086_2675057_0 0.0105952 0.815743 0.529761
Node_1636086_415851_0 0.0105952 0.815743 0.529761
Node_1636086_680127_0 0.0105952 0.815743 0.529761
Node_1636086_2058346_0 0.0105952 0.815743 0.529761
Node_1636086_551459_0 0.0105952 0.815743 0.529761
Node_1636086_192389_0 0.0105952 0.815743 0.529761
Node_1636086_160396_0 0.0105952 0.815743 0.529761
Node_1636086_1304281_0 0.0105952 0.815743 0.529761
Node_216432_1628250_0 0.0105952 0.815743 0.529761
Node_216432_1333662_0 0.0105952 0.815743 0.529761
Node_216432_688270_0 0.0105952 0.815743 0.529761
Node_216432_703342_0 0.0105952 0.815743 0.529761
Node_216432_283786_0 0.0105952 0.815743 0.529761
Node_216432_915352_0 0.0105952 0.815743 0.529761
Node_216432_1341154_0 0.0105952 0.815743 0.529761
Node_216432_28189_0 0.0105952 0.815743 0.529761
Node_216432_2489054_0 0.0105952 0.815743 0.529761
Node_216432_323412_0 0.0105952 0.815743 0.529761
Node_216432_1574308_0 0.0105952 0.815743 0.529761
Node_216432_1849968_0 0.0105952 0.815743 0.529761
Node_216432_1159016_0 0.0105952 0.815743 0.529761
Node_216432_264023_0 0.0105952 0.815743 0.529761
Node_216432_2721623_0 0.0105952 0.815743 0.529761
Node_216432_262005_0 0.0105952 0.815743 0.529761
Node_216432_680283_0 0.0105952 0.815743 0.529761
Node_216432_1084421_0 0.0105952 0.815743 0.529761
Node_216432_321268_0 0.0105952 0.815743 0.529761
Node_216432_228958_0 0.0105952 0.815743 0.529761
Node_216432_1397112_0 0.0105952 0.815743 0.529761
Node_216432_912802_0 0.0105952 0.815743 0.529761
Node_216432_3056915_0 0.0105952 0.815743 0.529761
Node_216432_2069432_0 0.0105952 0.815743 0.529761
Node_216432_2594004_0 0.0105952 0.815743 0.529761
Node_216432_1655491_0 0.0105952 0.815743 0.529761
Node_216432_3075596_0 0.0105952 0.815743 0.529761
Node_216432_1218801_0 0.0105952 0.815743 0.529761
Node_216432_2496866_0 0.0105952 0.815743 0.529761
Node_216432_1435349_0 0.0105952 0.815743 0.529761
Node_216432_3112164_0 0.0105952 0.815743 0.529761
Node_216432_3153519_0 0.0105952 0.815743 0.529761
Node_216432_1073325_0 0.0105952 0.815743 0.529761
Node_216432_270921_0 0.0105952 0.815743 0.529761
Node_216432_2714865_0 0.0105952 0.815743 0.529761
Node_216432_2761487_0 0.0105952 0.815743 0.529761
Node_216432_1647581_0 0.0105952 0.815743 0.529761
Node_216432_1627892_0 0.0105952 0.815743 0.529761
Node_216432_143224_0 0.0105952 0.815743 0.529761
Node_216432_1028745_0 0.0105952 0.815743 0.529761
Node_216432_504487_0 0.0105952 0.815743 0.529761
Node_216432_2126553_0 0.0105952 0.815743 0.529761
Node_216432_1719034_0 0.0105952 0.815743 0.529761
Node_216432_1850246_0 0.0105952 0.815743 0.529761
Node_216432_221126_0 0.0105952 0.815743 0.529761
Node_216432_641691_0 0.0105952 0.815743 0.529761
Node_216432_679664_0 0.0105952 0.815743 0.529761
Node_216432_2058175_0 0.0105952 0.815743 0.529761
Node_216432_3075591_0 0.0105952 0.815743 0.529761
Node_216432_754435_0 0.0105952 0.815743 0.529761
Node_216432_1052145_0 0.0105952 0.815743 0.529761
Node_216432_1445657_0 0.0105952 0.815743 0.529761
Node_216432_2857106_0 0.0105952 0.815743 0.529761
Node_216432_1481457_0 0.0105952 0.815743 0.529761
Node_216432_2202721_0 0.0105952 0.815743 0.529761
Node_216432_2696054_0 0.0105952 0.815743 0.529761
Node_216432_1909700_0 0.0105952 0.815743 0.529761
Node_216432_1123758_0 0.0105952 0.815743 0.529761
Node_216432_1812012_0 0.0105952 0.815743 0.529761
Node_216432_2008672_0 0.0105952 0.815743 0.529761
Node_216432_2697053_0 0.0105952 0.815743 0.529761
Node_216432_2926907_0 0.0105952 0.815743 0.529761
Node_216432_1912246_0 0.0105952 0.815743 0.529761
Node_216432_2567861_0 0.0105952 0.815743 0.529761
Node_216432_2993939_0 0.0105952 0.815743 0.529761
Node_216432_1224947_0 0.0105952 0.815743 0.529761
Node_216432_1323432_0 0.0105952 0.815743 0.529761
Node_216432_930804_0 0.0105952 0.815743 0.529761
Node_216432_472055_0 0.0105952 0.815743 0.529761
Node_216432_2798802_0 0.0105952 0.815743 0.529761
Node_216432_1227945_0 0.0105952 0.815743 0.529761
Node_216432_1883405_0 0.0105952 0.815743 0.529761
Node_216432_343403_0 0.0105952 0.815743 0.529761
Node_216432_2507538_0 0.0105952 0.815743 0.529761
Node_216432_1197477_0 0.0105952 0.815743 0.529761
Node_216432_1526573_0 0.0105952 0.815743 0.529761
Node_216432_1790137_0 0.0105952 0.815743 0.529761
Node_216432_1266046_0 0.0105952 0.815743 0.529761
Node_216432_2576776_0 0.0105952 0.815743 0.529761
Node_216432_414288_0 0.0105952 0.815743 0.529761
Node_216432_578463_0 0.0105952 0.815743 0.529761
Node_216432_1268269_0 0.0105952 0.815743 0.529761
Node_216432_1334022_0 0.0105952 0.815743 0.529761
Node_216432_2874477_0 0.0105952 0.815743 0.529761
Node_216432_679257_0 0.0105952 0.815743 0.529761
Node_216432_2744027_0 0.0105952 0.815743 0.529761
Node_216432_288019_0 0.0105952 0.815743 0.529761
Node_216432_943941_0 0.0105952 0.815743 0.529761
Node_216432_1173618_0 0.0105952 0.815743 0.529761
Node_216432_649333_0 0.0105952 0.815743 0.529761
Node_216432_1763537_0 0.0105952 0.815743 0.529761
Node_216432_1862138_0 0.0105952 0.815743 0.529761
Node_216432_387659_0 0.0105952 0.815743 0.529761
Node_216432_2419782_0 0.0105952 0.815743 0.529761
Node_216432_1502358_0 0.0105952 0.815743 0.529761
Node_216432_2583814_0 0.0105952 0.815743 0.529761
Node_216432_3075607_0 0.0105952 0.815743 0.529761
Node_216432_291179_0 0.0105952 0.815743 0.529761
Node_216432_192904_0 0.0105952 0.815743 0.529761
Node_216432_3076534_0 0.0105952 0.815743 0.529761
Node_216432_2094025_0 0.0105952 0.815743 0.529761
Node_216432_2487930_0 0.0105952 0.815743 0.529761
Node_216432_227084_0 0.0105952 0.815743 0.529761
Node_216432_1144750_0 0.0105952 0.815743 0.529761
Node_216432_555500_0 0.0105952 0.815743 0.529761
Node_216432_392009_0 0.0105952 0.815743 0.529761
Node_216432_1703343_0 0.0105952 0.815743 0.529761
Node_216432_523696_0 0.0105952 0.815743 0.529761
Node_216432_3079858_0 0.0105952 0.815743 0.529761
Node_216432_393006_0 0.0105952 0.815743 0.529761
Node_216432_1736674_0 0.0105952 0.815743 0.529761
Node_216432_2562285_0 0.0105952 0.815743 0.529761
Node_216432_1454006_0 0.0105952 0.815743 0.529761
Node_216432_946077_0 0.0105952 0.815743 0.529761
Node_3075591_3075593_0 0.0105952 0.815743 0.529761
Node_2058175_2585771_0 0.0105952 0.815743 0.529761
Node_679664_1761453_0 0.0105952 0.815743 0.529761
Node_641691_3076079_0 0.0105952 0.815743 0.529761
Node_221126_870482_0 0.0105952 0.815743 0.529761
Node_221126_425498_0 0.0105952 0.815743 0.529761
Node_1850246_3075600_0 0.0105952 0.815743 0.529761
Node_1719034_1434066_0 0.0105952 0.815743 0.529761
Node_2126553_1913577_0 0.0105952 0.815743 0.529761
Node_2126553_708091_0 0.0105952 0.815743 0.529761
Node_2126553_2058158_0 0.0105952 0.815743 0.529761
Node_2126553_2583991_0 0.0105952 0.815743 0.529761
Node_2126553_1229726_0 0.0105952 0.815743 0.529761
Node_504487_2942207_0 0.0105952 0.815743 0.529761
Node_1028745_2683592_0 0.0105952 0.815743 0.529761
Node_143224_248905_0 0.0105952 0.815743 0.529761
Node_1627892_2041041_0 0.0105952 0.815743 0.529761
Node_1627892_2479847_0 0.0105952 0.815743 0.529761
Node_1627892_1300343_0 0.0105952 0.815743 0.529761
Node_1647581_2965509_0 0.0105952 0.815743 0.529761
Node_2761487_49280_0 0.0105952 0.815743 0.529761
Node_2714865_1155689_0 0.0105952 0.815743 0.529761
Node_2714865_470826_0 0.0105952 0.815743 0.529761
Node_2714865_1526574_0 0.0105952 0.815743 0.529761
Node_2714865_1526575_0 0.0105952 0.815743 0.529761
Node_2714865_546024_0 0.0105952 0.815743 0.529761
Node_2714865_2873596_0 0.0105952 0.815743 0.529761
Node_2714865_908615_0 0.0105952 0.815743 0.529761
Node_2714865_1189619_0 0.0105952 0.815743 0.529761
Node_270921_865937_0 0.0105952 0.815743 0.529761
Node_1073325_270918_0 0.0105952 0.815743 0.529761
Node_1073325_1335724_0 0.0105952 0.815743 0.529761
Node_3153519_2565367_0 0.0105952 0.815743 0.529761
Node_3112164_2530200_0 0.0105952 0.815743 0.529761
Node_3112164_1383885_0 0.0105952 0.815743 0.529761
Node_3112164_570519_0 0.0105952 0.815743 0.529761
Node_3112164_346185_0 0.0105952 0.815743 0.529761
Node_3112164_1005926_0 0.0105952 0.815743 0.529761
Node_3112164_516051_0 0.0105952 0.815743 0.529761
Node_3112164_1080225_0 0.0105952 0.815743 0.529761
Node_3112164_2292706_0 0.0105952 0.815743 0.529761
Node_3112164_2915619_0 0.0105952 0.815743 0.529761
Node_1435349_1382798_0 0.0105952 0.815743 0.529761
Node_1435349_2883124_0 0.0105952 0.815743 0.529761
Node_2496866_1454201_0 0.0105952 0.815743 0.529761
Node_1218801_701523_0 0.0105952 0.815743 0.529761
Node_3075596_1775166_0 0.0105952 0.815743 0.529761
Node_3075596_1300341_0 0.0105952 0.815743 0.529761
Node_1655491_573501_0 0.0105952 0.815743 0.529761
Node_1655491_398720_0 0.0105952 0.815743 0.529761
Node_2594004_225843_0 0.0105952 0.815743 0.529761
Node_2069432_2614804_0 0.0105952 0.815743 0.529761
Node_3056915_2954105_0 0.0105952 0.815743 0.529761
Node_3056915_400055_0 0.0105952 0.815743 0.529761
Node_3056915_313596_0 0.0105952 0.815743 0.529761
Node_912802_2527939_0 0.0105952 0.815743 0.529761
Node_912802_2762758_0 0.0105952 0.815743 0.529761
Node_912802_1080224_0 0.0105952 0.815743 0.529761
Node_1397112_2494560_0 0.0105952 0.815743 0.529761
Node_1397112_3075604_0 0.0105952 0.815743 0.529761
Node_228958_429344_0 0.0105952 0.815743 0.529761
Node_228958_561365_0 0.0105952 0.815743 0.529761
Node_228958_2594478_0 0.0105952 0.815743 0.529761
Node_228958_1854708_0 0.0105952 0.815743 0.529761
Node_228958_1658664_0 0.0105952 0.815743 0.529761
Node_228958_1069117_0 0.0105952 0.815743 0.529761
Node_228958_2578118_0 0.0105952 0.815743 0.529761
Node_228958_320912_0 0.0105952 0.815743 0.529761
Node_228958_1206816_0 0.0105952 0.815743 0.529761
Node_228958_1178778_0 0.0105952 0.815743 0.529761
Node_228958_228956_0 0.0105952 0.815743 0.529761
Node_228958_228959_0 0.0105952 0.815743 0.529761
Node_321268_593133_0 0.0105952 0.815743 0.529761
Node_321268_691689_0 0.0105952 0.815743 0.529761
Node_321268_762486_0 0.0105952 0.815743 0.529761
Node_321268_861111_0 0.0105952 0.815743 0.529761
Node_321268_1622118_0 0.0105952 0.815743 0.529761
Node_321268_1109740_0 0.0105952 0.815743 0.529761
Node_1084421_1150368_0 0.0105952 0.815743 0.529761
Node_680283_2722702_0 0.0105952 0.815743 0.529761
Node_680283_390640_0 0.0105952 0.815743 0.529761
Node_262005_2819984_0 0.0105952 0.815743 0.529761
Node_262005_1220182_0 0.0105952 0.815743 0.529761
Node_262005_1089305_0 0.0105952 0.815743 0.529761
Node_262005_533325_0 0.0105952 0.815743 0.529761
Node_262005_1156618_0 0.0105952 0.815743 0.529761
Node_262005_2828330_0 0.0105952 0.815743 0.529761
Node_262005_1517766_0 0.0105952 0.815743 0.529761
Node_262005_1915063_0 0.0105952 0.815743 0.529761
Node_262005_943939_0 0.0105952 0.815743 0.529761
Node_262005_262006_0 0.0105952 0.815743 0.529761
Node_2721623_1929488_0 0.0105952 0.815743 0.529761
Node_264023_3045158_0 0.0105952 0.815743 0.529761
Node_1159016_395087_0 0.0105952 0.815743 0.529761
Node_1159016_2488728_0 0.0105952 0.815743 0.529761
Node_1849968_1803846_0 0.0105952 0.815743 0.529761
Node_1849968_421621_0 0.0105952 0.815743 0.529761
Node_1574308_319238_0 0.0105952 0.815743 0.529761
Node_323412_2589995_0 0.0105952 0.815743 0.529761
Node_323412_1642818_0 0.0105952 0.815743 0.529761
Node_323412_1578017_0 0.0105952 0.815743 0.529761
Node_323412_1317122_0 0.0105952 0.815743 0.529761
Node_323412_570521_0 0.0105952 0.815743 0.529761
Node_323412_2047982_0 0.0105952 0.815743 0.529761
Node_323412_279356_0 0.0105952 0.815743 0.529761
Node_323412_870485_0 0.0105952 0.815743 0.529761
Node_323412_1920033_0 0.0105952 0.815743 0.529761
Node_323412_1038014_0 0.0105952 0.815743 0.529761
Node_323412_350814_0 0.0105952 0.815743 0.529761
Node_323412_584605_0 0.0105952 0.815743 0.529761
Node_323412_1964542_0 0.0105952 0.815743 0.529761
Node_2489054_558155_0 0.0105952 0.815743 0.529761
Node_2489054_237373_0 0.0105952 0.815743 0.529761
Node_2489054_616991_0 0.0105952 0.815743 0.529761
Node_2489054_228955_0 0.0105952 0.815743 0.529761
Node_28189_1017_0 0.0105952 0.815743 0.529761
Node_28189_1019_0 0.0105952 0.815743 0.529761
Node_28189_45242_0 0.0105952 0.815743 0.529761
Node_28189_2708117_0 0.0105952 0.815743 0.529761
Node_28189_1004260_0 0.0105952 0.815743 0.529761
Node_28189_860228_0 0.0105952 0.815743 0.529761
Node_1341154_295428_0 0.0105952 0.815743 0.529761
Node_1341154_2654843_0 0.0105952 0.815743 0.529761
Node_1341154_459471_0 0.0105952 0.815743 0.529761
Node_1341154_99286_0 0.0105952 0.815743 0.529761
Node_1341154_991_0 0.0105952 0.815743 0.529761
Node_1341154_1774945_0 0.0105952 0.815743 0.529761
Node_1341154_2201181_0 0.0105952 0.815743 0.529761
Node_1341154_2169409_0 0.0105952 0.815743 0.529761
Node_1341154_2169410_0 0.0105952 0.815743 0.529761
Node_1341154_1678728_0 0.0105952 0.815743 0.529761
Node_1341154_2793066_0 0.0105952 0.815743 0.529761
Node_1341154_271157_0 0.0105952 0.815743 0.529761
Node_1341154_402734_0 0.0105952 0.815743 0.529761
Node_1341154_665133_0 0.0105952 0.815743 0.529761
Node_1341154_2565924_0 0.0105952 0.815743 0.529761
Node_1341154_1124188_0 0.0105952 0.815743 0.529761
Node_1341154_2893755_0 0.0105952 0.815743 0.529761
Node_1341154_1353778_0 0.0105952 0.815743 0.529761
Node_1341154_2893885_0 0.0105952 0.815743 0.529761
Node_1341154_2764718_0 0.0105952 0.815743 0.529761
Node_1341154_2502784_0 0.0105952 0.815743 0.529761
Node_1341154_2045105_0 0.0105952 0.815743 0.529761
Node_1341154_1751095_0 0.0105952 0.815743 0.529761
Node_1341154_1128970_0 0.0105952 0.815743 0.529761
Node_1341154_1784713_0 0.0105952 0.815743 0.529761
Node_1341154_1852020_0 0.0105952 0.815743 0.529761
Node_1341154_3163298_0 0.0105952 0.815743 0.529761
Node_1341154_935223_0 0.0105952 0.815743 0.529761
Node_1341154_739143_0 0.0105952 0.815743 0.529761
Node_1341154_2541734_0 0.0105952 0.815743 0.529761
Node_1341154_150146_0 0.0105952 0.815743 0.529761
Node_1341154_2249356_0 0.0105952 0.815743 0.529761
Node_1341154_2872310_0 0.0105952 0.815743 0.529761
Node_1341154_415425_0 0.0105952 0.815743 0.529761
Node_1341154_416016_0 0.0105952 0.815743 0.529761
Node_1341154_1202724_0 0.0105952 0.815743 0.529761
Node_1341154_2743471_0 0.0105952 0.815743 0.529761
Node_1341154_2023067_0 0.0105952 0.815743 0.529761
Node_1341154_2547394_0 0.0105952 0.815743 0.529761
Node_1341154_3139139_0 0.0105952 0.815743 0.529761
Node_1341154_3139140_0 0.0105952 0.815743 0.529761
Node_1341154_2026653_0 0.0105952 0.815743 0.529761
Node_1341154_3075618_0 0.0105952 0.815743 0.529761
Node_1341154_946677_0 0.0105952 0.815743 0.529761
Node_1341154_29536_0 0.0105952 0.815743 0.529761
Node_1341154_1176532_0 0.0105952 0.815743 0.529761
Node_1341154_229205_0 0.0105952 0.815743 0.529761
Node_1341154_2949086_0 0.0105952 0.815743 0.529761
Node_1341154_1086011_0 0.0105952 0.815743 0.529761
Node_1341154_1121886_0 0.0105952 0.815743 0.529761
Node_1341154_1094466_0 0.0105952 0.815743 0.529761
Node_1341154_3143118_0 0.0105952 0.815743 0.529761
Node_1341154_1406840_0 0.0105952 0.815743 0.529761
Node_915352_426481_0 0.0105952 0.815743 0.529761
Node_915352_361581_0 0.0105952 0.815743 0.529761
Node_915352_669041_0 0.0105952 0.815743 0.529761
Node_915352_1850252_0 0.0105952 0.815743 0.529761
Node_915352_1458515_0 0.0105952 0.815743 0.529761
Node_915352_413713_0 0.0105952 0.815743 0.529761
Node_915352_3137852_0 0.0105952 0.815743 0.529761
Node_915352_3137857_0 0.0105952 0.815743 0.529761
Node_915352_3137860_0 0.0105952 0.815743 0.529761
Node_915352_584609_0 0.0105952 0.815743 0.529761
Node_915352_1349785_0 0.0105952 0.815743 0.529761
Node_283786_1737064_0 0.0105952 0.815743 0.529761
Node_283786_291189_0 0.0105952 0.815743 0.529761
Node_703342_256_0 0.0105952 0.815743 0.529761
Node_703342_480520_0 0.0105952 0.815743 0.529761
Node_688270_76595_0 0.0105952 0.815743 0.529761
Node_688270_1328323_0 0.0105952 0.815743 0.529761
Node_1333662_102_0 0.0105952 0.815743 0.529761
Node_1333662_985043_0 0.0105952 0.815743 0.529761
Node_1333662_2100726_0 0.0105952 0.815743 0.529761
Node_1333662_1642819_0 0.0105952 0.815743 0.529761
Node_1333662_1775173_0 0.0105952 0.815743 0.529761
Node_1333662_2304626_0 0.0105952 0.815743 0.529761
Node_1333662_996801_0 0.0105952 0.815743 0.529761
Node_1333662_2738844_0 0.0105952 0.815743 0.529761
Node_1333662_53483_0 0.0105952 0.815743 0.529761
Node_1333662_1300348_0 0.0105952 0.815743 0.529761
Node_1628250_1703946_0 0.0105952 0.815743 0.529761
Node_1628250_861110_0 0.0105952 0.815743 0.529761
Node_1628250_369791_0 0.0105952 0.815743 0.529761
Node_1628250_213248_0 0.0105952 0.815743 0.529761
Node_1628250_579105_0 0.0105952 0.815743 0.529761
Node_1628250_1793873_0 0.0105952 0.815743 0.529761
Node_1307839_990_0 0.0105952 0.815743 0.529761
Node_1307839_1841864_0 0.0105952 0.815743 0.529761
Node_1307839_927665_0 0.0105952 0.815743 0.529761
Node_1307839_2840839_0 0.0105952 0.815743 0.529761
Node_1307839_1547597_0 0.0105952 0.815743 0.529761
Node_1307839_2606626_0 0.0105952 0.815743 0.529761
Node_1307839_997873_0 0.0105952 0.815743 0.529761
Node_1307839_1562970_0 0.0105952 0.815743 0.529761
Node_1307839_979970_0 0.0105952 0.815743 0.529761
Node_1307839_2838479_0 0.0105952 0.815743 0.529761
Node_1307839_2590900_0 0.0105952 0.815743 0.529761
Node_1307839_1640674_0 0.0105952 0.815743 0.529761
Node_1307839_1678841_0 0.0105952 0.815743 0.529761
Node_1307839_694427_0 0.0105952 0.815743 0.529761
Node_2838479_742726_0 0.0105952 0.815743 0.529761
Node_979970_742725_0 0.0105952 0.815743 0.529761
Node_979970_2838766_0 0.0105952 0.815743 0.529761
Node_979970_1433126_0 0.0105952 0.815743 0.529761
Node_979970_2840730_0 0.0105952 0.815743 0.529761
Node_742725_2585118_0 0.0105952 0.815743 0.529761
Node_742725_1211813_0 0.0105952 0.815743 0.529761
Node_1562970_45254_0 0.0105952 0.815743 0.529761
Node_1562970_163665_0 0.0105952 0.815743 0.529761
Node_997873_2762212_0 0.0105952 0.815743 0.529761
Node_997873_2840690_0 0.0105952 0.815743 0.529761
Node_997873_2838475_0 0.0105952 0.815743 0.529761
Node_997873_679937_0 0.0105952 0.815743 0.529761
Node_2840690_2840716_0 0.0105952 0.815743 0.529761
Node_2840690_2840833_0 0.0105952 0.815743 0.529761
Node_2840716_2840718_0 0.0105952 0.815743 0.529761
Node_2762212_547042_0 0.0105952 0.815743 0.529761
Node_2606626_2530390_0 0.0105952 0.815743 0.529761
Node_2606626_2518971_0 0.0105952 0.815743 0.529761
Node_2606626_2109911_0 0.0105952 0.815743 0.529761
Node_2606626_2094151_0 0.0105952 0.815743 0.529761
Node_2518971_2530391_0 0.0105952 0.815743 0.529761
Node_2518971_2094150_0 0.0105952 0.815743 0.529761
Node_2530390_1796646_0 0.0105952 0.815743 0.529761
Node_1547597_28115_0 0.0105952 0.815743 0.529761
Node_1547597_1350067_0 0.0105952 0.815743 0.529761
Node_1547597_1387297_0 0.0105952 0.815743 0.529761
Node_28115_36874_0 0.0105952 0.815743 0.529761
Node_28115_111105_0 0.0105952 0.815743 0.529761
Node_28115_3137470_0 0.0105952 0.815743 0.529761
Node_28115_322095_0 0.0105952 0.815743 0.529761
Node_28115_28114_0 0.0105952 0.815743 0.529761
Node_28115_553175_0 0.0105952 0.815743 0.529761
Node_2840839_2840758_0 0.0105952 0.815743 0.529761
Node_2840839_2840854_0 0.0105952 0.815743 0.529761
Node_2840839_3083063_0 0.0105952 0.815743 0.529761
Node_2840839_2540710_0 0.0105952 0.815743 0.529761
Node_2840839_2840674_0 0.0105952 0.815743 0.529761
Node_2840839_2840778_0 0.0105952 0.815743 0.529761
Node_2840839_2840783_0 0.0105952 0.815743 0.529761
Node_2840839_511995_0 0.0105952 0.815743 0.529761
Node_2840854_2840856_0 0.0105952 0.815743 0.529761
Node_2840758_2840770_0 0.0105952 0.815743 0.529761
Node_927665_1411148_0 0.0105952 0.815743 0.529761
Node_927665_2951805_0 0.0105952 0.815743 0.529761
Node_927665_2838723_0 0.0105952 0.815743 0.529761
Node_927665_1203610_0 0.0105952 0.815743 0.529761
Node_1841864_1336250_0 0.0105952 0.815743 0.529761
Node_1841864_1401068_0 0.0105952 0.815743 0.529761
Node_1841864_1127699_0 0.0105952 0.815743 0.529761
Node_1841864_1115809_0 0.0105952 0.815743 0.529761
Node_1841864_2736294_0 0.0105952 0.815743 0.529761
Node_1841864_2838725_0 0.0105952 0.815743 0.529761
Node_1841864_2133944_0 0.0105952 0.815743 0.529761
Node_1841864_1776379_0 0.0105952 0.815743 0.529761
Node_2838725_762982_0 0.0105952 0.815743 0.529761
Node_2736294_1676614_0 0.0105952 0.815743 0.529761
Node_2736294_2736289_0 0.0105952 0.815743 0.529761
Node_2736294_2736290_0 0.0105952 0.815743 0.529761
Node_2736294_83231_0 0.0105952 0.815743 0.529761
Node_1115809_165179_0 0.0105952 0.815743 0.529761
Node_1115809_77095_0 0.0105952 0.815743 0.529761
Node_1115809_2053716_0 0.0105952 0.815743 0.529761
Node_1115809_999422_0 0.0105952 0.815743 0.529761
Node_1127699_76123_0 0.0105952 0.815743 0.529761
Node_1127699_425941_0 0.0105952 0.815743 0.529761
Node_1127699_1081904_0 0.0105952 0.815743 0.529761
Node_1127699_1122985_0 0.0105952 0.815743 0.529761
Node_1127699_862515_0 0.0105952 0.815743 0.529761
Node_1127699_1401074_0 0.0105952 0.815743 0.529761
Node_1401068_2490854_0 0.0105952 0.815743 0.529761
Node_1401068_81582_0 0.0105952 0.815743 0.529761
Node_1401068_2801997_0 0.0105952 0.815743 0.529761
Node_1401068_2508867_0 0.0105952 0.815743 0.529761
Node_1401068_2608404_0 0.0105952 0.815743 0.529761
Node_1401068_2838738_0 0.0105952 0.815743 0.529761
Node_1401068_3236793_0 0.0105952 0.815743 0.529761
Node_1401068_28128_0 0.0105952 0.815743 0.529761
Node_1401068_1602169_0 0.0105952 0.815743 0.529761
Node_1401068_2913614_0 0.0105952 0.815743 0.529761
Node_1401068_888743_0 0.0105952 0.815743 0.529761
Node_1401068_1401075_0 0.0105952 0.815743 0.529761
Node_1336250_2606637_0 0.0105952 0.815743 0.529761
Node_1336250_688246_0 0.0105952 0.815743 0.529761
Node_1336250_585502_0 0.0105952 0.815743 0.529761
Node_990_1484053_0 0.0105952 0.815743 0.529761
Node_990_1717717_0 0.0105952 0.815743 0.529761
Node_990_2006564_0 0.0105952 0.815743 0.529761
Node_990_2992111_0 0.0105952 0.815743 0.529761
Node_990_385682_0 0.0105952 0.815743 0.529761
Node_2992111_2992112_0 0.0105952 0.815743 0.529761
Node_2006564_1628157_0 0.0105952 0.815743 0.529761
Node_1717717_1117708_0 0.0105952 0.815743 0.529761
Node_1717717_2487017_0 0.0105952 0.815743 0.529761
Node_1117708_2184082_0 0.0105952 0.815743 0.529761
Node_1484053_1541063_0 0.0105952 0.815743 0.529761
Node_1484053_1544798_0 0.0105952 0.815743 0.529761
Node_1484053_1639118_0 0.0105952 0.815743 0.529761
Node_1484053_1409788_0 0.0105952 0.815743 0.529761
Node_1484053_2010828_0 0.0105952 0.815743 0.529761
Node_1544798_1168034_0 0.0105952 0.815743 0.529761
Node_1541063_314319_0 0.0105952 0.815743 0.529761
Node_2083153_1188247_0 0.0105952 0.815743 0.529761
Node_2083153_585455_0 0.0105952 0.815743 0.529761
Node_2083153_1559896_0 0.0105952 0.815743 0.529761
Node_2083153_2602750_0 0.0105952 0.815743 0.529761
Node_2083153_1817760_0 0.0105952 0.815743 0.529761
Node_2083153_1867749_0 0.0105952 0.815743 0.529761
Node_2602750_297_0 0.0105952 0.815743 0.529761
Node_1559896_1054498_0 0.0105952 0.815743 0.529761
Node_1559896_2565572_0 0.0105952 0.815743 0.529761
Node_1559896_2016596_0 0.0105952 0.815743 0.529761
Node_1559896_2608985_0 0.0105952 0.815743 0.529761
Node_1559896_2528202_0 0.0105952 0.815743 0.529761
Node_1559896_2975601_0 0.0105952 0.815743 0.529761
Node_1559896_1971610_0 0.0105952 0.815743 0.529761
Node_1559896_2732067_0 0.0105952 0.815743 0.529761
Node_1559896_2715678_0 0.0105952 0.815743 0.529761
Node_1559896_2675298_0 0.0105952 0.815743 0.529761
Node_1971610_2778876_0 0.0105952 0.815743 0.529761
Node_2975601_1381557_0 0.0105952 0.815743 0.529761
Node_2975601_311182_0 0.0105952 0.815743 0.529761
Node_2975601_1565605_0 0.0105952 0.815743 0.529761
Node_2975601_1223802_0 0.0105952 0.815743 0.529761
Node_2528202_1914471_0 0.0105952 0.815743 0.529761
Node_2608985_522306_0 0.0105952 0.815743 0.529761
Node_2608985_714531_0 0.0105952 0.815743 0.529761
Node_522306_2954385_0 0.0105952 0.815743 0.529761
Node_522306_1454001_0 0.0105952 0.815743 0.529761
Node_522306_1454003_0 0.0105952 0.815743 0.529761
Node_522306_327160_0 0.0105952 0.815743 0.529761
Node_2016596_1101404_0 0.0105952 0.815743 0.529761
Node_2016596_146940_0 0.0105952 0.815743 0.529761
Node_2016596_1552750_0 0.0105952 0.815743 0.529761
Node_2016596_2731212_0 0.0105952 0.815743 0.529761
Node_2016596_2795389_0 0.0105952 0.815743 0.529761
Node_2016596_96773_0 0.0105952 0.815743 0.529761
Node_2016596_418699_0 0.0105952 0.815743 0.529761
Node_2016596_2067960_0 0.0105952 0.815743 0.529761
Node_2016596_2565930_0 0.0105952 0.815743 0.529761
Node_2016596_1121029_0 0.0105952 0.815743 0.529761
Node_418699_666964_0 0.0105952 0.815743 0.529761
Node_418699_29545_0 0.0105952 0.815743 0.529761
Node_96773_2767595_0 0.0105952 0.815743 0.529761
Node_96773_82788_0 0.0105952 0.815743 0.529761
Node_96773_1134435_0 0.0105952 0.815743 0.529761
Node_96773_44139_0 0.0105952 0.815743 0.529761
Node_2795389_1629404_0 0.0105952 0.815743 0.529761
Node_2731212_3114758_0 0.0105952 0.815743 0.529761
Node_2731212_1615952_0 0.0105952 0.815743 0.529761
Node_2731212_2024550_0 0.0105952 0.815743 0.529761
Node_1552750_350_0 0.0105952 0.815743 0.529761
Node_1552750_2728840_0 0.0105952 0.815743 0.529761
Node_1552750_310767_0 0.0105952 0.815743 0.529761
Node_146940_281362_0 0.0105952 0.815743 0.529761
Node_146940_418702_0 0.0105952 0.815743 0.529761
Node_281362_159087_0 0.0105952 0.815743 0.529761
Node_1101404_2785627_0 0.0105952 0.815743 0.529761
Node_1101404_90060_0 0.0105952 0.815743 0.529761
Node_1101404_1193620_0 0.0105952 0.815743 0.529761
Node_1101404_83767_0 0.0105952 0.815743 0.529761
Node_1101404_1066_0 0.0105952 0.815743 0.529761
Node_1101404_3149053_0 0.0105952 0.815743 0.529761
Node_1101404_857335_0 0.0105952 0.815743 0.529761
Node_1101404_1735038_0 0.0105952 0.815743 0.529761
Node_83767_1860101_0 0.0105952 0.815743 0.529761
Node_1193620_2811415_0 0.0105952 0.815743 0.529761
Node_90060_34027_0 0.0105952 0.815743 0.529761
Node_90060_200254_0 0.0105952 0.815743 0.529761
Node_90060_75796_0 0.0105952 0.815743 0.529761
Node_90060_92002_0 0.0105952 0.815743 0.529761
Node_2785627_404405_0 0.0105952 0.815743 0.529761
Node_2565572_3064264_0 0.0105952 0.815743 0.529761
Node_2565572_392597_0 0.0105952 0.815743 0.529761
Node_2565572_2498847_0 0.0105952 0.815743 0.529761
Node_2565572_1121117_0 0.0105952 0.815743 0.529761
Node_2565572_457575_0 0.0105952 0.815743 0.529761
Node_2565572_1121388_0 0.0105952 0.815743 0.529761
Node_2565572_1965230_0 0.0105952 0.815743 0.529761
Node_1121388_1851544_0 0.0105952 0.815743 0.529761
Node_1121388_1331262_0 0.0105952 0.815743 0.529761
Node_1121388_323284_0 0.0105952 0.815743 0.529761
Node_1121388_2045210_0 0.0105952 0.815743 0.529761
Node_1121388_797535_0 0.0105952 0.815743 0.529761
Node_1121388_546114_0 0.0105952 0.815743 0.529761
Node_1121388_762376_0 0.0105952 0.815743 0.529761
Node_1121388_1631957_0 0.0105952 0.815743 0.529761
Node_1121388_1007095_0 0.0105952 0.815743 0.529761
Node_1121388_2697024_0 0.0105952 0.815743 0.529761
Node_1121388_1157987_0 0.0105952 0.815743 0.529761
Node_1121388_683354_0 0.0105952 0.815743 0.529761
Node_1121388_1247510_0 0.0105952 0.815743 0.529761
Node_1121388_2755040_0 0.0105952 0.815743 0.529761
Node_1121388_659016_0 0.0105952 0.815743 0.529761
Node_1121388_627131_0 0.0105952 0.815743 0.529761
Node_1121388_206506_0 0.0105952 0.815743 0.529761
Node_1121388_2175229_0 0.0105952 0.815743 0.529761
Node_1121388_1917182_0 0.0105952 0.815743 0.529761
Node_1121388_3064283_0 0.0105952 0.815743 0.529761
Node_1121388_2707330_0 0.0105952 0.815743 0.529761
Node_1121388_380911_0 0.0105952 0.815743 0.529761
Node_1121388_1888893_0 0.0105952 0.815743 0.529761
Node_1121388_645616_0 0.0105952 0.815743 0.529761
Node_1121388_2026239_0 0.0105952 0.815743 0.529761
Node_1121388_324606_0 0.0105952 0.815743 0.529761
Node_1121388_1401065_0 0.0105952 0.815743 0.529761
Node_683354_683355_0 0.0105952 0.815743 0.529761
Node_1157987_643674_0 0.0105952 0.815743 0.529761
Node_2697024_305977_0 0.0105952 0.815743 0.529761
Node_1007095_1940612_0 0.0105952 0.815743 0.529761
Node_1007095_151784_0 0.0105952 0.815743 0.529761
Node_1007095_2478468_0 0.0105952 0.815743 0.529761
Node_1007095_516702_0 0.0105952 0.815743 0.529761
Node_1631957_1414851_0 0.0105952 0.815743 0.529761
Node_1631957_2652177_0 0.0105952 0.815743 0.529761
Node_762376_2069367_0 0.0105952 0.815743 0.529761
Node_762376_1353889_0 0.0105952 0.815743 0.529761
Node_762376_1353890_0 0.0105952 0.815743 0.529761
Node_762376_470868_0 0.0105952 0.815743 0.529761
Node_762376_1389935_0 0.0105952 0.815743 0.529761
Node_762376_1750518_0 0.0105952 0.815743 0.529761
Node_762376_217203_0 0.0105952 0.815743 0.529761
Node_762376_217204_0 0.0105952 0.815743 0.529761
Node_762376_32002_0 0.0105952 0.815743 0.529761
Node_762376_477184_0 0.0105952 0.815743 0.529761
Node_546114_659013_0 0.0105952 0.815743 0.529761
Node_546114_1144617_0 0.0105952 0.815743 0.529761
Node_797535_267800_0 0.0105952 0.815743 0.529761
Node_797535_1247726_0 0.0105952 0.815743 0.529761
Node_2045210_657015_0 0.0105952 0.815743 0.529761
Node_2045210_658167_0 0.0105952 0.815743 0.529761
Node_2045210_2028345_0 0.0105952 0.815743 0.529761
Node_323284_511_0 0.0105952 0.815743 0.529761
Node_323284_1929088_0 0.0105952 0.815743 0.529761
Node_1331262_463014_0 0.0105952 0.815743 0.529761
Node_1331262_463025_0 0.0105952 0.815743 0.529761
Node_1331262_463040_0 0.0105952 0.815743 0.529761
Node_1331262_463044_0 0.0105952 0.815743 0.529761
Node_1331262_1416803_0 0.0105952 0.815743 0.529761
Node_1331262_1416804_0 0.0105952 0.815743 0.529761
Node_1331262_1416805_0 0.0105952 0.815743 0.529761
Node_1331262_568707_0 0.0105952 0.815743 0.529761
Node_1331262_1983456_0 0.0105952 0.815743 0.529761
Node_1331262_1395607_0 0.0105952 0.815743 0.529761
Node_1331262_1395608_0 0.0105952 0.815743 0.529761
Node_1331262_1331258_0 0.0105952 0.815743 0.529761
Node_1331262_123899_0 0.0105952 0.815743 0.529761
Node_1331262_288768_0 0.0105952 0.815743 0.529761
Node_1331262_360910_0 0.0105952 0.815743 0.529761
Node_1331262_340100_0 0.0105952 0.815743 0.529761
Node_1331262_1331206_0 0.0105952 0.815743 0.529761
Node_1331262_257311_0 0.0105952 0.815743 0.529761
Node_568707_257310_0 0.0105952 0.815743 0.529761
Node_1851544_2163011_0 0.0105952 0.815743 0.529761
Node_1851544_2782176_0 0.0105952 0.815743 0.529761
Node_457575_364030_0 0.0105952 0.815743 0.529761
Node_457575_247482_0 0.0105952 0.815743 0.529761
Node_457575_2528630_0 0.0105952 0.815743 0.529761
Node_457575_2697032_0 0.0105952 0.815743 0.529761
Node_457575_1793872_0 0.0105952 0.815743 0.529761
Node_457575_360241_0 0.0105952 0.815743 0.529761
Node_2697032_54067_0 0.0105952 0.815743 0.529761
Node_2528630_2493092_0 0.0105952 0.815743 0.529761
Node_2528630_70586_0 0.0105952 0.815743 0.529761
Node_2528630_1296669_0 0.0105952 0.815743 0.529761
Node_247482_2588942_0 0.0105952 0.815743 0.529761
Node_247482_2267262_0 0.0105952 0.815743 0.529761
Node_247482_307486_0 0.0105952 0.815743 0.529761
Node_247482_114249_0 0.0105952 0.815743 0.529761
Node_247482_1101373_0 0.0105952 0.815743 0.529761
Node_364030_426114_0 0.0105952 0.815743 0.529761
Node_364030_339866_0 0.0105952 0.815743 0.529761
Node_1121117_2716225_0 0.0105952 0.815743 0.529761
Node_1121117_913761_0 0.0105952 0.815743 0.529761
Node_1121117_558537_0 0.0105952 0.815743 0.529761
Node_1121117_1457173_0 0.0105952 0.815743 0.529761
Node_1121117_1924988_0 0.0105952 0.815743 0.529761
Node_1121117_338969_0 0.0105952 0.815743 0.529761
Node_1121117_457502_0 0.0105952 0.815743 0.529761
Node_1121117_2682844_0 0.0105952 0.815743 0.529761
Node_1121117_397945_0 0.0105952 0.815743 0.529761
Node_1121117_1330072_0 0.0105952 0.815743 0.529761
Node_1121117_2596921_0 0.0105952 0.815743 0.529761
Node_1121117_1715720_0 0.0105952 0.815743 0.529761
Node_1121117_3026422_0 0.0105952 0.815743 0.529761
Node_1121117_1207057_0 0.0105952 0.815743 0.529761
Node_1121117_2109915_0 0.0105952 0.815743 0.529761
Node_1121117_3045173_0 0.0105952 0.815743 0.529761
Node_1121117_343013_0 0.0105952 0.815743 0.529761
Node_1121117_545864_0 0.0105952 0.815743 0.529761
Node_1121117_1110392_0 0.0105952 0.815743 0.529761
Node_1121117_263067_0 0.0105952 0.815743 0.529761
Node_1121117_1283306_0 0.0105952 0.815743 0.529761
Node_1121117_433924_0 0.0105952 0.815743 0.529761
Node_1121117_1550736_0 0.0105952 0.815743 0.529761
Node_1121117_1031594_0 0.0105952 0.815743 0.529761
Node_1121117_180197_0 0.0105952 0.815743 0.529761
Node_1121117_1917811_0 0.0105952 0.815743 0.529761
Node_1121117_1165852_0 0.0105952 0.815743 0.529761
Node_1121117_2116657_0 0.0105952 0.815743 0.529761
Node_1121117_1527607_0 0.0105952 0.815743 0.529761
Node_1121117_1076744_0 0.0105952 0.815743 0.529761
Node_1121117_2029117_0 0.0105952 0.815743 0.529761
Node_1121117_596154_0 0.0105952 0.815743 0.529761
Node_1121117_1458275_0 0.0105952 0.815743 0.529761
Node_1110392_391735_0 0.0105952 0.815743 0.529761
Node_545864_747304_0 0.0105952 0.815743 0.529761
Node_343013_1926868_0 0.0105952 0.815743 0.529761
Node_3045173_323423_0 0.0105952 0.815743 0.529761
Node_3045173_1293045_0 0.0105952 0.815743 0.529761
Node_2109915_2315688_0 0.0105952 0.815743 0.529761
Node_1207057_2109914_0 0.0105952 0.815743 0.529761
Node_1207057_511108_0 0.0105952 0.815743 0.529761
Node_1207057_2675430_0 0.0105952 0.815743 0.529761
Node_1207057_219182_0 0.0105952 0.815743 0.529761
Node_1207057_3040346_0 0.0105952 0.815743 0.529761
Node_1207057_2816950_0 0.0105952 0.815743 0.529761
Node_3026422_3026419_0 0.0105952 0.815743 0.529761
Node_3026422_667019_0 0.0105952 0.815743 0.529761
Node_1715720_1288495_0 0.0105952 0.815743 0.529761
Node_1715720_535289_0 0.0105952 0.815743 0.529761
Node_2596921_696074_0 0.0105952 0.815743 0.529761
Node_2596921_2793270_0 0.0105952 0.815743 0.529761
Node_2596921_1121255_0 0.0105952 0.815743 0.529761
Node_1330072_1610491_0 0.0105952 0.815743 0.529761
Node_1330072_2562762_0 0.0105952 0.815743 0.529761
Node_1330072_1122156_0 0.0105952 0.815743 0.529761
Node_397945_78229_0 0.0105952 0.815743 0.529761
Node_397945_80868_0 0.0105952 0.815743 0.529761
Node_397945_187868_0 0.0105952 0.815743 0.529761
Node_397945_1177982_0 0.0105952 0.815743 0.529761
Node_397945_643561_0 0.0105952 0.815743 0.529761
Node_2682844_204072_0 0.0105952 0.815743 0.529761
Node_2682844_2728837_0 0.0105952 0.815743 0.529761
Node_2682844_2795217_0 0.0105952 0.815743 0.529761
Node_2682844_502333_0 0.0105952 0.815743 0.529761
Node_2682844_2764187_0 0.0105952 0.815743 0.529761
Node_2682844_1781167_0 0.0105952 0.815743 0.529761
Node_2682844_2732512_0 0.0105952 0.815743 0.529761
Node_2682844_2079448_0 0.0105952 0.815743 0.529761
Node_2682844_2801330_0 0.0105952 0.815743 0.529761
Node_2682844_2606681_0 0.0105952 0.815743 0.529761
Node_2682844_2780087_0 0.0105952 0.815743 0.529761
Node_2682844_2780094_0 0.0105952 0.815743 0.529761
Node_2682844_365046_0 0.0105952 0.815743 0.529761
Node_457502_37448_0 0.0105952 0.815743 0.529761
Node_457502_332657_0 0.0105952 0.815743 0.529761
Node_457502_335476_0 0.0105952 0.815743 0.529761
Node_457502_1614635_0 0.0105952 0.815743 0.529761
Node_457502_365044_0 0.0105952 0.815743 0.529761
Node_338969_2527691_0 0.0105952 0.815743 0.529761
Node_338969_1842727_0 0.0105952 0.815743 0.529761
Node_338969_1484693_0 0.0105952 0.815743 0.529761
Node_338969_2798804_0 0.0105952 0.815743 0.529761
Node_338969_2509614_0 0.0105952 0.815743 0.529761
Node_338969_3068338_0 0.0105952 0.815743 0.529761
Node_338969_2184758_0 0.0105952 0.815743 0.529761
Node_338969_28066_0 0.0105952 0.815743 0.529761
Node_338969_1111071_0 0.0105952 0.815743 0.529761
Node_1924988_592050_0 0.0105952 0.815743 0.529761
Node_1924988_2004485_0 0.0105952 0.815743 0.529761
Node_1924988_12917_0 0.0105952 0.815743 0.529761
Node_1924988_80878_0 0.0105952 0.815743 0.529761
Node_1924988_2976702_0 0.0105952 0.815743 0.529761
Node_1457173_1082851_0 0.0105952 0.815743 0.529761
Node_1457173_2597701_0 0.0105952 0.815743 0.529761
Node_1457173_2762231_0 0.0105952 0.815743 0.529761
Node_1457173_108437_0 0.0105952 0.815743 0.529761
Node_1457173_1387849_0 0.0105952 0.815743 0.529761
Node_1457173_1194168_0 0.0105952 0.815743 0.529761
Node_1457173_673548_0 0.0105952 0.815743 0.529761
Node_1457173_510515_0 0.0105952 0.815743 0.529761
Node_1457173_117506_0 0.0105952 0.815743 0.529761
Node_1457173_379895_0 0.0105952 0.815743 0.529761
Node_1457173_1562974_0 0.0105952 0.815743 0.529761
Node_1457173_2743470_0 0.0105952 0.815743 0.529761
Node_1457173_225992_0 0.0105952 0.815743 0.529761
Node_1457173_160825_0 0.0105952 0.815743 0.529761
Node_1457173_32013_0 0.0105952 0.815743 0.529761
Node_1457173_3046670_0 0.0105952 0.815743 0.529761
Node_1457173_2949090_0 0.0105952 0.815743 0.529761
Node_1457173_1392005_0 0.0105952 0.815743 0.529761
Node_558537_398578_0 0.0105952 0.815743 0.529761
Node_913761_1769758_0 0.0105952 0.815743 0.529761
Node_913761_1836198_0 0.0105952 0.815743 0.529761
Node_913761_1836200_0 0.0105952 0.815743 0.529761
Node_913761_363844_0 0.0105952 0.815743 0.529761
Node_913761_1775474_0 0.0105952 0.815743 0.529761
Node_913761_2923278_0 0.0105952 0.815743 0.529761
Node_913761_1679495_0 0.0105952 0.815743 0.529761
Node_913761_436515_0 0.0105952 0.815743 0.529761
Node_913761_376815_0 0.0105952 0.815743 0.529761
Node_913761_344883_0 0.0105952 0.815743 0.529761
Node_913761_595537_0 0.0105952 0.815743 0.529761
Node_2716225_65655_0 0.0105952 0.815743 0.529761
Node_2716225_65786_0 0.0105952 0.815743 0.529761
Node_2716225_1805971_0 0.0105952 0.815743 0.529761
Node_2716225_439611_0 0.0105952 0.815743 0.529761
Node_2716225_47421_0 0.0105952 0.815743 0.529761
Node_2716225_1230953_0 0.0105952 0.815743 0.529761
Node_2716225_249409_0 0.0105952 0.815743 0.529761
Node_2716225_249410_0 0.0105952 0.815743 0.529761
Node_2716225_2610898_0 0.0105952 0.815743 0.529761
Node_2716225_1763535_0 0.0105952 0.815743 0.529761
Node_2716225_1281780_0 0.0105952 0.815743 0.529761
Node_2498847_1323664_0 0.0105952 0.815743 0.529761
Node_2498847_342113_0 0.0105952 0.815743 0.529761
Node_2498847_93222_0 0.0105952 0.815743 0.529761
Node_2498847_1127483_0 0.0105952 0.815743 0.529761
Node_2498847_196367_0 0.0105952 0.815743 0.529761
Node_2498847_3058602_0 0.0105952 0.815743 0.529761
Node_2498847_28094_0 0.0105952 0.815743 0.529761
Node_2498847_481366_0 0.0105952 0.815743 0.529761
Node_2498847_1792498_0 0.0105952 0.815743 0.529761
Node_2498847_417203_0 0.0105952 0.815743 0.529761
Node_2498847_28092_0 0.0105952 0.815743 0.529761
Node_2498847_2490857_0 0.0105952 0.815743 0.529761
Node_2498847_1770053_0 0.0105952 0.815743 0.529761
Node_2498847_2268024_0 0.0105952 0.815743 0.529761
Node_2498847_1384487_0 0.0105952 0.815743 0.529761
Node_2498847_1527608_0 0.0105952 0.815743 0.529761
Node_28092_2981849_0 0.0105952 0.815743 0.529761
Node_417203_882378_0 0.0105952 0.815743 0.529761
Node_1792498_621374_0 0.0105952 0.815743 0.529761
Node_481366_1778671_0 0.0105952 0.815743 0.529761
Node_481366_2732163_0 0.0105952 0.815743 0.529761
Node_481366_2939690_0 0.0105952 0.815743 0.529761
Node_28094_564714_0 0.0105952 0.815743 0.529761
Node_28094_863227_0 0.0105952 0.815743 0.529761
Node_28094_2571161_0 0.0105952 0.815743 0.529761
Node_28094_2571746_0 0.0105952 0.815743 0.529761
Node_28094_380675_0 0.0105952 0.815743 0.529761
Node_28094_2419777_0 0.0105952 0.815743 0.529761
Node_28094_2291023_0 0.0105952 0.815743 0.529761
Node_3058602_2953895_0 0.0105952 0.815743 0.529761
Node_3058602_2953896_0 0.0105952 0.815743 0.529761
Node_3058602_105219_0 0.0105952 0.815743 0.529761
Node_3058602_3058599_0 0.0105952 0.815743 0.529761
Node_3058602_342110_0 0.0105952 0.815743 0.529761
Node_342110_564066_0 0.0105952 0.815743 0.529761
Node_342110_859656_0 0.0105952 0.815743 0.529761
Node_342110_1031711_0 0.0105952 0.815743 0.529761
Node_196367_1544861_0 0.0105952 0.815743 0.529761
Node_196367_758793_0 0.0105952 0.815743 0.529761
Node_196367_1777135_0 0.0105952 0.815743 0.529761
Node_196367_1777137_0 0.0105952 0.815743 0.529761
Node_196367_1777139_0 0.0105952 0.815743 0.529761
Node_196367_1777140_0 0.0105952 0.815743 0.529761
Node_196367_1777141_0 0.0105952 0.815743 0.529761
Node_196367_1777142_0 0.0105952 0.815743 0.529761
Node_196367_1777144_0 0.0105952 0.815743 0.529761
Node_196367_1232866_0 0.0105952 0.815743 0.529761
Node_196367_1071679_0 0.0105952 0.815743 0.529761
Node_196367_60547_0 0.0105952 0.815743 0.529761
Node_196367_908627_0 0.0105952 0.815743 0.529761
Node_1127483_367825_0 0.0105952 0.815743 0.529761
Node_1127483_82633_0 0.0105952 0.815743 0.529761
Node_1127483_2608999_0 0.0105952 0.815743 0.529761
Node_1127483_1462994_0 0.0105952 0.815743 0.529761
Node_1127483_381666_0 0.0105952 0.815743 0.529761
Node_1127483_1040979_0 0.0105952 0.815743 0.529761
Node_1127483_942865_0 0.0105952 0.815743 0.529761
Node_1127483_96344_0 0.0105952 0.815743 0.529761
Node_1127483_195930_0 0.0105952 0.815743 0.529761
Node_1127483_264198_0 0.0105952 0.815743 0.529761
Node_1127483_936133_0 0.0105952 0.815743 0.529761
Node_381666_1042878_0 0.0105952 0.815743 0.529761
Node_93222_656178_0 0.0105952 0.815743 0.529761
Node_93222_573737_0 0.0105952 0.815743 0.529761
Node_93222_2508288_0 0.0105952 0.815743 0.529761
Node_93222_2508290_0 0.0105952 0.815743 0.529761
Node_93222_2508291_0 0.0105952 0.815743 0.529761
Node_93222_2508292_0 0.0105952 0.815743 0.529761
Node_93222_2508295_0 0.0105952 0.815743 0.529761
Node_93222_2508297_0 0.0105952 0.815743 0.529761
Node_93222_445709_0 0.0105952 0.815743 0.529761
Node_93222_1891094_0 0.0105952 0.815743 0.529761
Node_93222_93218_0 0.0105952 0.815743 0.529761
Node_93222_93220_0 0.0105952 0.815743 0.529761
Node_93222_1537710_0 0.0105952 0.815743 0.529761
Node_342113_337_0 0.0105952 0.815743 0.529761
Node_342113_331271_0 0.0105952 0.815743 0.529761
Node_342113_1090375_0 0.0105952 0.815743 0.529761
Node_342113_41899_0 0.0105952 0.815743 0.529761
Node_342113_242163_0 0.0105952 0.815743 0.529761
Node_342113_640512_0 0.0105952 0.815743 0.529761
Node_342113_243160_0 0.0105952 0.815743 0.529761
Node_342113_320371_0 0.0105952 0.815743 0.529761
Node_320371_357348_0 0.0105952 0.815743 0.529761
Node_243160_412022_0 0.0105952 0.815743 0.529761
Node_331271_395019_0 0.0105952 0.815743 0.529761
Node_331271_396597_0 0.0105952 0.815743 0.529761
Node_331271_2015348_0 0.0105952 0.815743 0.529761
Node_331271_482957_0 0.0105952 0.815743 0.529761
Node_331271_60550_0 0.0105952 0.815743 0.529761
Node_331271_1207504_0 0.0105952 0.815743 0.529761
Node_331271_1503054_0 0.0105952 0.815743 0.529761
Node_331271_95485_0 0.0105952 0.815743 0.529761
Node_331271_1506587_0 0.0105952 0.815743 0.529761
Node_331271_1009846_0 0.0105952 0.815743 0.529761
Node_396597_339670_0 0.0105952 0.815743 0.529761
Node_395019_513052_0 0.0105952 0.815743 0.529761
Node_1323664_3014751_0 0.0105952 0.815743 0.529761
Node_1323664_1245417_0 0.0105952 0.815743 0.529761
Node_1323664_1245441_0 0.0105952 0.815743 0.529761
Node_1323664_1081782_0 0.0105952 0.815743 0.529761
Node_1323664_2654982_0 0.0105952 0.815743 0.529761
Node_1323664_984307_0 0.0105952 0.815743 0.529761
Node_1323664_624376_0 0.0105952 0.815743 0.529761
Node_1323664_134536_0 0.0105952 0.815743 0.529761
Node_1323664_134537_0 0.0105952 0.815743 0.529761
Node_1323664_1544867_0 0.0105952 0.815743 0.529761
Node_1323664_627669_0 0.0105952 0.815743 0.529761
Node_1323664_398527_0 0.0105952 0.815743 0.529761
Node_1323664_2823469_0 0.0105952 0.815743 0.529761
Node_1323664_2528715_0 0.0105952 0.815743 0.529761
Node_1323664_694025_0 0.0105952 0.815743 0.529761
Node_1323664_2793076_0 0.0105952 0.815743 0.529761
Node_1323664_1515439_0 0.0105952 0.815743 0.529761
Node_1323664_2728839_0 0.0105952 0.815743 0.529761
Node_1323664_2728848_0 0.0105952 0.815743 0.529761
Node_1323664_1189126_0 0.0105952 0.815743 0.529761
Node_1323664_2599607_0 0.0105952 0.815743 0.529761
Node_1323664_2861782_0 0.0105952 0.815743 0.529761
Node_1323664_273251_0 0.0105952 0.815743 0.529761
Node_1323664_2305225_0 0.0105952 0.815743 0.529761
Node_1323664_765414_0 0.0105952 0.815743 0.529761
Node_1323664_1912599_0 0.0105952 0.815743 0.529761
Node_1323664_1324617_0 0.0105952 0.815743 0.529761
Node_1323664_2604047_0 0.0105952 0.815743 0.529761
Node_1323664_2571748_0 0.0105952 0.815743 0.529761
Node_1323664_311230_0 0.0105952 0.815743 0.529761
Node_1323664_1723730_0 0.0105952 0.815743 0.529761
Node_1323664_1462993_0 0.0105952 0.815743 0.529761
Node_1323664_480658_0 0.0105952 0.815743 0.529761
Node_1323664_2546446_0 0.0105952 0.815743 0.529761
Node_1323664_1399968_0 0.0105952 0.815743 0.529761
Node_1323664_416943_0 0.0105952 0.815743 0.529761
Node_1323664_580937_0 0.0105952 0.815743 0.529761
Node_1323664_2547399_0 0.0105952 0.815743 0.529761
Node_1323664_1761016_0 0.0105952 0.815743 0.529761
Node_1323664_2777537_0 0.0105952 0.815743 0.529761
Node_1323664_2057004_0 0.0105952 0.815743 0.529761
Node_1323664_157910_0 0.0105952 0.815743 0.529761
Node_1323664_92647_0 0.0105952 0.815743 0.529761
Node_1323664_420952_0 0.0105952 0.815743 0.529761
Node_1323664_420953_0 0.0105952 0.815743 0.529761
Node_1323664_60549_0 0.0105952 0.815743 0.529761
Node_1323664_487049_0 0.0105952 0.815743 0.529761
Node_1323664_2913261_0 0.0105952 0.815743 0.529761
Node_1323664_2782701_0 0.0105952 0.815743 0.529761
Node_1323664_1701573_0 0.0105952 0.815743 0.529761
Node_1323664_1211383_0 0.0105952 0.815743 0.529761
Node_1323664_1055526_0 0.0105952 0.815743 0.529761
Node_1323664_391038_0 0.0105952 0.815743 0.529761
Node_398527_1417228_0 0.0105952 0.815743 0.529761
Node_392597_89_0 0.0105952 0.815743 0.529761
Node_392597_3145238_0 0.0105952 0.815743 0.529761
Node_392597_1862385_0 0.0105952 0.815743 0.529761
Node_392597_2732868_0 0.0105952 0.815743 0.529761
Node_392597_2937441_0 0.0105952 0.815743 0.529761
Node_392597_2742824_0 0.0105952 0.815743 0.529761
Node_392597_3119538_0 0.0105952 0.815743 0.529761
Node_392597_2759899_0 0.0105952 0.815743 0.529761
Node_392597_2728836_0 0.0105952 0.815743 0.529761
Node_392597_2795030_0 0.0105952 0.815743 0.529761
Node_392597_413882_0 0.0105952 0.815743 0.529761
Node_392597_1547922_0 0.0105952 0.815743 0.529761
Node_392597_2897159_0 0.0105952 0.815743 0.529761
Node_392597_420662_0 0.0105952 0.815743 0.529761
Node_413882_1452508_0 0.0105952 0.815743 0.529761
Node_413882_376175_0 0.0105952 0.815743 0.529761
Node_413882_215580_0 0.0105952 0.815743 0.529761
Node_413882_2944811_0 0.0105952 0.815743 0.529761
Node_2795030_2499851_0 0.0105952 0.815743 0.529761
Node_2795030_2795029_0 0.0105952 0.815743 0.529761
Node_2795030_392593_0 0.0105952 0.815743 0.529761
Node_2728836_45677_0 0.0105952 0.815743 0.529761
Node_2759899_2801332_0 0.0105952 0.815743 0.529761
Node_3119538_391953_0 0.0105952 0.815743 0.529761
Node_2742824_2496871_0 0.0105952 0.815743 0.529761
Node_2742824_946333_0 0.0105952 0.815743 0.529761
Node_2937441_2984193_0 0.0105952 0.815743 0.529761
Node_2937441_36863_0 0.0105952 0.815743 0.529761
Node_2937441_2824118_0 0.0105952 0.815743 0.529761
Node_2937441_2824119_0 0.0105952 0.815743 0.529761
Node_2937441_2707176_0 0.0105952 0.815743 0.529761
Node_2937441_1233411_0 0.0105952 0.815743 0.529761
Node_2937441_513160_0 0.0105952 0.815743 0.529761
Node_2732868_2984192_0 0.0105952 0.815743 0.529761
Node_2732868_2984194_0 0.0105952 0.815743 0.529761
Node_2732868_2315236_0 0.0105952 0.815743 0.529761
Node_1862385_2499835_0 0.0105952 0.815743 0.529761
Node_1862385_316997_0 0.0105952 0.815743 0.529761
Node_1862385_983917_0 0.0105952 0.815743 0.529761
Node_3145238_304_0 0.0105952 0.815743 0.529761
Node_3145238_2917965_0 0.0105952 0.815743 0.529761
Node_3145238_3149041_0 0.0105952 0.815743 0.529761
Node_3145238_3019553_0 0.0105952 0.815743 0.529761
Node_3145238_431058_0 0.0105952 0.815743 0.529761
Node_3145238_431059_0 0.0105952 0.815743 0.529761
Node_3145238_431061_0 0.0105952 0.815743 0.529761
Node_3145238_2987525_0 0.0105952 0.815743 0.529761
Node_3145238_2987526_0 0.0105952 0.815743 0.529761
Node_3145238_3053353_0 0.0105952 0.815743 0.529761
Node_3145238_2070761_0 0.0105952 0.815743 0.529761
Node_3145238_270368_0 0.0105952 0.815743 0.529761
Node_3145238_3058042_0 0.0105952 0.815743 0.529761
Node_3145238_76731_0 0.0105952 0.815743 0.529761
Node_3145238_3098619_0 0.0105952 0.815743 0.529761
Node_3145238_3299025_0 0.0105952 0.815743 0.529761
Node_3145238_3299026_0 0.0105952 0.815743 0.529761
Node_3145238_3299028_0 0.0105952 0.815743 0.529761
Node_3145238_2906762_0 0.0105952 0.815743 0.529761
Node_3145238_2906763_0 0.0105952 0.815743 0.529761
Node_3145238_582607_0 0.0105952 0.815743 0.529761
Node_3145238_2978473_0 0.0105952 0.815743 0.529761
Node_3145238_3077235_0 0.0105952 0.815743 0.529761
Node_3145238_1769250_0 0.0105952 0.815743 0.529761
Node_89_522889_0 0.0105952 0.815743 0.529761
Node_89_395495_0 0.0105952 0.815743 0.529761
Node_522889_47994_0 0.0105952 0.815743 0.529761
Node_522889_2735897_0 0.0105952 0.815743 0.529761
Node_522889_639200_0 0.0105952 0.815743 0.529761
Node_522889_744406_0 0.0105952 0.815743 0.529761
Node_522889_2914710_0 0.0105952 0.815743 0.529761
Node_522889_1286631_0 0.0105952 0.815743 0.529761
Node_3064264_2320865_0 0.0105952 0.815743 0.529761
Node_3064264_321983_0 0.0105952 0.815743 0.529761
Node_3064264_1131567_0 0.0105952 0.815743 0.529761
Node_3064264_2828731_0 0.0105952 0.815743 0.529761
Node_3064264_2590999_0 0.0105952 0.815743 0.529761
Node_3064264_2495591_0 0.0105952 0.815743 0.529761
Node_3064264_1747903_0 0.0105952 0.815743 0.529761
Node_3064264_3074428_0 0.0105952 0.815743 0.529761
Node_3064264_2946593_0 0.0105952 0.815743 0.529761
Node_3064264_179467_0 0.0105952 0.815743 0.529761
Node_3064264_279113_0 0.0105952 0.815743 0.529761
Node_3064264_2099400_0 0.0105952 0.815743 0.529761
Node_3064264_1051899_0 0.0105952 0.815743 0.529761
Node_3064264_401470_0 0.0105952 0.815743 0.529761
Node_3064264_1549640_0 0.0105952 0.815743 0.529761
Node_3064264_1224302_0 0.0105952 0.815743 0.529761
Node_3064264_1762892_0 0.0105952 0.815743 0.529761
Node_279113_279058_0 0.0105952 0.815743 0.529761
Node_279113_1005048_0 0.0105952 0.815743 0.529761
Node_179467_573741_0 0.0105952 0.815743 0.529761
Node_2946593_933080_0 0.0105952 0.815743 0.529761
Node_2946593_556268_0 0.0105952 0.815743 0.529761
Node_3074428_568783_0 0.0105952 0.815743 0.529761
Node_3074428_2014887_0 0.0105952 0.815743 0.529761
Node_3074428_213312_0 0.0105952 0.815743 0.529761
Node_3074428_1262470_0 0.0105952 0.815743 0.529761
Node_3074428_3075126_0 0.0105952 0.815743 0.529761
Node_1747903_2987524_0 0.0105952 0.815743 0.529761
Node_1747903_368607_0 0.0105952 0.815743 0.529761
Node_1747903_29581_0 0.0105952 0.815743 0.529761
Node_2495591_401471_0 0.0105952 0.815743 0.529761
Node_2590999_728004_0 0.0105952 0.815743 0.529761
Node_2828731_1344950_0 0.0105952 0.815743 0.529761
Node_2828731_1119058_0 0.0105952 0.815743 0.529761
Node_2828731_2762297_0 0.0105952 0.815743 0.529761
Node_2828731_1812100_0 0.0105952 0.815743 0.529761
Node_2828731_2828728_0 0.0105952 0.815743 0.529761
Node_2828731_3073561_0 0.0105952 0.815743 0.529761
Node_1131567_1344949_0 0.0105952 0.815743 0.529761
Node_1131567_2762291_0 0.0105952 0.815743 0.529761
Node_1131567_2762295_0 0.0105952 0.815743 0.529761
Node_1131567_2828733_0 0.0105952 0.815743 0.529761
Node_1131567_666702_0 0.0105952 0.815743 0.529761
Node_1131567_1537398_0 0.0105952 0.815743 0.529761
Node_321983_34071_0 0.0105952 0.815743 0.529761
Node_321983_457921_0 0.0105952 0.815743 0.529761
Node_321983_2758570_0 0.0105952 0.815743 0.529761
Node_321983_551988_0 0.0105952 0.815743 0.529761
Node_321983_2561931_0 0.0105952 0.815743 0.529761
Node_321983_2692179_0 0.0105952 0.815743 0.529761
Node_321983_2072590_0 0.0105952 0.815743 0.529761
Node_321983_1715466_0 0.0105952 0.815743 0.529761
Node_321983_2666085_0 0.0105952 0.815743 0.529761
Node_321983_864828_0 0.0105952 0.815743 0.529761
Node_321983_1035707_0 0.0105952 0.815743 0.529761
Node_321983_1462440_0 0.0105952 0.815743 0.529761
Node_321983_321984_0 0.0105952 0.815743 0.529761
Node_551988_2692169_0 0.0105952 0.815743 0.529761
Node_551988_2692177_0 0.0105952 0.815743 0.529761
Node_551988_762836_0 0.0105952 0.815743 0.529761
Node_551988_75659_0 0.0105952 0.815743 0.529761
Node_551988_2666081_0 0.0105952 0.815743 0.529761
Node_551988_2666084_0 0.0105952 0.815743 0.529761
Node_551988_551987_0 0.0105952 0.815743 0.529761
Node_551988_2849652_0 0.0105952 0.815743 0.529761
Node_2758570_758825_0 0.0105952 0.815743 0.529761
Node_2758570_2758568_0 0.0105952 0.815743 0.529761
Node_2758570_2743357_0 0.0105952 0.815743 0.529761
Node_457921_1772194_0 0.0105952 0.815743 0.529761
Node_457921_1776165_0 0.0105952 0.815743 0.529761
Node_457921_2728020_0 0.0105952 0.815743 0.529761
Node_457921_2892444_0 0.0105952 0.815743 0.529761
Node_457921_1811224_0 0.0105952 0.815743 0.529761
Node_457921_1811225_0 0.0105952 0.815743 0.529761
Node_457921_1485217_0 0.0105952 0.815743 0.529761
Node_457921_373040_0 0.0105952 0.815743 0.529761
Node_457921_2603288_0 0.0105952 0.815743 0.529761
Node_457921_1524097_0 0.0105952 0.815743 0.529761
Node_457921_2769491_0 0.0105952 0.815743 0.529761
Node_457921_1164594_0 0.0105952 0.815743 0.529761
Node_457921_648894_0 0.0105952 0.815743 0.529761
Node_457921_2320864_0 0.0105952 0.815743 0.529761
Node_457921_453817_0 0.0105952 0.815743 0.529761
Node_457921_3044279_0 0.0105952 0.815743 0.529761
Node_457921_1603353_0 0.0105952 0.815743 0.529761
Node_457921_457923_0 0.0105952 0.815743 0.529761
Node_34071_2717319_0 0.0105952 0.815743 0.529761
Node_2320865_3080276_0 0.0105952 0.815743 0.529761
Node_2320865_1968433_0 0.0105952 0.815743 0.529761
Node_2320865_1224511_0 0.0105952 0.815743 0.529761
Node_2320865_2801341_0 0.0105952 0.815743 0.529761
Node_2320865_1688639_0 0.0105952 0.815743 0.529761
Node_2320865_709839_0 0.0105952 0.815743 0.529761
Node_2320865_2709383_0 0.0105952 0.815743 0.529761
Node_2320865_2320863_0 0.0105952 0.815743 0.529761
Node_2320865_2849687_0 0.0105952 0.815743 0.529761
Node_1054498_2809020_0 0.0105952 0.815743 0.529761
Node_1054498_375574_0 0.0105952 0.815743 0.529761
Node_1054498_83765_0 0.0105952 0.815743 0.529761
Node_1054498_2884804_0 0.0105952 0.815743 0.529761
Node_1054498_57480_0 0.0105952 0.815743 0.529761
Node_2884804_2725557_0 0.0105952 0.815743 0.529761
Node_83765_537_0 0.0105952 0.815743 0.529761
Node_83765_1963018_0 0.0105952 0.815743 0.529761
Node_83765_2571148_0 0.0105952 0.815743 0.529761
Node_83765_613195_0 0.0105952 0.815743 0.529761
Node_83765_857265_0 0.0105952 0.815743 0.529761
Node_83765_300266_0 0.0105952 0.815743 0.529761
Node_83765_3031301_0 0.0105952 0.815743 0.529761
Node_83765_1121001_0 0.0105952 0.815743 0.529761
Node_613195_1041641_0 0.0105952 0.815743 0.529761
Node_2571148_553088_0 0.0105952 0.815743 0.529761
Node_1963018_2594795_0 0.0105952 0.815743 0.529761
Node_1963018_1434937_0 0.0105952 0.815743 0.529761
Node_1963018_1121279_0 0.0105952 0.815743 0.529761
Node_537_590593_0 0.0105952 0.815743 0.529761
Node_375574_1655232_0 0.0105952 0.815743 0.529761
Node_375574_1108595_0 0.0105952 0.815743 0.529761
Node_375574_332411_0 0.0105952 0.815743 0.529761
Node_375574_2675226_0 0.0105952 0.815743 0.529761
Node_375574_1123014_0 0.0105952 0.815743 0.529761
Node_2675226_1225769_0 0.0105952 0.815743 0.529761
Node_2675226_1144873_0 0.0105952 0.815743 0.529761
Node_332411_3044273_0 0.0105952 0.815743 0.529761
Node_1108595_394935_0 0.0105952 0.815743 0.529761
Node_1108595_2202141_0 0.0105952 0.815743 0.529761
Node_1108595_2073169_0 0.0105952 0.815743 0.529761
Node_1108595_1778675_0 0.0105952 0.815743 0.529761
Node_1108595_251747_0 0.0105952 0.815743 0.529761
Node_1108595_3044269_0 0.0105952 0.815743 0.529761
Node_1655232_1507449_0 0.0105952 0.815743 0.529761
Node_1655232_2984199_0 0.0105952 0.815743 0.529761
Node_1655232_2984206_0 0.0105952 0.815743 0.529761
Node_1655232_45465_0 0.0105952 0.815743 0.529761
Node_1655232_1193621_0 0.0105952 0.815743 0.529761
Node_1655232_3160864_0 0.0105952 0.815743 0.529761
Node_1655232_1069161_0 0.0105952 0.815743 0.529761
Node_2809020_63_0 0.0105952 0.815743 0.529761
Node_2809020_547045_0 0.0105952 0.815743 0.529761
Node_2809020_2779506_0 0.0105952 0.815743 0.529761
Node_2809020_153491_0 0.0105952 0.815743 0.529761
Node_2809020_211502_0 0.0105952 0.815743 0.529761
Node_2809020_1452487_0 0.0105952 0.815743 0.529761
Node_2809020_2946699_0 0.0105952 0.815743 0.529761
Node_2809020_2766967_0 0.0105952 0.815743 0.529761
Node_2809020_494_0 0.0105952 0.815743 0.529761
Node_2809020_2067065_0 0.0105952 0.815743 0.529761
Node_2809020_2686017_0 0.0105952 0.815743 0.529761
Node_2766967_546274_0 0.0105952 0.815743 0.529761
Node_2946699_1385367_0 0.0105952 0.815743 0.529761
Node_1452487_2563443_0 0.0105952 0.815743 0.529761
Node_1452487_3056844_0 0.0105952 0.815743 0.529761
Node_1452487_2290923_0 0.0105952 0.815743 0.529761
Node_211502_1121352_0 0.0105952 0.815743 0.529761
Node_153491_1120981_0 0.0105952 0.815743 0.529761
Node_2779506_1522312_0 0.0105952 0.815743 0.529761
Node_2779506_888741_0 0.0105952 0.815743 0.529761
Node_547045_492_0 0.0105952 0.815743 0.529761
Node_547045_1470200_0 0.0105952 0.815743 0.529761
Node_547045_2912188_0 0.0105952 0.815743 0.529761
Node_547045_194197_0 0.0105952 0.815743 0.529761
Node_547045_888742_0 0.0105952 0.815743 0.529761
Node_547045_662598_0 0.0105952 0.815743 0.529761
Node_547045_1030841_0 0.0105952 0.815743 0.529761
Node_547045_1032488_0 0.0105952 0.815743 0.529761
Node_547045_521006_0 0.0105952 0.815743 0.529761
Node_63_61_0 0.0105952 0.815743 0.529761
Node_63_1689272_0 0.0105952 0.815743 0.529761
Node_585455_69539_0 0.0105952 0.815743 0.529761
Node_585455_1385517_0 0.0105952 0.815743 0.529761
Node_585455_141451_0 0.0105952 0.815743 0.529761
Node_585455_1680762_0 0.0105952 0.815743 0.529761
Node_585455_62101_0 0.0105952 0.815743 0.529761
Node_585455_584787_0 0.0105952 0.815743 0.529761
Node_585455_634765_0 0.0105952 0.815743 0.529761
Node_585455_675874_0 0.0105952 0.815743 0.529761
Node_585455_28159_0 0.0105952 0.815743 0.529761
Node_585455_13276_0 0.0105952 0.815743 0.529761
Node_585455_1860122_0 0.0105952 0.815743 0.529761
Node_585455_2841688_0 0.0105952 0.815743 0.529761
Node_585455_381308_0 0.0105952 0.815743 0.529761
Node_585455_1755811_0 0.0105952 0.815743 0.529761
Node_585455_1077255_0 0.0105952 0.815743 0.529761
Node_585455_1632867_0 0.0105952 0.815743 0.529761
Node_585455_1076937_0 0.0105952 0.815743 0.529761
Node_585455_1620215_0 0.0105952 0.815743 0.529761
Node_585455_1196095_0 0.0105952 0.815743 0.529761
Node_585455_2695856_0 0.0105952 0.815743 0.529761
Node_585455_658187_0 0.0105952 0.815743 0.529761
Node_585455_1304275_0 0.0105952 0.815743 0.529761
Node_585455_1329800_0 0.0105952 0.815743 0.529761
Node_585455_1561924_0 0.0105952 0.815743 0.529761
Node_585455_1548547_0 0.0105952 0.815743 0.529761
Node_585455_3110268_0 0.0105952 0.815743 0.529761
Node_1561924_914150_0 0.0105952 0.815743 0.529761
Node_1329800_644221_0 0.0105952 0.815743 0.529761
Node_1304275_2094031_0 0.0105952 0.815743 0.529761
Node_1304275_1304272_0 0.0105952 0.815743 0.529761
Node_1304275_856730_0 0.0105952 0.815743 0.529761
Node_658187_447_0 0.0105952 0.815743 0.529761
Node_658187_451_0 0.0105952 0.815743 0.529761
Node_658187_454_0 0.0105952 0.815743 0.529761
Node_658187_39962_0 0.0105952 0.815743 0.529761
Node_658187_45074_0 0.0105952 0.815743 0.529761
Node_658187_1034943_0 0.0105952 0.815743 0.529761
Node_658187_1498499_0 0.0105952 0.815743 0.529761
Node_658187_28085_0 0.0105952 0.815743 0.529761
Node_658187_96232_0 0.0105952 0.815743 0.529761
Node_658187_297245_0 0.0105952 0.815743 0.529761
Node_658187_1122169_0 0.0105952 0.815743 0.529761
Node_2695856_732238_0 0.0105952 0.815743 0.529761
Node_2695856_465721_0 0.0105952 0.815743 0.529761
Node_2695856_1842136_0 0.0105952 0.815743 0.529761
Node_2695856_2805490_0 0.0105952 0.815743 0.529761
Node_1196095_2741544_0 0.0105952 0.815743 0.529761
Node_1196095_1970738_0 0.0105952 0.815743 0.529761
Node_1196095_1798183_0 0.0105952 0.815743 0.529761
Node_1620215_1675686_0 0.0105952 0.815743 0.529761
Node_1620215_163359_0 0.0105952 0.815743 0.529761
Node_1076937_2086571_0 0.0105952 0.815743 0.529761
Node_1076937_490188_0 0.0105952 0.815743 0.529761
Node_1076937_985250_0 0.0105952 0.815743 0.529761
Node_1076937_2689987_0 0.0105952 0.815743 0.529761
Node_1076937_381431_0 0.0105952 0.815743 0.529761
Node_1076937_2029166_0 0.0105952 0.815743 0.529761
Node_490188_1172194_0 0.0105952 0.815743 0.529761
Node_2086571_1396819_0 0.0105952 0.815743 0.529761
Node_2086571_2714601_0 0.0105952 0.815743 0.529761
Node_1632867_1538553_0 0.0105952 0.815743 0.529761
Node_1632867_2707345_0 0.0105952 0.815743 0.529761
Node_1632867_1704499_0 0.0105952 0.815743 0.529761
Node_1632867_1420851_0 0.0105952 0.815743 0.529761
Node_1632867_3067653_0 0.0105952 0.815743 0.529761
Node_1632867_1760988_0 0.0105952 0.815743 0.529761
Node_1632867_686340_0 0.0105952 0.815743 0.529761
Node_2707345_697282_0 0.0105952 0.815743 0.529761
Node_1538553_2952224_0 0.0105952 0.815743 0.529761
Node_1538553_2952226_0 0.0105952 0.815743 0.529761
Node_1538553_702114_0 0.0105952 0.815743 0.529761
Node_1538553_1173101_0 0.0105952 0.815743 0.529761
Node_1538553_318114_0 0.0105952 0.815743 0.529761
Node_1077255_1230338_0 0.0105952 0.815743 0.529761
Node_1077255_62977_0 0.0105952 0.815743 0.529761
Node_1077255_34059_0 0.0105952 0.815743 0.529761
Node_1077255_45610_0 0.0105952 0.815743 0.529761
Node_1077255_2283318_0 0.0105952 0.815743 0.529761
Node_1077255_1435465_0 0.0105952 0.815743 0.529761
Node_1077255_748120_0 0.0105952 0.815743 0.529761
Node_1077255_2094561_0 0.0105952 0.815743 0.529761
Node_45610_198480_0 0.0105952 0.815743 0.529761
Node_45610_2565531_0 0.0105952 0.815743 0.529761
Node_45610_1945520_0 0.0105952 0.815743 0.529761
Node_45610_554343_0 0.0105952 0.815743 0.529761
Node_34059_34062_0 0.0105952 0.815743 0.529761
Node_62977_1785128_0 0.0105952 0.815743 0.529761
Node_62977_1871111_0 0.0105952 0.815743 0.529761
Node_62977_1806892_0 0.0105952 0.815743 0.529761
Node_62977_70346_0 0.0105952 0.815743 0.529761
Node_62977_2004650_0 0.0105952 0.815743 0.529761
Node_62977_595670_0 0.0105952 0.815743 0.529761
Node_62977_2136182_0 0.0105952 0.815743 0.529761
Node_62977_2136183_0 0.0105952 0.815743 0.529761
Node_62977_202956_0 0.0105952 0.815743 0.529761
Node_62977_1219383_0 0.0105952 0.815743 0.529761
Node_62977_2006115_0 0.0105952 0.815743 0.529761
Node_62977_1776741_0 0.0105952 0.815743 0.529761
Node_62977_1776742_0 0.0105952 0.815743 0.529761
Node_62977_106651_0 0.0105952 0.815743 0.529761
Node_62977_1582270_0 0.0105952 0.815743 0.529761
Node_62977_2665161_0 0.0105952 0.815743 0.529761
Node_62977_2994642_0 0.0105952 0.815743 0.529761
Node_62977_1324350_0 0.0105952 0.815743 0.529761
Node_62977_1096779_0 0.0105952 0.815743 0.529761
Node_62977_2605270_0 0.0105952 0.815743 0.529761
Node_62977_1229165_0 0.0105952 0.815743 0.529761
Node_62977_1262585_0 0.0105952 0.815743 0.529761
Node_62977_280147_0 0.0105952 0.815743 0.529761
Node_62977_281375_0 0.0105952 0.815743 0.529761
Node_62977_1789224_0 0.0105952 0.815743 0.529761
Node_62977_2053287_0 0.0105952 0.815743 0.529761
Node_62977_2419603_0 0.0105952 0.815743 0.529761
Node_62977_2715163_0 0.0105952 0.815743 0.529761
Node_62977_2126983_0 0.0105952 0.815743 0.529761
Node_62977_1217656_0 0.0105952 0.815743 0.529761
Node_62977_1217662_0 0.0105952 0.815743 0.529761
Node_62977_1217677_0 0.0105952 0.815743 0.529761
Node_62977_1120926_0 0.0105952 0.815743 0.529761
Node_62977_3156489_0 0.0105952 0.815743 0.529761
Node_62977_1392540_0 0.0105952 0.815743 0.529761
Node_62977_707232_0 0.0105952 0.815743 0.529761
Node_62977_421052_0 0.0105952 0.815743 0.529761
Node_62977_1341683_0 0.0105952 0.815743 0.529761
Node_1785128_509170_0 0.0105952 0.815743 0.529761
Node_1785128_1530123_0 0.0105952 0.815743 0.529761
Node_509170_557600_0 0.0105952 0.815743 0.529761
Node_509170_1409923_0 0.0105952 0.815743 0.529761
Node_509170_1310613_0 0.0105952 0.815743 0.529761
Node_1230338_476_0 0.0105952 0.815743 0.529761
Node_1230338_478_0 0.0105952 0.815743 0.529761
Node_1230338_480_0 0.0105952 0.815743 0.529761
Node_1230338_34060_0 0.0105952 0.815743 0.529761
Node_1230338_470453_0 0.0105952 0.815743 0.529761
Node_1230338_2904122_0 0.0105952 0.815743 0.529761
Node_1230338_90239_0 0.0105952 0.815743 0.529761
Node_1230338_1122245_0 0.0105952 0.815743 0.529761
Node_1230338_743974_0 0.0105952 0.815743 0.529761
Node_1755811_1927128_0 0.0105952 0.815743 0.529761
Node_1755811_388278_0 0.0105952 0.815743 0.529761
Node_1755811_1278244_0 0.0105952 0.815743 0.529761
Node_1755811_1238450_0 0.0105952 0.815743 0.529761
Node_1755811_566293_0 0.0105952 0.815743 0.529761
Node_1755811_1179155_0 0.0105952 0.815743 0.529761
Node_1755811_1908198_0 0.0105952 0.815743 0.529761
Node_1755811_1796497_0 0.0105952 0.815743 0.529761
Node_1179155_1236703_0 0.0105952 0.815743 0.529761
Node_566293_80852_0 0.0105952 0.815743 0.529761
Node_1238450_685_0 0.0105952 0.815743 0.529761
Node_1238450_689_0 0.0105952 0.815743 0.529761
Node_1238450_526588_0 0.0105952 0.815743 0.529761
Node_1238450_945543_0 0.0105952 0.815743 0.529761
Node_1238450_1117707_0 0.0105952 0.815743 0.529761
Node_1238450_659351_0 0.0105952 0.815743 0.529761
Node_1238450_462991_0 0.0105952 0.815743 0.529761
Node_1238450_1381081_0 0.0105952 0.815743 0.529761
Node_1238450_2200953_0 0.0105952 0.815743 0.529761
Node_1238450_2758441_0 0.0105952 0.815743 0.529761
Node_1238450_3020714_0 0.0105952 0.815743 0.529761
Node_1238450_1229493_0 0.0105952 0.815743 0.529761
Node_1238450_170651_0 0.0105952 0.815743 0.529761
Node_1238450_2726741_0 0.0105952 0.815743 0.529761
Node_1238450_1481663_0 0.0105952 0.815743 0.529761
Node_1238450_990268_0 0.0105952 0.815743 0.529761
Node_1238450_1481914_0 0.0105952 0.815743 0.529761
Node_1238450_1481923_0 0.0105952 0.815743 0.529761
Node_1238450_2302434_0 0.0105952 0.815743 0.529761
Node_1238450_861298_0 0.0105952 0.815743 0.529761
Node_1238450_2829489_0 0.0105952 0.815743 0.529761
Node_1238450_1652836_0 0.0105952 0.815743 0.529761
Node_1238450_474394_0 0.0105952 0.815743 0.529761
Node_1238450_212667_0 0.0105952 0.815743 0.529761
Node_1238450_673372_0 0.0105952 0.815743 0.529761
Node_1238450_1918945_0 0.0105952 0.815743 0.529761
Node_1238450_1918946_0 0.0105952 0.815743 0.529761
Node_1238450_3034029_0 0.0105952 0.815743 0.529761
Node_1238450_1461322_0 0.0105952 0.815743 0.529761
Node_1238450_446374_0 0.0105952 0.815743 0.529761
Node_1238450_2807619_0 0.0105952 0.815743 0.529761
Node_1238450_579748_0 0.0105952 0.815743 0.529761
Node_1238450_55601_0 0.0105952 0.815743 0.529761
Node_1238450_2841925_0 0.0105952 0.815743 0.529761
Node_1238450_2711221_0 0.0105952 0.815743 0.529761
Node_1238450_1074311_0 0.0105952 0.815743 0.529761
Node_1238450_1435069_0 0.0105952 0.815743 0.529761
Node_1238450_190893_0 0.0105952 0.815743 0.529761
Node_1238450_28171_0 0.0105952 0.815743 0.529761
Node_1238450_2847292_0 0.0105952 0.815743 0.529761
Node_1238450_29494_0 0.0105952 0.815743 0.529761
Node_1238450_29495_0 0.0105952 0.815743 0.529761
Node_1238450_2487322_0 0.0105952 0.815743 0.529761
Node_1238450_62763_0 0.0105952 0.815743 0.529761
Node_1238450_1046128_0 0.0105952 0.815743 0.529761
Node_1238450_1243002_0 0.0105952 0.815743 0.529761
Node_1238450_2653505_0 0.0105952 0.815743 0.529761
Node_1238450_654686_0 0.0105952 0.815743 0.529761
Node_1238450_1671868_0 0.0105952 0.815743 0.529761
Node_1238450_1216006_0 0.0105952 0.815743 0.529761
Node_1238450_1219065_0 0.0105952 0.815743 0.529761
Node_1238450_1219070_0 0.0105952 0.815743 0.529761
Node_1238450_1219072_0 0.0105952 0.815743 0.529761
Node_1238450_1188252_0 0.0105952 0.815743 0.529761
Node_1238450_2695891_0 0.0105952 0.815743 0.529761
Node_1238450_1123492_0 0.0105952 0.815743 0.529761
Node_1238450_1123498_0 0.0105952 0.815743 0.529761
Node_1238450_796620_0 0.0105952 0.815743 0.529761
Node_1238450_1191298_0 0.0105952 0.815743 0.529761
Node_1238450_634439_0 0.0105952 0.815743 0.529761
Node_1238450_345073_0 0.0105952 0.815743 0.529761
Node_1238450_575788_0 0.0105952 0.815743 0.529761
Node_1238450_196600_0 0.0105952 0.815743 0.529761
Node_1652836_3232307_0 0.0105952 0.815743 0.529761
Node_1229493_766224_0 0.0105952 0.815743 0.529761
Node_1229493_50718_0 0.0105952 0.815743 0.529761
Node_1229493_190895_0 0.0105952 0.815743 0.529761
Node_1229493_1219064_0 0.0105952 0.815743 0.529761
Node_1229493_1219067_0 0.0105952 0.815743 0.529761
Node_1229493_2902295_0 0.0105952 0.815743 0.529761
Node_945543_300876_0 0.0105952 0.815743 0.529761
Node_945543_1051646_0 0.0105952 0.815743 0.529761
Node_945543_945550_0 0.0105952 0.815743 0.529761
Node_1278244_1080227_0 0.0105952 0.815743 0.529761
Node_388278_294936_0 0.0105952 0.815743 0.529761
Node_388278_754436_0 0.0105952 0.815743 0.529761
Node_388278_264736_0 0.0105952 0.815743 0.529761
Node_388278_1903952_0 0.0105952 0.815743 0.529761
Node_388278_265726_0 0.0105952 0.815743 0.529761
Node_388278_1775171_0 0.0105952 0.815743 0.529761
Node_388278_1056511_0 0.0105952 0.815743 0.529761
Node_388278_865757_0 0.0105952 0.815743 0.529761
Node_388278_1654360_0 0.0105952 0.815743 0.529761
Node_388278_1195763_0 0.0105952 0.815743 0.529761
Node_388278_512643_0 0.0105952 0.815743 0.529761
Node_388278_2774143_0 0.0105952 0.815743 0.529761
Node_388278_320778_0 0.0105952 0.815743 0.529761
Node_388278_1342794_0 0.0105952 0.815743 0.529761
Node_1927128_294935_0 0.0105952 0.815743 0.529761
Node_1927128_1185651_0 0.0105952 0.815743 0.529761
Node_1927128_1121868_0 0.0105952 0.815743 0.529761
Node_1185651_1121869_0 0.0105952 0.815743 0.529761
Node_381308_415747_0 0.0105952 0.815743 0.529761
Node_2841688_2200906_0 0.0105952 0.815743 0.529761
Node_2841688_400390_0 0.0105952 0.815743 0.529761
Node_2841688_1655571_0 0.0105952 0.815743 0.529761
Node_2841688_886464_0 0.0105952 0.815743 0.529761
Node_2841688_559956_0 0.0105952 0.815743 0.529761
Node_2841688_1524264_0 0.0105952 0.815743 0.529761
Node_2841688_2510334_0 0.0105952 0.815743 0.529761
Node_2841688_1125411_0 0.0105952 0.815743 0.529761
Node_2510334_1655577_0 0.0105952 0.815743 0.529761
Node_2510334_1986256_0 0.0105952 0.815743 0.529761
Node_559956_412034_0 0.0105952 0.815743 0.529761
Node_886464_1133106_0 0.0105952 0.815743 0.529761
Node_1655571_2030880_0 0.0105952 0.815743 0.529761
Node_400390_152573_0 0.0105952 0.815743 0.529761
Node_2200906_2200908_0 0.0105952 0.815743 0.529761
Node_1860122_1166950_0 0.0105952 0.815743 0.529761
Node_1860122_2548426_0 0.0105952 0.815743 0.529761
Node_1860122_3119006_0 0.0105952 0.815743 0.529761
Node_1860122_414046_0 0.0105952 0.815743 0.529761
Node_1860122_1317117_0 0.0105952 0.815743 0.529761
Node_1860122_47960_0 0.0105952 0.815743 0.529761
Node_1860122_1192854_0 0.0105952 0.815743 0.529761
Node_414046_108003_0 0.0105952 0.815743 0.529761
Node_414046_1335757_0 0.0105952 0.815743 0.529761
Node_414046_1765967_0 0.0105952 0.815743 0.529761
Node_414046_406100_0 0.0105952 0.815743 0.529761
Node_414046_1750597_0 0.0105952 0.815743 0.529761
Node_414046_2182432_0 0.0105952 0.815743 0.529761
Node_414046_85925_0 0.0105952 0.815743 0.529761
Node_414046_547122_0 0.0105952 0.815743 0.529761
Node_1765967_160660_0 0.0105952 0.815743 0.529761
Node_1335757_3122417_0 0.0105952 0.815743 0.529761
Node_1335757_2664894_0 0.0105952 0.815743 0.529761
Node_1335757_1260251_0 0.0105952 0.815743 0.529761
Node_108003_106634_0 0.0105952 0.815743 0.529761
Node_108003_1255043_0 0.0105952 0.815743 0.529761
Node_3119006_1579979_0 0.0105952 0.815743 0.529761
Node_3119006_2613842_0 0.0105952 0.815743 0.529761
Node_1579979_1792836_0 0.0105952 0.815743 0.529761
Node_2548426_2792791_0 0.0105952 0.815743 0.529761
Node_2548426_1543721_0 0.0105952 0.815743 0.529761
Node_2548426_191960_0 0.0105952 0.815743 0.529761
Node_2792791_2792787_0 0.0105952 0.815743 0.529761
Node_2792791_1818881_0 0.0105952 0.815743 0.529761
Node_1166950_875043_0 0.0105952 0.815743 0.529761
Node_1166950_1323745_0 0.0105952 0.815743 0.529761
Node_1166950_1048_0 0.0105952 0.815743 0.529761
Node_1166950_1058_0 0.0105952 0.815743 0.529761
Node_1166950_329406_0 0.0105952 0.815743 0.529761
Node_1166950_77007_0 0.0105952 0.815743 0.529761
Node_1166950_1653858_0 0.0105952 0.815743 0.529761
Node_1166950_765911_0 0.0105952 0.815743 0.529761
Node_1323745_2848612_0 0.0105952 0.815743 0.529761
Node_875043_1774958_0 0.0105952 0.815743 0.529761
Node_875043_400153_0 0.0105952 0.815743 0.529761
Node_875043_1547515_0 0.0105952 0.815743 0.529761
Node_875043_443616_0 0.0105952 0.815743 0.529761
Node_875043_1628148_0 0.0105952 0.815743 0.529761
Node_875043_1834037_0 0.0105952 0.815743 0.529761
Node_13276_472583_0 0.0105952 0.815743 0.529761
Node_13276_2654998_0 0.0105952 0.815743 0.529761
Node_13276_246195_0 0.0105952 0.815743 0.529761
Node_13276_279832_0 0.0105952 0.815743 0.529761
Node_472583_1157986_0 0.0105952 0.815743 0.529761
Node_472583_2923279_0 0.0105952 0.815743 0.529761
Node_472583_2838621_0 0.0105952 0.815743 0.529761
Node_28159_2028574_0 0.0105952 0.815743 0.529761
Node_28159_233412_0 0.0105952 0.815743 0.529761
Node_28159_203482_0 0.0105952 0.815743 0.529761
Node_28159_1122938_0 0.0105952 0.815743 0.529761
Node_28159_146806_0 0.0105952 0.815743 0.529761
Node_28159_51049_0 0.0105952 0.815743 0.529761
Node_28159_733_0 0.0105952 0.815743 0.529761
Node_28159_1907939_0 0.0105952 0.815743 0.529761
Node_28159_1521930_0 0.0105952 0.815743 0.529761
Node_28159_1521931_0 0.0105952 0.815743 0.529761
Node_28159_85402_0 0.0105952 0.815743 0.529761
Node_28159_2094024_0 0.0105952 0.815743 0.529761
Node_51049_51161_0 0.0105952 0.815743 0.529761
Node_146806_97481_0 0.0105952 0.815743 0.529761
Node_1122938_667128_0 0.0105952 0.815743 0.529761
Node_203482_256731_0 0.0105952 0.815743 0.529761
Node_233412_1078480_0 0.0105952 0.815743 0.529761
Node_233412_71421_0 0.0105952 0.815743 0.529761
Node_2028574_2028575_0 0.0105952 0.815743 0.529761
Node_675874_179995_0 0.0105952 0.815743 0.529761
Node_675874_1268236_0 0.0105952 0.815743 0.529761
Node_675874_328412_0 0.0105952 0.815743 0.529761
Node_675874_84158_0 0.0105952 0.815743 0.529761
Node_675874_1414654_0 0.0105952 0.815743 0.529761
Node_675874_347534_0 0.0105952 0.815743 0.529761
Node_675874_595494_0 0.0105952 0.815743 0.529761
Node_347534_870480_0 0.0105952 0.815743 0.529761
Node_347534_2803811_0 0.0105952 0.815743 0.529761
Node_347534_2116700_0 0.0105952 0.815743 0.529761
Node_347534_347535_0 0.0105952 0.815743 0.529761
Node_1414654_1903694_0 0.0105952 0.815743 0.529761
Node_1414654_981381_0 0.0105952 0.815743 0.529761
Node_84158_264574_0 0.0105952 0.815743 0.529761
Node_84158_3028314_0 0.0105952 0.815743 0.529761
Node_84158_129578_0 0.0105952 0.815743 0.529761
Node_328412_2138166_0 0.0105952 0.815743 0.529761
Node_1268236_648_0 0.0105952 0.815743 0.529761
Node_1268236_105751_0 0.0105952 0.815743 0.529761
Node_1268236_440079_0 0.0105952 0.815743 0.529761
Node_1268236_1268237_0 0.0105952 0.815743 0.529761
Node_179995_2820300_0 0.0105952 0.815743 0.529761
Node_179995_867_0 0.0105952 0.815743 0.529761
Node_179995_762983_0 0.0105952 0.815743 0.529761
Node_2820300_1123324_0 0.0105952 0.815743 0.529761
Node_634765_28885_0 0.0105952 0.815743 0.529761
Node_634765_1247513_0 0.0105952 0.815743 0.529761
Node_634765_2735563_0 0.0105952 0.815743 0.529761
Node_634765_3080823_0 0.0105952 0.815743 0.529761
Node_634765_40754_0 0.0105952 0.815743 0.529761
Node_634765_1003181_0 0.0105952 0.815743 0.529761
Node_2735563_2799669_0 0.0105952 0.815743 0.529761
Node_2735563_92487_0 0.0105952 0.815743 0.529761
Node_1247513_1481894_0 0.0105952 0.815743 0.529761
Node_28885_2580412_0 0.0105952 0.815743 0.529761
Node_28885_637616_0 0.0105952 0.815743 0.529761
Node_2580412_2739063_0 0.0105952 0.815743 0.529761
Node_2580412_2748010_0 0.0105952 0.815743 0.529761
Node_584787_486993_0 0.0105952 0.815743 0.529761
Node_584787_71656_0 0.0105952 0.815743 0.529761
Node_584787_2060067_0 0.0105952 0.815743 0.529761
Node_584787_1560201_0 0.0105952 0.815743 0.529761
Node_584787_1354271_0 0.0105952 0.815743 0.529761
Node_584787_2697027_0 0.0105952 0.815743 0.529761
Node_584787_2897391_0 0.0105952 0.815743 0.529761
Node_584787_1549888_0 0.0105952 0.815743 0.529761
Node_584787_500638_0 0.0105952 0.815743 0.529761
Node_584787_745411_0 0.0105952 0.815743 0.529761
Node_1549888_1123402_0 0.0105952 0.815743 0.529761
Node_2897391_158841_0 0.0105952 0.815743 0.529761
Node_2697027_466109_0 0.0105952 0.815743 0.529761
Node_2697027_1239307_0 0.0105952 0.815743 0.529761
Node_1354271_1873482_0 0.0105952 0.815743 0.529761
Node_1354271_1141660_0 0.0105952 0.815743 0.529761
Node_1354271_2805098_0 0.0105952 0.815743 0.529761
Node_1354271_1124991_0 0.0105952 0.815743 0.529761
Node_1141660_3037798_0 0.0105952 0.815743 0.529761
Node_1141660_663916_0 0.0105952 0.815743 0.529761
Node_1141660_1141662_0 0.0105952 0.815743 0.529761
Node_1873482_406817_0 0.0105952 0.815743 0.529761
Node_1560201_55212_0 0.0105952 0.815743 0.529761
Node_1560201_1544696_0 0.0105952 0.815743 0.529761
Node_1560201_1076550_0 0.0105952 0.815743 0.529761
Node_1560201_665914_0 0.0105952 0.815743 0.529761
Node_1560201_642227_0 0.0105952 0.815743 0.529761
Node_1560201_1619313_0 0.0105952 0.815743 0.529761
Node_1560201_1926881_0 0.0105952 0.815743 0.529761
Node_642227_399969_0 0.0105952 0.815743 0.529761
Node_642227_1005995_0 0.0105952 0.815743 0.529761
Node_665914_2562439_0 0.0105952 0.815743 0.529761
Node_665914_1458355_0 0.0105952 0.815743 0.529761
Node_1076550_2364647_0 0.0105952 0.815743 0.529761
Node_1076550_1938870_0 0.0105952 0.815743 0.529761
Node_1076550_2726955_0 0.0105952 0.815743 0.529761
Node_1076550_472693_0 0.0105952 0.815743 0.529761
Node_1076550_1884370_0 0.0105952 0.815743 0.529761
Node_1076550_574096_0 0.0105952 0.815743 0.529761
Node_1076550_3230026_0 0.0105952 0.815743 0.529761
Node_1076550_2608357_0 0.0105952 0.815743 0.529761
Node_1076550_55209_0 0.0105952 0.815743 0.529761
Node_1076550_1465635_0 0.0105952 0.815743 0.529761
Node_1076550_1891675_0 0.0105952 0.815743 0.529761
Node_1076550_932677_0 0.0105952 0.815743 0.529761
Node_1544696_988801_0 0.0105952 0.815743 0.529761
Node_55212_69224_0 0.0105952 0.815743 0.529761
Node_55212_889211_0 0.0105952 0.815743 0.529761
Node_55212_1922217_0 0.0105952 0.815743 0.529761
Node_55212_55211_0 0.0105952 0.815743 0.529761
Node_55212_3237104_0 0.0105952 0.815743 0.529761
Node_889211_1219359_0 0.0105952 0.815743 0.529761
Node_2060067_61651_0 0.0105952 0.815743 0.529761
Node_2060067_2703884_0 0.0105952 0.815743 0.529761
Node_2060067_349968_0 0.0105952 0.815743 0.529761
Node_2060067_1878942_0 0.0105952 0.815743 0.529761
Node_2060067_929813_0 0.0105952 0.815743 0.529761
Node_2060067_2703885_0 0.0105952 0.815743 0.529761
Node_2060067_910964_0 0.0105952 0.815743 0.529761
Node_349968_29483_0 0.0105952 0.815743 0.529761
Node_349968_360102_0 0.0105952 0.815743 0.529761
Node_2703884_1513468_0 0.0105952 0.815743 0.529761
Node_2703884_1646377_0 0.0105952 0.815743 0.529761
Node_2703884_3234145_0 0.0105952 0.815743 0.529761
Node_61651_2034155_0 0.0105952 0.815743 0.529761
Node_61651_137545_0 0.0105952 0.815743 0.529761
Node_61651_47917_0 0.0105952 0.815743 0.529761
Node_61651_61652_0 0.0105952 0.815743 0.529761
Node_71656_590409_0 0.0105952 0.815743 0.529761
Node_71656_2691583_0 0.0105952 0.815743 0.529761
Node_71656_2778550_0 0.0105952 0.815743 0.529761
Node_71656_2590031_0 0.0105952 0.815743 0.529761
Node_71656_71657_0 0.0105952 0.815743 0.529761
Node_2778550_180957_0 0.0105952 0.815743 0.529761
Node_2778550_1201031_0 0.0105952 0.815743 0.529761
Node_2778550_218491_0 0.0105952 0.815743 0.529761
Node_2691583_3157919_0 0.0105952 0.815743 0.529761
Node_590409_1577887_0 0.0105952 0.815743 0.529761
Node_590409_204039_0 0.0105952 0.815743 0.529761
Node_590409_204042_0 0.0105952 0.815743 0.529761
Node_590409_1778540_0 0.0105952 0.815743 0.529761
Node_590409_198628_0 0.0105952 0.815743 0.529761
Node_486993_1006551_0 0.0105952 0.815743 0.529761
Node_486993_395631_0 0.0105952 0.815743 0.529761
Node_486993_1354253_0 0.0105952 0.815743 0.529761
Node_486993_299766_0 0.0105952 0.815743 0.529761
Node_486993_435910_0 0.0105952 0.815743 0.529761
Node_486993_379893_0 0.0105952 0.815743 0.529761
Node_486993_2022662_0 0.0105952 0.815743 0.529761
Node_486993_451513_0 0.0105952 0.815743 0.529761
Node_486993_158822_0 0.0105952 0.815743 0.529761
Node_486993_61646_0 0.0105952 0.815743 0.529761
Node_486993_357233_0 0.0105952 0.815743 0.529761
Node_486993_1639133_0 0.0105952 0.815743 0.529761
Node_486993_693216_0 0.0105952 0.815743 0.529761
Node_486993_2799638_0 0.0105952 0.815743 0.529761
Node_486993_476281_0 0.0105952 0.815743 0.529761
Node_486993_2871826_0 0.0105952 0.815743 0.529761
Node_486993_904139_0 0.0105952 0.815743 0.529761
Node_299766_69218_0 0.0105952 0.815743 0.529761
Node_299766_716541_0 0.0105952 0.815743 0.529761
Node_1354253_1006004_0 0.0105952 0.815743 0.529761
Node_395631_1485952_0 0.0105952 0.815743 0.529761
Node_1006551_577_0 0.0105952 0.815743 0.529761
Node_1006551_1259973_0 0.0105952 0.815743 0.529761
Node_1006551_2058152_0 0.0105952 0.815743 0.529761
Node_1006551_1028307_0 0.0105952 0.815743 0.529761
Node_1006551_574_0 0.0105952 0.815743 0.529761
Node_62101_2944933_0 0.0105952 0.815743 0.529761
Node_62101_565045_0 0.0105952 0.815743 0.529761
Node_62101_247633_0 0.0105952 0.815743 0.529761
Node_62101_2315479_0 0.0105952 0.815743 0.529761
Node_62101_1492769_0 0.0105952 0.815743 0.529761
Node_62101_1237077_0 0.0105952 0.815743 0.529761
Node_62101_2721545_0 0.0105952 0.815743 0.529761
Node_62101_2591008_0 0.0105952 0.815743 0.529761
Node_62101_1444977_0 0.0105952 0.815743 0.529761
Node_62101_3058037_0 0.0105952 0.815743 0.529761
Node_62101_306545_0 0.0105952 0.815743 0.529761
Node_62101_569599_0 0.0105952 0.815743 0.529761
Node_62101_570281_0 0.0105952 0.815743 0.529761
Node_62101_2904075_0 0.0105952 0.815743 0.529761
Node_62101_1470433_0 0.0105952 0.815743 0.529761
Node_62101_377629_0 0.0105952 0.815743 0.529761
Node_1237077_39650_0 0.0105952 0.815743 0.529761
Node_1237077_2082724_0 0.0105952 0.815743 0.529761
Node_1237077_498211_0 0.0105952 0.815743 0.529761
Node_1492769_1510459_0 0.0105952 0.815743 0.529761
Node_1492769_1117647_0 0.0105952 0.815743 0.529761
Node_2315479_434086_0 0.0105952 0.815743 0.529761
Node_2315479_2559237_0 0.0105952 0.815743 0.529761
Node_2315479_1655626_0 0.0105952 0.815743 0.529761
Node_2315479_314287_0 0.0105952 0.815743 0.529761
Node_2315479_2974818_0 0.0105952 0.815743 0.529761
Node_247633_2760804_0 0.0105952 0.815743 0.529761
Node_247633_1641715_0 0.0105952 0.815743 0.529761
Node_247633_2304603_0 0.0105952 0.815743 0.529761
Node_247633_2950436_0 0.0105952 0.815743 0.529761
Node_247633_716816_0 0.0105952 0.815743 0.529761
Node_247633_2029982_0 0.0105952 0.815743 0.529761
Node_2304603_2857107_0 0.0105952 0.815743 0.529761
Node_2304603_641702_0 0.0105952 0.815743 0.529761
Node_1641715_933926_0 0.0105952 0.815743 0.529761
Node_2760804_2721624_0 0.0105952 0.815743 0.529761
Node_2760804_2794344_0 0.0105952 0.815743 0.529761
Node_565045_1737061_0 0.0105952 0.815743 0.529761
Node_565045_3081201_0 0.0105952 0.815743 0.529761
Node_565045_1905677_0 0.0105952 0.815743 0.529761
Node_565045_2601894_0 0.0105952 0.815743 0.529761
Node_565045_651086_0 0.0105952 0.815743 0.529761
Node_565045_2547392_0 0.0105952 0.815743 0.529761
Node_565045_2758564_0 0.0105952 0.815743 0.529761
Node_565045_2562682_0 0.0105952 0.815743 0.529761
Node_565045_930806_0 0.0105952 0.815743 0.529761
Node_565045_1132028_0 0.0105952 0.815743 0.529761
Node_565045_287487_0 0.0105952 0.815743 0.529761
Node_565045_2518989_0 0.0105952 0.815743 0.529761
Node_565045_2518991_0 0.0105952 0.815743 0.529761
Node_565045_2518993_0 0.0105952 0.815743 0.529761
Node_565045_2518994_0 0.0105952 0.815743 0.529761
Node_565045_1265313_0 0.0105952 0.815743 0.529761
Node_2547392_2283635_0 0.0105952 0.815743 0.529761
Node_2547392_2518990_0 0.0105952 0.815743 0.529761
Node_651086_1852021_0 0.0105952 0.815743 0.529761
Node_651086_2716870_0 0.0105952 0.815743 0.529761
Node_2601894_930805_0 0.0105952 0.815743 0.529761
Node_1905677_2708301_0 0.0105952 0.815743 0.529761
Node_3081201_3081200_0 0.0105952 0.815743 0.529761
Node_3081201_314285_0 0.0105952 0.815743 0.529761
Node_1737061_2606449_0 0.0105952 0.815743 0.529761
Node_2944933_3036711_0 0.0105952 0.815743 0.529761
Node_2944933_1769779_0 0.0105952 0.815743 0.529761
Node_2944933_393907_0 0.0105952 0.815743 0.529761
Node_2944933_494016_0 0.0105952 0.815743 0.529761
Node_2944933_658218_0 0.0105952 0.815743 0.529761
Node_2944933_1908308_0 0.0105952 0.815743 0.529761
Node_2944933_435905_0 0.0105952 0.815743 0.529761
Node_2944933_1562603_0 0.0105952 0.815743 0.529761
Node_2944933_252514_0 0.0105952 0.815743 0.529761
Node_2944933_260552_0 0.0105952 0.815743 0.529761
Node_1680762_1429083_0 0.0105952 0.815743 0.529761
Node_1680762_1305731_0 0.0105952 0.815743 0.529761
Node_1680762_1524254_0 0.0105952 0.815743 0.529761
Node_1680762_1917421_0 0.0105952 0.815743 0.529761
Node_1524254_1249552_0 0.0105952 0.815743 0.529761
Node_1524254_1768907_0 0.0105952 0.815743 0.529761
Node_1305731_1484056_0 0.0105952 0.815743 0.529761
Node_1305731_330734_0 0.0105952 0.815743 0.529761
Node_1305731_135739_0 0.0105952 0.815743 0.529761
Node_1305731_2528979_0 0.0105952 0.815743 0.529761
Node_1305731_994319_0 0.0105952 0.815743 0.529761
Node_1305731_2666256_0 0.0105952 0.815743 0.529761
Node_1305731_2962607_0 0.0105952 0.815743 0.529761
Node_1305731_3030833_0 0.0105952 0.815743 0.529761
Node_1305731_379482_0 0.0105952 0.815743 0.529761
Node_1305731_2576384_0 0.0105952 0.815743 0.529761
Node_1305731_643747_0 0.0105952 0.815743 0.529761
Node_1305731_578215_0 0.0105952 0.815743 0.529761
Node_1305731_2055143_0 0.0105952 0.815743 0.529761
Node_1305731_187981_0 0.0105952 0.815743 0.529761
Node_1305731_650891_0 0.0105952 0.815743 0.529761
Node_1305731_1928859_0 0.0105952 0.815743 0.529761
Node_1305731_488533_0 0.0105952 0.815743 0.529761
Node_1305731_443152_0 0.0105952 0.815743 0.529761
Node_1305731_225937_0 0.0105952 0.815743 0.529761
Node_1429083_319939_0 0.0105952 0.815743 0.529761
Node_1429083_707248_0 0.0105952 0.815743 0.529761
Node_1429083_1245526_0 0.0105952 0.815743 0.529761
Node_1429083_658457_0 0.0105952 0.815743 0.529761
Node_1429083_69962_0 0.0105952 0.815743 0.529761
Node_1429083_291995_0 0.0105952 0.815743 0.529761
Node_1429083_1434072_0 0.0105952 0.815743 0.529761
Node_1429083_1501432_0 0.0105952 0.815743 0.529761
Node_1429083_1510150_0 0.0105952 0.815743 0.529761
Node_1429083_2759166_0 0.0105952 0.815743 0.529761
Node_1429083_2762745_0 0.0105952 0.815743 0.529761
Node_1429083_640205_0 0.0105952 0.815743 0.529761
Node_1429083_2213226_0 0.0105952 0.815743 0.529761
Node_1429083_521720_0 0.0105952 0.815743 0.529761
Node_1501432_1697053_0 0.0105952 0.815743 0.529761
Node_1501432_3041622_0 0.0105952 0.815743 0.529761
Node_1434072_797277_0 0.0105952 0.815743 0.529761
Node_1434072_1720063_0 0.0105952 0.815743 0.529761
Node_1434072_254161_0 0.0105952 0.815743 0.529761
Node_1434072_653930_0 0.0105952 0.815743 0.529761
Node_291995_1056496_0 0.0105952 0.815743 0.529761
Node_291995_2211392_0 0.0105952 0.815743 0.529761
Node_291995_379731_0 0.0105952 0.815743 0.529761
Node_69962_1986537_0 0.0105952 0.815743 0.529761
Node_658457_399739_0 0.0105952 0.815743 0.529761
Node_1245526_1135990_0 0.0105952 0.815743 0.529761
Node_707248_556534_0 0.0105952 0.815743 0.529761
Node_707248_2654845_0 0.0105952 0.815743 0.529761
Node_707248_459528_0 0.0105952 0.815743 0.529761
Node_707248_1042209_0 0.0105952 0.815743 0.529761
Node_707248_132476_0 0.0105952 0.815743 0.529761
Node_707248_1785161_0 0.0105952 0.815743 0.529761
Node_707248_208964_0 0.0105952 0.815743 0.529761
Node_707248_251702_0 0.0105952 0.815743 0.529761
Node_707248_2853159_0 0.0105952 0.815743 0.529761
Node_707248_3115852_0 0.0105952 0.815743 0.529761
Node_707248_428992_0 0.0105952 0.815743 0.529761
Node_707248_2722792_0 0.0105952 0.815743 0.529761
Node_707248_1608994_0 0.0105952 0.815743 0.529761
Node_707248_1674920_0 0.0105952 0.815743 0.529761
Node_707248_298908_0 0.0105952 0.815743 0.529761
Node_707248_1806536_0 0.0105952 0.815743 0.529761
Node_707248_2593654_0 0.0105952 0.815743 0.529761
Node_707248_2725477_0 0.0105952 0.815743 0.529761
Node_707248_104087_0 0.0105952 0.815743 0.529761
Node_707248_366289_0 0.0105952 0.815743 0.529761
Node_707248_137658_0 0.0105952 0.815743 0.529761
Node_707248_1055468_0 0.0105952 0.815743 0.529761
Node_707248_237609_0 0.0105952 0.815743 0.529761
Node_707248_1515666_0 0.0105952 0.815743 0.529761
Node_707248_1943631_0 0.0105952 0.815743 0.529761
Node_707248_1288410_0 0.0105952 0.815743 0.529761
Node_707248_2599595_0 0.0105952 0.815743 0.529761
Node_707248_2600065_0 0.0105952 0.815743 0.529761
Node_707248_2731552_0 0.0105952 0.815743 0.529761
Node_707248_2666183_0 0.0105952 0.815743 0.529761
Node_707248_46677_0 0.0105952 0.815743 0.529761
Node_707248_47886_0 0.0105952 0.815743 0.529761
Node_707248_1424203_0 0.0105952 0.815743 0.529761
Node_707248_2867264_0 0.0105952 0.815743 0.529761
Node_707248_1392877_0 0.0105952 0.815743 0.529761
Node_707248_2213015_0 0.0105952 0.815743 0.529761
Node_707248_1853130_0 0.0105952 0.815743 0.529761
Node_707248_2738125_0 0.0105952 0.815743 0.529761
Node_707248_1788301_0 0.0105952 0.815743 0.529761
Node_707248_543360_0 0.0105952 0.815743 0.529761
Node_707248_2607908_0 0.0105952 0.815743 0.529761
Node_707248_216142_0 0.0105952 0.815743 0.529761
Node_707248_53407_0 0.0105952 0.815743 0.529761
Node_707248_2708063_0 0.0105952 0.815743 0.529761
Node_707248_1563157_0 0.0105952 0.815743 0.529761
Node_707248_89065_0 0.0105952 0.815743 0.529761
Node_707248_515393_0 0.0105952 0.815743 0.529761
Node_707248_1007099_0 0.0105952 0.815743 0.529761
Node_707248_1793966_0 0.0105952 0.815743 0.529761
Node_707248_1958950_0 0.0105952 0.815743 0.529761
Node_707248_2745490_0 0.0105952 0.815743 0.529761
Node_707248_2745493_0 0.0105952 0.815743 0.529761
Node_707248_2942633_0 0.0105952 0.815743 0.529761
Node_707248_157782_0 0.0105952 0.815743 0.529761
Node_707248_157783_0 0.0105952 0.815743 0.529761
Node_707248_2812000_0 0.0105952 0.815743 0.529761
Node_707248_321661_0 0.0105952 0.815743 0.529761
Node_707248_321846_0 0.0105952 0.815743 0.529761
Node_707248_2320866_0 0.0105952 0.815743 0.529761
Node_707248_2320867_0 0.0105952 0.815743 0.529761
Node_707248_485876_0 0.0105952 0.815743 0.529761
Node_707248_191390_0 0.0105952 0.815743 0.529761
Node_707248_191391_0 0.0105952 0.815743 0.529761
Node_707248_158627_0 0.0105952 0.815743 0.529761
Node_707248_3239015_0 0.0105952 0.815743 0.529761
Node_707248_2715964_0 0.0105952 0.815743 0.529761
Node_707248_95300_0 0.0105952 0.815743 0.529761
Node_707248_226910_0 0.0105952 0.815743 0.529761
Node_707248_915471_0 0.0105952 0.815743 0.529761
Node_707248_359110_0 0.0105952 0.815743 0.529761
Node_707248_129847_0 0.0105952 0.815743 0.529761
Node_707248_2816993_0 0.0105952 0.815743 0.529761
Node_707248_2161748_0 0.0105952 0.815743 0.529761
Node_707248_556533_0 0.0105952 0.815743 0.529761
Node_707248_1301098_0 0.0105952 0.815743 0.529761
Node_251702_200454_0 0.0105952 0.815743 0.529761
Node_251702_36746_0 0.0105952 0.815743 0.529761
Node_251702_1451454_0 0.0105952 0.815743 0.529761
Node_251702_629264_0 0.0105952 0.815743 0.529761
Node_251702_81036_0 0.0105952 0.815743 0.529761
Node_251702_55398_0 0.0105952 0.815743 0.529761
Node_629264_199198_0 0.0105952 0.815743 0.529761
Node_629264_264450_0 0.0105952 0.815743 0.529761
Node_208964_198616_0 0.0105952 0.815743 0.529761
Node_208964_53406_0 0.0105952 0.815743 0.529761
Node_208964_53408_0 0.0105952 0.815743 0.529761
Node_208964_46680_0 0.0105952 0.815743 0.529761
Node_1785161_76869_0 0.0105952 0.815743 0.529761
Node_1785161_78327_0 0.0105952 0.815743 0.529761
Node_1785161_2078786_0 0.0105952 0.815743 0.529761
Node_1785161_47885_0 0.0105952 0.815743 0.529761
Node_1785161_1785162_0 0.0105952 0.815743 0.529761
Node_76869_231023_0 0.0105952 0.815743 0.529761
Node_76869_1384061_0 0.0105952 0.815743 0.529761
Node_76869_1227924_0 0.0105952 0.815743 0.529761
Node_1042209_1114970_0 0.0105952 0.815743 0.529761
Node_1042209_198620_0 0.0105952 0.815743 0.529761
Node_1042209_200450_0 0.0105952 0.815743 0.529761
Node_1042209_200451_0 0.0105952 0.815743 0.529761
Node_1042209_168469_0 0.0105952 0.815743 0.529761
Node_1042209_2827099_0 0.0105952 0.815743 0.529761
Node_1042209_76758_0 0.0105952 0.815743 0.529761
Node_1042209_76760_0 0.0105952 0.815743 0.529761
Node_1042209_78544_0 0.0105952 0.815743 0.529761
Node_1042209_46679_0 0.0105952 0.815743 0.529761
Node_1042209_47878_0 0.0105952 0.815743 0.529761
Node_1042209_47883_0 0.0105952 0.815743 0.529761
Node_1042209_183795_0 0.0105952 0.815743 0.529761
Node_1042209_2938197_0 0.0105952 0.815743 0.529761
Node_1042209_1147786_0 0.0105952 0.815743 0.529761
Node_1042209_97473_0 0.0105952 0.815743 0.529761
Node_556534_296_0 0.0105952 0.815743 0.529761
Node_556534_86185_0 0.0105952 0.815743 0.529761
Node_556534_1124983_0 0.0105952 0.815743 0.529761
Node_319939_2822138_0 0.0105952 0.815743 0.529761
Node_319939_2604832_0 0.0105952 0.815743 0.529761
Node_319939_1245471_0 0.0105952 0.815743 0.529761
Node_141451_64971_0 0.0105952 0.815743 0.529761
Node_141451_284577_0 0.0105952 0.815743 0.529761
Node_141451_197479_0 0.0105952 0.815743 0.529761
Node_141451_418750_0 0.0105952 0.815743 0.529761
Node_141451_1712262_0 0.0105952 0.815743 0.529761
Node_141451_2994442_0 0.0105952 0.815743 0.529761
Node_141451_3142973_0 0.0105952 0.815743 0.529761
Node_141451_2942213_0 0.0105952 0.815743 0.529761
Node_141451_75684_0 0.0105952 0.815743 0.529761
Node_141451_2933565_0 0.0105952 0.815743 0.529761
Node_141451_2528527_0 0.0105952 0.815743 0.529761
Node_141451_2759953_0 0.0105952 0.815743 0.529761
Node_141451_418701_0 0.0105952 0.815743 0.529761
Node_2933565_1094342_0 0.0105952 0.815743 0.529761
Node_2933565_3238810_0 0.0105952 0.815743 0.529761
Node_2933565_1177154_0 0.0105952 0.815743 0.529761
Node_1094342_1177169_0 0.0105952 0.815743 0.529761
Node_75684_1635171_0 0.0105952 0.815743 0.529761
Node_2942213_305900_0 0.0105952 0.815743 0.529761
Node_2942213_1036133_0 0.0105952 0.815743 0.529761
Node_2942213_1960125_0 0.0105952 0.815743 0.529761
Node_305900_3120522_0 0.0105952 0.815743 0.529761
Node_305900_1137799_0 0.0105952 0.815743 0.529761
Node_3142973_1054972_0 0.0105952 0.815743 0.529761
Node_3142973_349521_0 0.0105952 0.815743 0.529761
Node_2994442_202772_0 0.0105952 0.815743 0.529761
Node_2994442_2994640_0 0.0105952 0.815743 0.529761
Node_1712262_3070815_0 0.0105952 0.815743 0.529761
Node_1712262_2592383_0 0.0105952 0.815743 0.529761
Node_1712262_3162458_0 0.0105952 0.815743 0.529761
Node_3070815_523701_0 0.0105952 0.815743 0.529761
Node_418750_1310421_0 0.0105952 0.815743 0.529761
Node_418750_1445510_0 0.0105952 0.815743 0.529761
Node_418750_2161747_0 0.0105952 0.815743 0.529761
Node_1310421_230495_0 0.0105952 0.815743 0.529761
Node_1310421_2593301_0 0.0105952 0.815743 0.529761
Node_1310421_1336806_0 0.0105952 0.815743 0.529761
Node_1310421_314283_0 0.0105952 0.815743 0.529761
Node_197479_2080658_0 0.0105952 0.815743 0.529761
Node_284577_229007_0 0.0105952 0.815743 0.529761
Node_284577_2032626_0 0.0105952 0.815743 0.529761
Node_284577_1949085_0 0.0105952 0.815743 0.529761
Node_284577_504092_0 0.0105952 0.815743 0.529761
Node_284577_321266_0 0.0105952 0.815743 0.529761
Node_284577_28258_0 0.0105952 0.815743 0.529761
Node_284577_980347_0 0.0105952 0.815743 0.529761
Node_284577_1178777_0 0.0105952 0.815743 0.529761
Node_284577_447567_0 0.0105952 0.815743 0.529761
Node_284577_141389_0 0.0105952 0.815743 0.529761
Node_284577_1851019_0 0.0105952 0.815743 0.529761
Node_284577_77098_0 0.0105952 0.815743 0.529761
Node_284577_1883414_0 0.0105952 0.815743 0.529761
Node_284577_48727_0 0.0105952 0.815743 0.529761
Node_284577_376489_0 0.0105952 0.815743 0.529761
Node_284577_574349_0 0.0105952 0.815743 0.529761
Node_284577_33074_0 0.0105952 0.815743 0.529761
Node_1851019_2944682_0 0.0105952 0.815743 0.529761
Node_141389_86179_0 0.0105952 0.815743 0.529761
Node_447567_1449798_0 0.0105952 0.815743 0.529761
Node_447567_370767_0 0.0105952 0.815743 0.529761
Node_447567_272774_0 0.0105952 0.815743 0.529761
Node_447567_2042704_0 0.0105952 0.815743 0.529761
Node_447567_44935_0 0.0105952 0.815743 0.529761
Node_447567_2732867_0 0.0105952 0.815743 0.529761
Node_447567_115553_0 0.0105952 0.815743 0.529761
Node_447567_2282306_0 0.0105952 0.815743 0.529761
Node_447567_1204738_0 0.0105952 0.815743 0.529761
Node_1178777_119000_0 0.0105952 0.815743 0.529761
Node_1178777_1121942_0 0.0105952 0.815743 0.529761
Node_980347_1121939_0 0.0105952 0.815743 0.529761
Node_28258_1055104_0 0.0105952 0.815743 0.529761
Node_28258_553385_0 0.0105952 0.815743 0.529761
Node_321266_2033802_0 0.0105952 0.815743 0.529761
Node_321266_2497861_0 0.0105952 0.815743 0.529761
Node_321266_74661_0 0.0105952 0.815743 0.529761
Node_321266_2733484_0 0.0105952 0.815743 0.529761
Node_321266_2733486_0 0.0105952 0.815743 0.529761
Node_321266_376427_0 0.0105952 0.815743 0.529761
Node_321266_2606936_0 0.0105952 0.815743 0.529761
Node_321266_52021_0 0.0105952 0.815743 0.529761
Node_321266_2717286_0 0.0105952 0.815743 0.529761
Node_504092_657387_0 0.0105952 0.815743 0.529761
Node_504092_2100822_0 0.0105952 0.815743 0.529761
Node_504092_402385_0 0.0105952 0.815743 0.529761
Node_504092_157779_0 0.0105952 0.815743 0.529761
Node_1949085_1443141_0 0.0105952 0.815743 0.529761
Node_1949085_404433_0 0.0105952 0.815743 0.529761
Node_1949085_1949083_0 0.0105952 0.815743 0.529761
Node_1949085_2606937_0 0.0105952 0.815743 0.529761
Node_2032626_31910_0 0.0105952 0.815743 0.529761
Node_229007_252_0 0.0105952 0.815743 0.529761
Node_229007_2032625_0 0.0105952 0.815743 0.529761
Node_229007_657012_0 0.0105952 0.815743 0.529761
Node_229007_2920385_0 0.0105952 0.815743 0.529761
Node_229007_2691040_0 0.0105952 0.815743 0.529761
Node_229007_463301_0 0.0105952 0.815743 0.529761
Node_229007_2562282_0 0.0105952 0.815743 0.529761
Node_229007_44933_0 0.0105952 0.815743 0.529761
Node_229007_438744_0 0.0105952 0.815743 0.529761
Node_229007_1684789_0 0.0105952 0.815743 0.529761
Node_229007_245385_0 0.0105952 0.815743 0.529761
Node_229007_507626_0 0.0105952 0.815743 0.529761
Node_229007_147248_0 0.0105952 0.815743 0.529761
Node_229007_475662_0 0.0105952 0.815743 0.529761
Node_229007_213554_0 0.0105952 0.815743 0.529761
Node_229007_3031727_0 0.0105952 0.815743 0.529761
Node_229007_2607506_0 0.0105952 0.815743 0.529761
Node_229007_2838617_0 0.0105952 0.815743 0.529761
Node_229007_447425_0 0.0105952 0.815743 0.529761
Node_229007_416872_0 0.0105952 0.815743 0.529761
Node_229007_321265_0 0.0105952 0.815743 0.529761
Node_229007_650850_0 0.0105952 0.815743 0.529761
Node_229007_257772_0 0.0105952 0.815743 0.529761
Node_229007_2945105_0 0.0105952 0.815743 0.529761
Node_229007_29573_0 0.0105952 0.815743 0.529761
Node_229007_1930622_0 0.0105952 0.815743 0.529761
Node_229007_2259590_0 0.0105952 0.815743 0.529761
Node_229007_490901_0 0.0105952 0.815743 0.529761
Node_229007_2950872_0 0.0105952 0.815743 0.529761
Node_64971_452629_0 0.0105952 0.815743 0.529761
Node_64971_1122207_0 0.0105952 0.815743 0.529761
Node_64971_2760088_0 0.0105952 0.815743 0.529761
Node_64971_518897_0 0.0105952 0.815743 0.529761
Node_64971_2219697_0 0.0105952 0.815743 0.529761
Node_64971_217169_0 0.0105952 0.815743 0.529761
Node_64971_1572645_0 0.0105952 0.815743 0.529761
Node_64971_1473156_0 0.0105952 0.815743 0.529761
Node_64971_2589817_0 0.0105952 0.815743 0.529761
Node_64971_1249553_0 0.0105952 0.815743 0.529761
Node_64971_207949_0 0.0105952 0.815743 0.529761
Node_64971_207954_0 0.0105952 0.815743 0.529761
Node_64971_2997323_0 0.0105952 0.815743 0.529761
Node_64971_3133425_0 0.0105952 0.815743 0.529761
Node_64971_2283196_0 0.0105952 0.815743 0.529761
Node_64971_1171596_0 0.0105952 0.815743 0.529761
Node_64971_484498_0 0.0105952 0.815743 0.529761
Node_64971_2781979_0 0.0105952 0.815743 0.529761
Node_64971_718191_0 0.0105952 0.815743 0.529761
Node_64971_698738_0 0.0105952 0.815743 0.529761
Node_1473156_1834034_0 0.0105952 0.815743 0.529761
Node_1572645_1815562_0 0.0105952 0.815743 0.529761
Node_1572645_1031538_0 0.0105952 0.815743 0.529761
Node_1572645_619304_0 0.0105952 0.815743 0.529761
Node_1572645_1045558_0 0.0105952 0.815743 0.529761
Node_1572645_1441457_0 0.0105952 0.815743 0.529761
Node_217169_1122252_0 0.0105952 0.815743 0.529761
Node_217169_1122209_0 0.0105952 0.815743 0.529761
Node_2219697_1708751_0 0.0105952 0.815743 0.529761
Node_2219697_267850_0 0.0105952 0.815743 0.529761
Node_2219697_2614693_0 0.0105952 0.815743 0.529761
Node_518897_1476959_0 0.0105952 0.815743 0.529761
Node_518897_1542925_0 0.0105952 0.815743 0.529761
Node_518897_267374_0 0.0105952 0.815743 0.529761
Node_518897_1679163_0 0.0105952 0.815743 0.529761
Node_518897_568106_0 0.0105952 0.815743 0.529761
Node_518897_49186_0 0.0105952 0.815743 0.529761
Node_518897_1821621_0 0.0105952 0.815743 0.529761
Node_518897_1232683_0 0.0105952 0.815743 0.529761
Node_518897_420402_0 0.0105952 0.815743 0.529761
Node_518897_1698799_0 0.0105952 0.815743 0.529761
Node_2760088_966_0 0.0105952 0.815743 0.529761
Node_2760088_64969_0 0.0105952 0.815743 0.529761
Node_1122207_491947_0 0.0105952 0.815743 0.529761
Node_1122207_491948_0 0.0105952 0.815743 0.529761
Node_1122207_491951_0 0.0105952 0.815743 0.529761
Node_1122207_491954_0 0.0105952 0.815743 0.529761
Node_1122207_264739_0 0.0105952 0.815743 0.529761
Node_1122207_2984494_0 0.0105952 0.815743 0.529761
Node_1122207_1806667_0 0.0105952 0.815743 0.529761
Node_1122207_1053647_0 0.0105952 0.815743 0.529761
Node_1122207_2823372_0 0.0105952 0.815743 0.529761
Node_1122207_2795388_0 0.0105952 0.815743 0.529761
Node_1122207_569601_0 0.0105952 0.815743 0.529761
Node_1122207_178399_0 0.0105952 0.815743 0.529761
Node_1122207_2213058_0 0.0105952 0.815743 0.529761
Node_1122207_2774408_0 0.0105952 0.815743 0.529761
Node_1122207_3004091_0 0.0105952 0.815743 0.529761
Node_1122207_1792290_0 0.0105952 0.815743 0.529761
Node_1122207_1137284_0 0.0105952 0.815743 0.529761
Node_1122207_383750_0 0.0105952 0.815743 0.529761
Node_1122207_2940935_0 0.0105952 0.815743 0.529761
Node_1122207_28254_0 0.0105952 0.815743 0.529761
Node_1122207_1208321_0 0.0105952 0.815743 0.529761
Node_1122207_2883105_0 0.0105952 0.815743 0.529761
Node_1122207_400668_0 0.0105952 0.815743 0.529761
Node_1122207_1122206_0 0.0105952 0.815743 0.529761
Node_1122207_717774_0 0.0105952 0.815743 0.529761
Node_452629_2490544_0 0.0105952 0.815743 0.529761
Node_452629_355243_0 0.0105952 0.815743 0.529761
Node_1385517_2021234_0 0.0105952 0.815743 0.529761
Node_1385517_1792834_0 0.0105952 0.815743 0.529761
Node_1385517_553636_0 0.0105952 0.815743 0.529761
Node_1385517_1706195_0 0.0105952 0.815743 0.529761
Node_1385517_2752306_0 0.0105952 0.815743 0.529761
Node_1385517_227946_0 0.0105952 0.815743 0.529761
Node_1385517_935569_0 0.0105952 0.815743 0.529761
Node_1385517_676599_0 0.0105952 0.815743 0.529761
Node_1385517_1121015_0 0.0105952 0.815743 0.529761
Node_1385517_215690_0 0.0105952 0.815743 0.529761
Node_1385517_2781023_0 0.0105952 0.815743 0.529761
Node_1385517_2303539_0 0.0105952 0.815743 0.529761
Node_1385517_2763317_0 0.0105952 0.815743 0.529761
Node_1385517_2933270_0 0.0105952 0.815743 0.529761
Node_1385517_1169913_0 0.0105952 0.815743 0.529761
Node_1385517_2483112_0 0.0105952 0.815743 0.529761
Node_1385517_3115820_0 0.0105952 0.815743 0.529761
Node_1385517_265719_0 0.0105952 0.815743 0.529761
Node_1385517_659595_0 0.0105952 0.815743 0.529761
Node_1385517_1776034_0 0.0105952 0.815743 0.529761
Node_1385517_2699169_0 0.0105952 0.815743 0.529761
Node_1385517_1324796_0 0.0105952 0.815743 0.529761
Node_1385517_1327343_0 0.0105952 0.815743 0.529761
Node_1385517_1338420_0 0.0105952 0.815743 0.529761
Node_1385517_1341696_0 0.0105952 0.815743 0.529761
Node_1385517_1300345_0 0.0105952 0.815743 0.529761
Node_2483112_1604334_0 0.0105952 0.815743 0.529761
Node_1169913_1273429_0 0.0105952 0.815743 0.529761
Node_2933270_2774145_0 0.0105952 0.815743 0.529761
Node_2763317_2865112_0 0.0105952 0.815743 0.529761
Node_2303539_2927791_0 0.0105952 0.815743 0.529761
Node_2781023_2872639_0 0.0105952 0.815743 0.529761
Node_2781023_1122188_0 0.0105952 0.815743 0.529761
Node_215690_2202149_0 0.0105952 0.815743 0.529761
Node_215690_141949_0 0.0105952 0.815743 0.529761
Node_215690_213588_0 0.0105952 0.815743 0.529761
Node_215690_2872701_0 0.0105952 0.815743 0.529761
Node_1121015_1446479_0 0.0105952 0.815743 0.529761
Node_1121015_2269504_0 0.0105952 0.815743 0.529761
Node_1121015_2546226_0 0.0105952 0.815743 0.529761
Node_1121015_1121013_0 0.0105952 0.815743 0.529761
Node_1121015_1121014_0 0.0105952 0.815743 0.529761
Node_1121015_1384054_0 0.0105952 0.815743 0.529761
Node_676599_659018_0 0.0105952 0.815743 0.529761
Node_676599_266128_0 0.0105952 0.815743 0.529761
Node_676599_405444_0 0.0105952 0.815743 0.529761
Node_676599_2045451_0 0.0105952 0.815743 0.529761
Node_676599_1685415_0 0.0105952 0.815743 0.529761
Node_676599_2771362_0 0.0105952 0.815743 0.529761
Node_676599_1236960_0 0.0105952 0.815743 0.529761
Node_935569_428993_0 0.0105952 0.815743 0.529761
Node_935569_2137479_0 0.0105952 0.815743 0.529761
Node_935569_1453541_0 0.0105952 0.815743 0.529761
Node_935569_344882_0 0.0105952 0.815743 0.529761
Node_935569_443615_0 0.0105952 0.815743 0.529761
Node_935569_283923_0 0.0105952 0.815743 0.529761
Node_935569_2480810_0 0.0105952 0.815743 0.529761
Node_935569_128785_0 0.0105952 0.815743 0.529761
Node_935569_1045855_0 0.0105952 0.815743 0.529761
Node_227946_2989819_0 0.0105952 0.815743 0.529761
Node_227946_48664_0 0.0105952 0.815743 0.529761
Node_227946_86183_0 0.0105952 0.815743 0.529761
Node_227946_56455_0 0.0105952 0.815743 0.529761
Node_227946_2912242_0 0.0105952 0.815743 0.529761
Node_227946_487821_0 0.0105952 0.815743 0.529761
Node_227946_3046274_0 0.0105952 0.815743 0.529761
Node_227946_3115848_0 0.0105952 0.815743 0.529761
Node_227946_1885902_0 0.0105952 0.815743 0.529761
Node_227946_360094_0 0.0105952 0.815743 0.529761
Node_487821_195709_0 0.0105952 0.815743 0.529761
Node_2752306_985012_0 0.0105952 0.815743 0.529761
Node_2752306_1578200_0 0.0105952 0.815743 0.529761
Node_2752306_2006110_0 0.0105952 0.815743 0.529761
Node_2752306_2565782_0 0.0105952 0.815743 0.529761
Node_2752306_1714359_0 0.0105952 0.815743 0.529761
Node_2752306_2599615_0 0.0105952 0.815743 0.529761
Node_2752306_2572684_0 0.0105952 0.815743 0.529761
Node_2752306_1132694_0 0.0105952 0.815743 0.529761
Node_2752306_1165507_0 0.0105952 0.815743 0.529761
Node_2752306_3237697_0 0.0105952 0.815743 0.529761
Node_2752306_3042023_0 0.0105952 0.815743 0.529761
Node_2752306_3042025_0 0.0105952 0.815743 0.529761
Node_2752306_1176533_0 0.0105952 0.815743 0.529761
Node_2752306_488485_0 0.0105952 0.815743 0.529761
Node_2752306_2752307_0 0.0105952 0.815743 0.529761
Node_1706195_1605891_0 0.0105952 0.815743 0.529761
Node_1706195_2591633_0 0.0105952 0.815743 0.529761
Node_553636_69_0 0.0105952 0.815743 0.529761
Node_553636_262323_0 0.0105952 0.815743 0.529761
Node_553636_262324_0 0.0105952 0.815743 0.529761
Node_553636_266122_0 0.0105952 0.815743 0.529761
Node_553636_1255263_0 0.0105952 0.815743 0.529761
Node_553636_1685901_0 0.0105952 0.815743 0.529761
Node_553636_84531_0 0.0105952 0.815743 0.529761
Node_553636_380629_0 0.0105952 0.815743 0.529761
Node_553636_453783_0 0.0105952 0.815743 0.529761
Node_553636_2293254_0 0.0105952 0.815743 0.529761
Node_1792834_644220_0 0.0105952 0.815743 0.529761
Node_1792834_1171543_0 0.0105952 0.815743 0.529761
Node_2021234_1927958_0 0.0105952 0.815743 0.529761
Node_2021234_3021977_0 0.0105952 0.815743 0.529761
Node_2021234_529810_0 0.0105952 0.815743 0.529761
Node_2021234_2976241_0 0.0105952 0.815743 0.529761
Node_2021234_582702_0 0.0105952 0.815743 0.529761
Node_2021234_1495200_0 0.0105952 0.815743 0.529761
Node_2021234_1475481_0 0.0105952 0.815743 0.529761
Node_2021234_529704_0 0.0105952 0.815743 0.529761
Node_2021234_993689_0 0.0105952 0.815743 0.529761
Node_2021234_634155_0 0.0105952 0.815743 0.529761
Node_2021234_2010829_0 0.0105952 0.815743 0.529761
Node_2021234_1665687_0 0.0105952 0.815743 0.529761
Node_1495200_155197_0 0.0105952 0.815743 0.529761
Node_582702_657654_0 0.0105952 0.815743 0.529761
Node_582702_75310_0 0.0105952 0.815743 0.529761
Node_582702_666685_0 0.0105952 0.815743 0.529761
Node_582702_3162487_0 0.0105952 0.815743 0.529761
Node_582702_1623218_0 0.0105952 0.815743 0.529761
Node_582702_1888173_0 0.0105952 0.815743 0.529761
Node_582702_2250595_0 0.0105952 0.815743 0.529761
Node_582702_418647_0 0.0105952 0.815743 0.529761
Node_582702_3351462_0 0.0105952 0.815743 0.529761
Node_2976241_2983605_0 0.0105952 0.815743 0.529761
Node_2976241_2963937_0 0.0105952 0.815743 0.529761
Node_2976241_520092_0 0.0105952 0.815743 0.529761
Node_529810_328517_0 0.0105952 0.815743 0.529761
Node_529810_578942_0 0.0105952 0.815743 0.529761
Node_3021977_2589080_0 0.0105952 0.815743 0.529761
Node_3021977_564369_0 0.0105952 0.815743 0.529761
Node_3021977_345309_0 0.0105952 0.815743 0.529761
Node_1927958_1867833_0 0.0105952 0.815743 0.529761
Node_1927958_1867834_0 0.0105952 0.815743 0.529761
Node_1927958_1867835_0 0.0105952 0.815743 0.529761
Node_1927958_1379159_0 0.0105952 0.815743 0.529761
Node_1927958_1217721_0 0.0105952 0.815743 0.529761
Node_1927958_500610_0 0.0105952 0.815743 0.529761
Node_1927958_2763498_0 0.0105952 0.815743 0.529761
Node_1927958_1849580_0 0.0105952 0.815743 0.529761
Node_1927958_1849582_0 0.0105952 0.815743 0.529761
Node_1927958_1920168_0 0.0105952 0.815743 0.529761
Node_1927958_2282381_0 0.0105952 0.815743 0.529761
Node_1927958_2775866_0 0.0105952 0.815743 0.529761
Node_1927958_522319_0 0.0105952 0.815743 0.529761
Node_1217721_1440762_0 0.0105952 0.815743 0.529761
Node_69539_318167_0 0.0105952 0.815743 0.529761
Node_69539_1315283_0 0.0105952 0.815743 0.529761
Node_69539_1537679_0 0.0105952 0.815743 0.529761
Node_69539_137584_0 0.0105952 0.815743 0.529761
Node_69539_1327752_0 0.0105952 0.815743 0.529761
Node_69539_508461_0 0.0105952 0.815743 0.529761
Node_69539_1177826_0 0.0105952 0.815743 0.529761
Node_69539_88364_0 0.0105952 0.815743 0.529761
Node_69539_2303987_0 0.0105952 0.815743 0.529761
Node_69539_80854_0 0.0105952 0.815743 0.529761
Node_2303987_2742685_0 0.0105952 0.815743 0.529761
Node_88364_1193278_0 0.0105952 0.815743 0.529761
Node_88364_168275_0 0.0105952 0.815743 0.529761
Node_88364_2005072_0 0.0105952 0.815743 0.529761
Node_88364_357804_0 0.0105952 0.815743 0.529761
Node_1193278_2282215_0 0.0105952 0.815743 0.529761
Node_1177826_2013866_0 0.0105952 0.815743 0.529761
Node_1177826_299255_0 0.0105952 0.815743 0.529761
Node_1177826_2724191_0 0.0105952 0.815743 0.529761
Node_1177826_1255257_0 0.0105952 0.815743 0.529761
Node_1177826_2569539_0 0.0105952 0.815743 0.529761
Node_1177826_718193_0 0.0105952 0.815743 0.529761
Node_1177826_550540_0 0.0105952 0.815743 0.529761
Node_508461_1215918_0 0.0105952 0.815743 0.529761
Node_508461_2870530_0 0.0105952 0.815743 0.529761
Node_1327752_641841_0 0.0105952 0.815743 0.529761
Node_1327752_859059_0 0.0105952 0.815743 0.529761
Node_1327752_263724_0 0.0105952 0.815743 0.529761
Node_1327752_1096243_0 0.0105952 0.815743 0.529761
Node_1327752_740709_0 0.0105952 0.815743 0.529761
Node_859059_1249555_0 0.0105952 0.815743 0.529761
Node_859059_531312_0 0.0105952 0.815743 0.529761
Node_859059_946228_0 0.0105952 0.815743 0.529761
Node_641841_624146_0 0.0105952 0.815743 0.529761
Node_641841_337250_0 0.0105952 0.815743 0.529761
Node_641841_435908_0 0.0105952 0.815743 0.529761
Node_641841_1517416_0 0.0105952 0.815743 0.529761
Node_641841_1159017_0 0.0105952 0.815743 0.529761
Node_641841_1323738_0 0.0105952 0.815743 0.529761
Node_641841_519453_0 0.0105952 0.815743 0.529761
Node_137584_2491017_0 0.0105952 0.815743 0.529761
Node_137584_2716224_0 0.0105952 0.815743 0.529761
Node_137584_2912588_0 0.0105952 0.815743 0.529761
Node_137584_1967665_0 0.0105952 0.815743 0.529761
Node_137584_485447_0 0.0105952 0.815743 0.529761
Node_2912588_641665_0 0.0105952 0.815743 0.529761
Node_2912588_89402_0 0.0105952 0.815743 0.529761
Node_2912588_517723_0 0.0105952 0.815743 0.529761
Node_2912588_167879_0 0.0105952 0.815743 0.529761
Node_2716224_1673741_0 0.0105952 0.815743 0.529761
Node_2716224_2036687_0 0.0105952 0.815743 0.529761
Node_2716224_2572245_0 0.0105952 0.815743 0.529761
Node_2716224_1655234_0 0.0105952 0.815743 0.529761
Node_2716224_1230533_0 0.0105952 0.815743 0.529761
Node_2716224_3065647_0 0.0105952 0.815743 0.529761
Node_2716224_3065648_0 0.0105952 0.815743 0.529761
Node_2716224_280483_0 0.0105952 0.815743 0.529761
Node_2716224_349064_0 0.0105952 0.815743 0.529761
Node_2716224_2020715_0 0.0105952 0.815743 0.529761
Node_2716224_2056778_0 0.0105952 0.815743 0.529761
Node_2716224_3075612_0 0.0105952 0.815743 0.529761
Node_2716224_1144278_0 0.0105952 0.815743 0.529761
Node_2491017_718192_0 0.0105952 0.815743 0.529761
Node_1537679_3055817_0 0.0105952 0.815743 0.529761
Node_1537679_493475_0 0.0105952 0.815743 0.529761
Node_1537679_1902781_0 0.0105952 0.815743 0.529761
Node_1537679_2984329_0 0.0105952 0.815743 0.529761
Node_1537679_1085623_0 0.0105952 0.815743 0.529761
Node_1537679_521012_0 0.0105952 0.815743 0.529761
Node_1537679_502051_0 0.0105952 0.815743 0.529761
Node_1537679_2079529_0 0.0105952 0.815743 0.529761
Node_1537679_582857_0 0.0105952 0.815743 0.529761
Node_1537679_671278_0 0.0105952 0.815743 0.529761
Node_1537679_680279_0 0.0105952 0.815743 0.529761
Node_1537679_2164068_0 0.0105952 0.815743 0.529761
Node_1537679_1740262_0 0.0105952 0.815743 0.529761
Node_1537679_2172099_0 0.0105952 0.815743 0.529761
Node_1537679_2961944_0 0.0105952 0.815743 0.529761
Node_1537679_1526571_0 0.0105952 0.815743 0.529761
Node_1537679_2183582_0 0.0105952 0.815743 0.529761
Node_1537679_1631968_0 0.0105952 0.815743 0.529761
Node_1537679_1632866_0 0.0105952 0.815743 0.529761
Node_1537679_2125989_0 0.0105952 0.815743 0.529761
Node_1537679_1306992_0 0.0105952 0.815743 0.529761
Node_1537679_2259620_0 0.0105952 0.815743 0.529761
Node_680279_1563703_0 0.0105952 0.815743 0.529761
Node_680279_1331007_0 0.0105952 0.815743 0.529761
Node_671278_1195246_0 0.0105952 0.815743 0.529761
Node_582857_1127673_0 0.0105952 0.815743 0.529761
Node_2079529_634436_0 0.0105952 0.815743 0.529761
Node_2079529_1856405_0 0.0105952 0.815743 0.529761
Node_502051_751969_0 0.0105952 0.815743 0.529761
Node_521012_3075602_0 0.0105952 0.815743 0.529761
Node_521012_1121923_0 0.0105952 0.815743 0.529761
Node_1085623_3075611_0 0.0105952 0.815743 0.529761
Node_1085623_1121922_0 0.0105952 0.815743 0.529761
Node_2984329_226011_0 0.0105952 0.815743 0.529761
Node_1902781_1431249_0 0.0105952 0.815743 0.529761
Node_493475_3050085_0 0.0105952 0.815743 0.529761
Node_493475_1799789_0 0.0105952 0.815743 0.529761
Node_493475_1129793_0 0.0105952 0.815743 0.529761
Node_3055817_2303538_0 0.0105952 0.815743 0.529761
Node_3055817_315421_0 0.0105952 0.815743 0.529761
Node_3055817_2259342_0 0.0105952 0.815743 0.529761
Node_315421_2982530_0 0.0105952 0.815743 0.529761
Node_315421_2720613_0 0.0105952 0.815743 0.529761
Node_315421_233316_0 0.0105952 0.815743 0.529761
Node_315421_1479524_0 0.0105952 0.815743 0.529761
Node_315421_1938339_0 0.0105952 0.815743 0.529761
Node_315421_2987522_0 0.0105952 0.815743 0.529761
Node_315421_203795_0 0.0105952 0.815743 0.529761
Node_315421_471225_0 0.0105952 0.815743 0.529761
Node_315421_2998417_0 0.0105952 0.815743 0.529761
Node_315421_1656094_0 0.0105952 0.815743 0.529761
Node_315421_1004788_0 0.0105952 0.815743 0.529761
Node_2303538_2785918_0 0.0105952 0.815743 0.529761
Node_2303538_2729140_0 0.0105952 0.815743 0.529761
Node_2303538_2572577_0 0.0105952 0.815743 0.529761
Node_1315283_2044854_0 0.0105952 0.815743 0.529761
Node_1315283_288_0 0.0105952 0.815743 0.529761
Node_1315283_1737459_0 0.0105952 0.815743 0.529761
Node_1315283_298657_0 0.0105952 0.815743 0.529761
Node_1315283_1348114_0 0.0105952 0.815743 0.529761
Node_1315283_1872678_0 0.0105952 0.815743 0.529761
Node_1315283_1840331_0 0.0105952 0.815743 0.529761
Node_1315283_107327_0 0.0105952 0.815743 0.529761
Node_1315283_1365250_0 0.0105952 0.815743 0.529761
Node_1315283_43658_0 0.0105952 0.815743 0.529761
Node_1315283_43662_0 0.0105952 0.815743 0.529761
Node_1315283_570156_0 0.0105952 0.815743 0.529761
Node_1315283_2963714_0 0.0105952 0.815743 0.529761
Node_1315283_182141_0 0.0105952 0.815743 0.529761
Node_1315283_3131913_0 0.0105952 0.815743 0.529761
Node_1315283_151081_0 0.0105952 0.815743 0.529761
Node_1315283_1859457_0 0.0105952 0.815743 0.529761
Node_1315283_2518973_0 0.0105952 0.815743 0.529761
Node_1315283_161398_0 0.0105952 0.815743 0.529761
Node_1315283_882626_0 0.0105952 0.815743 0.529761
Node_1315283_1117314_0 0.0105952 0.815743 0.529761
Node_1315283_1314866_0 0.0105952 0.815743 0.529761
Node_1315283_1314867_0 0.0105952 0.815743 0.529761
Node_1315283_1314868_0 0.0105952 0.815743 0.529761
Node_1315283_1123010_0 0.0105952 0.815743 0.529761
Node_1365250_1353533_0 0.0105952 0.815743 0.529761
Node_1365250_1365257_0 0.0105952 0.815743 0.529761
Node_2044854_2820710_0 0.0105952 0.815743 0.529761
Node_2044854_3023714_0 0.0105952 0.815743 0.529761
Node_2044854_716813_0 0.0105952 0.815743 0.529761
Node_318167_2338552_0 0.0105952 0.815743 0.529761
Node_318167_23_0 0.0105952 0.815743 0.529761
Node_318167_25_0 0.0105952 0.815743 0.529761
Node_318167_1738770_0 0.0105952 0.815743 0.529761
Node_318167_560080_0 0.0105952 0.815743 0.529761
Node_318167_2952222_0 0.0105952 0.815743 0.529761
Node_318167_2919576_0 0.0105952 0.815743 0.529761
Node_318167_2723052_0 0.0105952 0.815743 0.529761
Node_318167_1642821_0 0.0105952 0.815743 0.529761
Node_318167_38313_0 0.0105952 0.815743 0.529761
Node_318167_2726434_0 0.0105952 0.815743 0.529761
Node_318167_1515746_0 0.0105952 0.815743 0.529761
Node_318167_173509_0 0.0105952 0.815743 0.529761
Node_318167_1028752_0 0.0105952 0.815743 0.529761
Node_318167_2864872_0 0.0105952 0.815743 0.529761
Node_318167_212020_0 0.0105952 0.815743 0.529761
Node_318167_934143_0 0.0105952 0.815743 0.529761
Node_318167_314092_0 0.0105952 0.815743 0.529761
Node_318167_2282699_0 0.0105952 0.815743 0.529761
Node_318167_515560_0 0.0105952 0.815743 0.529761
Node_318167_220752_0 0.0105952 0.815743 0.529761
Node_318167_614069_0 0.0105952 0.815743 0.529761
Node_318167_614070_0 0.0105952 0.815743 0.529761
Node_318167_190310_0 0.0105952 0.815743 0.529761
Node_318167_552357_0 0.0105952 0.815743 0.529761
Node_318167_93973_0 0.0105952 0.815743 0.529761
Node_318167_2814292_0 0.0105952 0.815743 0.529761
Node_318167_2978345_0 0.0105952 0.815743 0.529761
Node_318167_225848_0 0.0105952 0.815743 0.529761
Node_318167_2520507_0 0.0105952 0.815743 0.529761
Node_318167_260364_0 0.0105952 0.815743 0.529761
Node_318167_398579_0 0.0105952 0.815743 0.529761
Node_318167_225849_0 0.0105952 0.815743 0.529761
Node_2338552_342950_0 0.0105952 0.815743 0.529761
Node_1188247_1473586_0 0.0105952 0.815743 0.529761
Node_1188247_314256_0 0.0105952 0.815743 0.529761
Node_1188247_2609175_0 0.0105952 0.815743 0.529761
Node_1188247_580166_0 0.0105952 0.815743 0.529761
Node_1188247_34015_0 0.0105952 0.815743 0.529761
Node_1188247_3061083_0 0.0105952 0.815743 0.529761
Node_1188247_2899147_0 0.0105952 0.815743 0.529761
Node_1188247_3024400_0 0.0105952 0.815743 0.529761
Node_1188247_2043170_0 0.0105952 0.815743 0.529761
Node_1188247_2175152_0 0.0105952 0.815743 0.529761
Node_1188247_91604_0 0.0105952 0.815743 0.529761
Node_1188247_1526572_0 0.0105952 0.815743 0.529761
Node_1188247_349750_0 0.0105952 0.815743 0.529761
Node_1188247_3108223_0 0.0105952 0.815743 0.529761
Node_1188247_2665222_0 0.0105952 0.815743 0.529761
Node_1188247_480070_0 0.0105952 0.815743 0.529761
Node_1188247_2959716_0 0.0105952 0.815743 0.529761
Node_1188247_2576439_0 0.0105952 0.815743 0.529761
Node_1188247_1236966_0 0.0105952 0.815743 0.529761
Node_1188247_2056226_0 0.0105952 0.815743 0.529761
Node_1188247_488538_0 0.0105952 0.815743 0.529761
Node_480070_189966_0 0.0105952 0.815743 0.529761
Node_2665222_2305467_0 0.0105952 0.815743 0.529761
Node_2665222_1280952_0 0.0105952 0.815743 0.529761
Node_2665222_1199156_0 0.0105952 0.815743 0.529761
Node_2665222_1759059_0 0.0105952 0.815743 0.529761
Node_1199156_582402_0 0.0105952 0.815743 0.529761
Node_1280952_1280941_0 0.0105952 0.815743 0.529761
Node_1280952_1280947_0 0.0105952 0.815743 0.529761
Node_1280952_1280948_0 0.0105952 0.815743 0.529761
Node_1280952_1280951_0 0.0105952 0.815743 0.529761
Node_1280952_1280949_0 0.0105952 0.815743 0.529761
Node_1280952_1280950_0 0.0105952 0.815743 0.529761
Node_1280952_1280954_0 0.0105952 0.815743 0.529761
Node_1280952_1280953_0 0.0105952 0.815743 0.529761
Node_1280951_228405_0 0.0105952 0.815743 0.529761
Node_2305467_1608422_0 0.0105952 0.815743 0.529761
Node_2305467_86342_0 0.0105952 0.815743 0.529761
Node_3108223_3133430_0 0.0105952 0.815743 0.529761
Node_3108223_1963835_0 0.0105952 0.815743 0.529761
Node_3133430_657419_0 0.0105952 0.815743 0.529761
Node_3133430_1110502_0 0.0105952 0.815743 0.529761
Node_349750_745714_0 0.0105952 0.815743 0.529761
Node_349750_2950108_0 0.0105952 0.815743 0.529761
Node_349750_1418234_0 0.0105952 0.815743 0.529761
Node_349750_2606216_0 0.0105952 0.815743 0.529761
Node_349750_2816034_0 0.0105952 0.815743 0.529761
Node_1526572_2292771_0 0.0105952 0.815743 0.529761
Node_1526572_3143536_0 0.0105952 0.815743 0.529761
Node_1526572_1519374_0 0.0105952 0.815743 0.529761
Node_1526572_1566827_0 0.0105952 0.815743 0.529761
Node_3143536_2666033_0 0.0105952 0.815743 0.529761
Node_3143536_2058213_0 0.0105952 0.815743 0.529761
Node_3143536_1866326_0 0.0105952 0.815743 0.529761
Node_2292771_491923_0 0.0105952 0.815743 0.529761
Node_2292771_2732508_0 0.0105952 0.815743 0.529761
Node_2292771_2965077_0 0.0105952 0.815743 0.529761
Node_2292771_314260_0 0.0105952 0.815743 0.529761
Node_91604_1427503_0 0.0105952 0.815743 0.529761
Node_2175152_2030921_0 0.0105952 0.815743 0.529761
Node_2175152_1397666_0 0.0105952 0.815743 0.529761
Node_2043170_2975056_0 0.0105952 0.815743 0.529761
Node_2043170_1505037_0 0.0105952 0.815743 0.529761
Node_3024400_1735581_0 0.0105952 0.815743 0.529761
Node_3024400_1456591_0 0.0105952 0.815743 0.529761
Node_1735581_911205_0 0.0105952 0.815743 0.529761
Node_1735581_637679_0 0.0105952 0.815743 0.529761
Node_1735581_2161677_0 0.0105952 0.815743 0.529761
Node_2899147_1231351_0 0.0105952 0.815743 0.529761
Node_2899147_1303579_0 0.0105952 0.815743 0.529761
Node_2899147_2843330_0 0.0105952 0.815743 0.529761
Node_2899147_257708_0 0.0105952 0.815743 0.529761
Node_2899147_1854500_0 0.0105952 0.815743 0.529761
Node_2899147_2527868_0 0.0105952 0.815743 0.529761
Node_2899147_2716930_0 0.0105952 0.815743 0.529761
Node_2899147_2041189_0 0.0105952 0.815743 0.529761
Node_2899147_2835040_0 0.0105952 0.815743 0.529761
Node_2899147_2804533_0 0.0105952 0.815743 0.529761
Node_2899147_1442381_0 0.0105952 0.815743 0.529761
Node_2899147_990373_0 0.0105952 0.815743 0.529761
Node_2899147_1979269_0 0.0105952 0.815743 0.529761
Node_2899147_3064888_0 0.0105952 0.815743 0.529761
Node_2804533_938405_0 0.0105952 0.815743 0.529761
Node_2835040_455361_0 0.0105952 0.815743 0.529761
Node_2041189_2865671_0 0.0105952 0.815743 0.529761
Node_2716930_430521_0 0.0105952 0.815743 0.529761
Node_2716930_2801474_0 0.0105952 0.815743 0.529761
Node_2716930_2184016_0 0.0105952 0.815743 0.529761
Node_2716930_1123062_0 0.0105952 0.815743 0.529761
Node_2527868_2230885_0 0.0105952 0.815743 0.529761
Node_2527868_2883479_0 0.0105952 0.815743 0.529761
Node_1854500_198092_0 0.0105952 0.815743 0.529761
Node_1854500_693023_0 0.0105952 0.815743 0.529761
Node_1854500_424704_0 0.0105952 0.815743 0.529761
Node_257708_2820811_0 0.0105952 0.815743 0.529761
Node_257708_1608942_0 0.0105952 0.815743 0.529761
Node_257708_207340_0 0.0105952 0.815743 0.529761
Node_257708_568898_0 0.0105952 0.815743 0.529761
Node_257708_1224513_0 0.0105952 0.815743 0.529761
Node_257708_2307076_0 0.0105952 0.815743 0.529761
Node_257708_2307229_0 0.0105952 0.815743 0.529761
Node_257708_1750527_0 0.0105952 0.815743 0.529761
Node_257708_2768161_0 0.0105952 0.815743 0.529761
Node_257708_2768162_0 0.0105952 0.815743 0.529761
Node_257708_1817963_0 0.0105952 0.815743 0.529761
Node_257708_2478470_0 0.0105952 0.815743 0.529761
Node_257708_2937791_0 0.0105952 0.815743 0.529761
Node_257708_2545983_0 0.0105952 0.815743 0.529761
Node_257708_907779_0 0.0105952 0.815743 0.529761
Node_257708_1335062_0 0.0105952 0.815743 0.529761
Node_257708_525371_0 0.0105952 0.815743 0.529761
Node_1303579_926570_0 0.0105952 0.815743 0.529761
Node_1303579_2802395_0 0.0105952 0.815743 0.529761
Node_1303579_1922313_0 0.0105952 0.815743 0.529761
Node_1303579_1120923_0 0.0105952 0.815743 0.529761
Node_2802395_2802396_0 0.0105952 0.815743 0.529761
Node_926570_526_0 0.0105952 0.815743 0.529761
Node_926570_768198_0 0.0105952 0.815743 0.529761
Node_926570_349163_0 0.0105952 0.815743 0.529761
Node_1231351_2687306_0 0.0105952 0.815743 0.529761
Node_1231351_1120919_0 0.0105952 0.815743 0.529761
Node_1231351_89584_0 0.0105952 0.815743 0.529761
Node_1231351_1288313_0 0.0105952 0.815743 0.529761
Node_1231351_287609_0 0.0105952 0.815743 0.529761
Node_1231351_1053551_0 0.0105952 0.815743 0.529761
Node_1231351_2070537_0 0.0105952 0.815743 0.529761
Node_1231351_2021998_0 0.0105952 0.815743 0.529761
Node_1231351_1307925_0 0.0105952 0.815743 0.529761
Node_1231351_3081148_0 0.0105952 0.815743 0.529761
Node_1231351_1071_0 0.0105952 0.815743 0.529761
Node_1231351_198093_0 0.0105952 0.815743 0.529761
Node_1231351_1181271_0 0.0105952 0.815743 0.529761
Node_1231351_2558360_0 0.0105952 0.815743 0.529761
Node_1231351_2984948_0 0.0105952 0.815743 0.529761
Node_1231351_1510841_0 0.0105952 0.815743 0.529761
Node_1231351_1216886_0 0.0105952 0.815743 0.529761
Node_1231351_2039288_0 0.0105952 0.815743 0.529761
Node_1231351_1484109_0 0.0105952 0.815743 0.529761
Node_1231351_2762277_0 0.0105952 0.815743 0.529761
Node_1231351_2991712_0 0.0105952 0.815743 0.529761
Node_1231351_2959299_0 0.0105952 0.815743 0.529761
Node_1231351_77585_0 0.0105952 0.815743 0.529761
Node_1231351_504468_0 0.0105952 0.815743 0.529761
Node_1231351_1293412_0 0.0105952 0.815743 0.529761
Node_1231351_442969_0 0.0105952 0.815743 0.529761
Node_1231351_182838_0 0.0105952 0.815743 0.529761
Node_1231351_153496_0 0.0105952 0.815743 0.529761
Node_1231351_320497_0 0.0105952 0.815743 0.529761
Node_1231351_2320859_0 0.0105952 0.815743 0.529761
Node_1231351_2812733_0 0.0105952 0.815743 0.529761
Node_1231351_2683649_0 0.0105952 0.815743 0.529761
Node_1231351_2782605_0 0.0105952 0.815743 0.529761
Node_1231351_1872105_0 0.0105952 0.815743 0.529761
Node_1231351_1123227_0 0.0105952 0.815743 0.529761
Node_1231351_1223519_0 0.0105952 0.815743 0.529761
Node_1231351_1231350_0 0.0105952 0.815743 0.529761
Node_1231351_1231623_0 0.0105952 0.815743 0.529761
Node_1307925_1307926_0 0.0105952 0.815743 0.529761
Node_2021998_1203393_0 0.0105952 0.815743 0.529761
Node_2070537_2972786_0 0.0105952 0.815743 0.529761
Node_1053551_265959_0 0.0105952 0.815743 0.529761
Node_1053551_634177_0 0.0105952 0.815743 0.529761
Node_287609_1346889_0 0.0105952 0.815743 0.529761
Node_287609_1452450_0 0.0105952 0.815743 0.529761
Node_287609_1232220_0 0.0105952 0.815743 0.529761
Node_287609_424799_0 0.0105952 0.815743 0.529761
Node_1288313_38307_0 0.0105952 0.815743 0.529761
Node_1288313_376620_0 0.0105952 0.815743 0.529761
Node_1288313_941463_0 0.0105952 0.815743 0.529761
Node_1288313_656744_0 0.0105952 0.815743 0.529761
Node_1288313_1381097_0 0.0105952 0.815743 0.529761
Node_1288313_1088869_0 0.0105952 0.815743 0.529761
Node_1288313_1307951_0 0.0105952 0.815743 0.529761
Node_89584_1017181_0 0.0105952 0.815743 0.529761
Node_89584_2729096_0 0.0105952 0.815743 0.529761
Node_89584_142834_0 0.0105952 0.815743 0.529761
Node_89584_112140_0 0.0105952 0.815743 0.529761
Node_89584_272568_0 0.0105952 0.815743 0.529761
Node_1120919_1737472_0 0.0105952 0.815743 0.529761
Node_1120919_1737473_0 0.0105952 0.815743 0.529761
Node_1120919_431306_0 0.0105952 0.815743 0.529761
Node_1120919_104098_0 0.0105952 0.815743 0.529761
Node_1120919_104101_0 0.0105952 0.815743 0.529761
Node_1120919_2661687_0 0.0105952 0.815743 0.529761
Node_1120919_146474_0 0.0105952 0.815743 0.529761
Node_1120919_146475_0 0.0105952 0.815743 0.529761
Node_1120919_146476_0 0.0105952 0.815743 0.529761
Node_1120919_446692_0 0.0105952 0.815743 0.529761
Node_1120919_1076594_0 0.0105952 0.815743 0.529761
Node_1120919_1076596_0 0.0105952 0.815743 0.529761
Node_1120919_1502841_0 0.0105952 0.815743 0.529761
Node_1120919_1502842_0 0.0105952 0.815743 0.529761
Node_1120919_2817435_0 0.0105952 0.815743 0.529761
Node_1120919_945681_0 0.0105952 0.815743 0.529761
Node_2687306_1509237_0 0.0105952 0.815743 0.529761
Node_3061083_1445552_0 0.0105952 0.815743 0.529761
Node_3061083_1298959_0 0.0105952 0.815743 0.529761
Node_3061083_588932_0 0.0105952 0.815743 0.529761
Node_3061083_1121022_0 0.0105952 0.815743 0.529761
Node_3061083_366602_0 0.0105952 0.815743 0.529761
Node_3061083_2686094_0 0.0105952 0.815743 0.529761
Node_366602_69666_0 0.0105952 0.815743 0.529761
Node_366602_400775_0 0.0105952 0.815743 0.529761
Node_366602_565050_0 0.0105952 0.815743 0.529761
Node_366602_1679497_0 0.0105952 0.815743 0.529761
Node_366602_2172652_0 0.0105952 0.815743 0.529761
Node_366602_2010972_0 0.0105952 0.815743 0.529761
Node_366602_3161137_0 0.0105952 0.815743 0.529761
Node_366602_509190_0 0.0105952 0.815743 0.529761
Node_565050_190650_0 0.0105952 0.815743 0.529761
Node_1121022_2984210_0 0.0105952 0.815743 0.529761
Node_1121022_2984212_0 0.0105952 0.815743 0.529761
Node_1121022_1395890_0 0.0105952 0.815743 0.529761
Node_1121022_260084_0 0.0105952 0.815743 0.529761
Node_1121022_715226_0 0.0105952 0.815743 0.529761
Node_588932_657642_0 0.0105952 0.815743 0.529761
Node_588932_363631_0 0.0105952 0.815743 0.529761
Node_588932_172043_0 0.0105952 0.815743 0.529761
Node_588932_74316_0 0.0105952 0.815743 0.529761
Node_588932_74326_0 0.0105952 0.815743 0.529761
Node_588932_13160_0 0.0105952 0.815743 0.529761
Node_588932_871741_0 0.0105952 0.815743 0.529761
Node_588932_2774189_0 0.0105952 0.815743 0.529761
Node_588932_322163_0 0.0105952 0.815743 0.529761
Node_588932_2813778_0 0.0105952 0.815743 0.529761
Node_588932_947378_0 0.0105952 0.815743 0.529761
Node_588932_1391729_0 0.0105952 0.815743 0.529761
Node_1298959_98513_0 0.0105952 0.815743 0.529761
Node_1298959_2982689_0 0.0105952 0.815743 0.529761
Node_1298959_1445034_0 0.0105952 0.815743 0.529761
Node_1298959_266125_0 0.0105952 0.815743 0.529761
Node_1298959_2823693_0 0.0105952 0.815743 0.529761
Node_1298959_2201350_0 0.0105952 0.815743 0.529761
Node_1298959_2170551_0 0.0105952 0.815743 0.529761
Node_1298959_2665495_0 0.0105952 0.815743 0.529761
Node_1298959_1813876_0 0.0105952 0.815743 0.529761
Node_1298959_1914756_0 0.0105952 0.815743 0.529761
Node_1298959_2803784_0 0.0105952 0.815743 0.529761
Node_1298959_450851_0 0.0105952 0.815743 0.529761
Node_34015_645617_0 0.0105952 0.815743 0.529761
Node_34015_2851013_0 0.0105952 0.815743 0.529761
Node_34015_1507287_0 0.0105952 0.815743 0.529761
Node_34015_2292257_0 0.0105952 0.815743 0.529761
Node_34015_1538146_0 0.0105952 0.815743 0.529761
Node_34015_2511025_0 0.0105952 0.815743 0.529761
Node_34015_1850238_0 0.0105952 0.815743 0.529761
Node_34015_1301087_0 0.0105952 0.815743 0.529761
Node_34015_2761622_0 0.0105952 0.815743 0.529761
Node_34015_579138_0 0.0105952 0.815743 0.529761
Node_579138_555217_0 0.0105952 0.815743 0.529761
Node_2761622_680125_0 0.0105952 0.815743 0.529761
Node_1301087_1082345_0 0.0105952 0.815743 0.529761
Node_1301087_135719_0 0.0105952 0.815743 0.529761
Node_1301087_529005_0 0.0105952 0.815743 0.529761
Node_1301087_627688_0 0.0105952 0.815743 0.529761
Node_1301087_595605_0 0.0105952 0.815743 0.529761
Node_1301087_432308_0 0.0105952 0.815743 0.529761
Node_1301087_2008318_0 0.0105952 0.815743 0.529761
Node_1301087_2506423_0 0.0105952 0.815743 0.529761
Node_1301087_2735886_0 0.0105952 0.815743 0.529761
Node_1301087_3063954_0 0.0105952 0.815743 0.529761
Node_1301087_2933566_0 0.0105952 0.815743 0.529761
Node_1301087_1591116_0 0.0105952 0.815743 0.529761
Node_1301087_870476_0 0.0105952 0.815743 0.529761
Node_1301087_1886786_0 0.0105952 0.815743 0.529761
Node_1301087_1592790_0 0.0105952 0.815743 0.529761
Node_1301087_120107_0 0.0105952 0.815743 0.529761
Node_1301087_121428_0 0.0105952 0.815743 0.529761
Node_1301087_56193_0 0.0105952 0.815743 0.529761
Node_1301087_1007511_0 0.0105952 0.815743 0.529761
Node_1301087_944425_0 0.0105952 0.815743 0.529761
Node_1301087_2715436_0 0.0105952 0.815743 0.529761
Node_1301087_2782607_0 0.0105952 0.815743 0.529761
Node_1301087_690566_0 0.0105952 0.815743 0.529761
Node_1301087_1219045_0 0.0105952 0.815743 0.529761
Node_1301087_1420583_0 0.0105952 0.815743 0.529761
Node_1301087_1329909_0 0.0105952 0.815743 0.529761
Node_1301087_1331060_0 0.0105952 0.815743 0.529761
Node_1301087_1208342_0 0.0105952 0.815743 0.529761
Node_1850238_861865_0 0.0105952 0.815743 0.529761
Node_1850238_2529389_0 0.0105952 0.815743 0.529761
Node_1850238_439228_0 0.0105952 0.815743 0.529761
Node_1850238_392499_0 0.0105952 0.815743 0.529761
Node_861865_653954_0 0.0105952 0.815743 0.529761
Node_2511025_333708_0 0.0105952 0.815743 0.529761
Node_2511025_2827236_0 0.0105952 0.815743 0.529761
Node_2511025_1981098_0 0.0105952 0.815743 0.529761
Node_2511025_1771310_0 0.0105952 0.815743 0.529761
Node_2511025_2759707_0 0.0105952 0.815743 0.529761
Node_2511025_1715348_0 0.0105952 0.815743 0.529761
Node_2511025_1070431_0 0.0105952 0.815743 0.529761
Node_1981098_1439888_0 0.0105952 0.815743 0.529761
Node_2827236_1234595_0 0.0105952 0.815743 0.529761
Node_333708_3050082_0 0.0105952 0.815743 0.529761
Node_333708_335406_0 0.0105952 0.815743 0.529761
Node_1538146_3032592_0 0.0105952 0.815743 0.529761
Node_1538146_1267766_0 0.0105952 0.815743 0.529761
Node_1538146_1509367_0 0.0105952 0.815743 0.529761
Node_1538146_2306996_0 0.0105952 0.815743 0.529761
Node_1538146_1703339_0 0.0105952 0.815743 0.529761
Node_1538146_374177_0 0.0105952 0.815743 0.529761
Node_1538146_874156_0 0.0105952 0.815743 0.529761
Node_1538146_2909673_0 0.0105952 0.815743 0.529761
Node_1538146_1503981_0 0.0105952 0.815743 0.529761
Node_1538146_2584124_0 0.0105952 0.815743 0.529761
Node_1538146_538382_0 0.0105952 0.815743 0.529761
Node_1538146_2969984_0 0.0105952 0.815743 0.529761
Node_1538146_1926630_0 0.0105952 0.815743 0.529761
Node_1538146_1219035_0 0.0105952 0.815743 0.529761
Node_2584124_1044_0 0.0105952 0.815743 0.529761
Node_2584124_1112_0 0.0105952 0.815743 0.529761
Node_2584124_35811_0 0.0105952 0.815743 0.529761
Node_2584124_2828328_0 0.0105952 0.815743 0.529761
Node_2584124_2739433_0 0.0105952 0.815743 0.529761
Node_2584124_2182384_0 0.0105952 0.815743 0.529761
Node_2584124_1300349_0 0.0105952 0.815743 0.529761
Node_1503981_2489173_0 0.0105952 0.815743 0.529761
Node_2909673_2867233_0 0.0105952 0.815743 0.529761
Node_2909673_2867240_0 0.0105952 0.815743 0.529761
Node_2909673_3067652_0 0.0105952 0.815743 0.529761
Node_2909673_2782568_0 0.0105952 0.815743 0.529761
Node_874156_2793064_0 0.0105952 0.815743 0.529761
Node_874156_1648404_0 0.0105952 0.815743 0.529761
Node_874156_1784712_0 0.0105952 0.815743 0.529761
Node_874156_3145232_0 0.0105952 0.815743 0.529761
Node_374177_1808508_0 0.0105952 0.815743 0.529761
Node_374177_2320269_0 0.0105952 0.815743 0.529761
Node_1703339_1348774_0 0.0105952 0.815743 0.529761
Node_1703339_2217664_0 0.0105952 0.815743 0.529761
Node_1703339_450378_0 0.0105952 0.815743 0.529761
Node_1703339_3075597_0 0.0105952 0.815743 0.529761
Node_1703339_1703341_0 0.0105952 0.815743 0.529761
Node_2306996_1837929_0 0.0105952 0.815743 0.529761
Node_2306996_692370_0 0.0105952 0.815743 0.529761
Node_2306996_2976475_0 0.0105952 0.815743 0.529761
Node_1509367_2730337_0 0.0105952 0.815743 0.529761
Node_1267766_1737568_0 0.0105952 0.815743 0.529761
Node_1267766_1476466_0 0.0105952 0.815743 0.529761
Node_1267766_1739690_0 0.0105952 0.815743 0.529761
Node_1267766_1572751_0 0.0105952 0.815743 0.529761
Node_3032592_361183_0 0.0105952 0.815743 0.529761
Node_3032592_3113904_0 0.0105952 0.815743 0.529761
Node_3032592_476157_0 0.0105952 0.815743 0.529761
Node_3032592_2743979_0 0.0105952 0.815743 0.529761
Node_2292257_2806553_0 0.0105952 0.815743 0.529761
Node_2292257_1343899_0 0.0105952 0.815743 0.529761
Node_2292257_1913578_0 0.0105952 0.815743 0.529761
Node_2292257_1490041_0 0.0105952 0.815743 0.529761
Node_2292257_940136_0 0.0105952 0.815743 0.529761
Node_2292257_392610_0 0.0105952 0.815743 0.529761
Node_2806553_394733_0 0.0105952 0.815743 0.529761
Node_2806553_2725558_0 0.0105952 0.815743 0.529761
Node_2806553_1123272_0 0.0105952 0.815743 0.529761
Node_1507287_2601267_0 0.0105952 0.815743 0.529761
Node_1507287_33050_0 0.0105952 0.815743 0.529761
Node_1507287_592051_0 0.0105952 0.815743 0.529761
Node_1507287_462372_0 0.0105952 0.815743 0.529761
Node_1507287_267128_0 0.0105952 0.815743 0.529761
Node_1507287_1515612_0 0.0105952 0.815743 0.529761
Node_1507287_173675_0 0.0105952 0.815743 0.529761
Node_1507287_1129133_0 0.0105952 0.815743 0.529761
Node_1507287_2871171_0 0.0105952 0.815743 0.529761
Node_1507287_2054227_0 0.0105952 0.815743 0.529761
Node_1507287_651663_0 0.0105952 0.815743 0.529761
Node_1507287_1219058_0 0.0105952 0.815743 0.529761
Node_2851013_941907_0 0.0105952 0.815743 0.529761
Node_2851013_2950949_0 0.0105952 0.815743 0.529761
Node_941907_2068657_0 0.0105952 0.815743 0.529761
Node_941907_2116704_0 0.0105952 0.815743 0.529761
Node_941907_1176539_0 0.0105952 0.815743 0.529761
Node_645617_1096930_0 0.0105952 0.815743 0.529761
Node_645617_1123269_0 0.0105952 0.815743 0.529761
Node_645617_517720_0 0.0105952 0.815743 0.529761
Node_645617_3121345_0 0.0105952 0.815743 0.529761
Node_645617_13656_0 0.0105952 0.815743 0.529761
Node_645617_1921510_0 0.0105952 0.815743 0.529761
Node_645617_1763828_0 0.0105952 0.815743 0.529761
Node_517720_463200_0 0.0105952 0.815743 0.529761
Node_517720_2860338_0 0.0105952 0.815743 0.529761
Node_517720_2711215_0 0.0105952 0.815743 0.529761
Node_517720_3075605_0 0.0105952 0.815743 0.529761
Node_1123269_33051_0 0.0105952 0.815743 0.529761
Node_1123269_3080540_0 0.0105952 0.815743 0.529761
Node_1123269_1541170_0 0.0105952 0.815743 0.529761
Node_1123269_1344951_0 0.0105952 0.815743 0.529761
Node_1123269_296544_0 0.0105952 0.815743 0.529761
Node_1123269_2918765_0 0.0105952 0.815743 0.529761
Node_1123269_2951807_0 0.0105952 0.815743 0.529761
Node_1123269_658225_0 0.0105952 0.815743 0.529761
Node_1123269_68569_0 0.0105952 0.815743 0.529761
Node_1123269_2722791_0 0.0105952 0.815743 0.529761
Node_1123269_429134_0 0.0105952 0.815743 0.529761
Node_1123269_298708_0 0.0105952 0.815743 0.529761
Node_1123269_1609977_0 0.0105952 0.815743 0.529761
Node_1123269_2594473_0 0.0105952 0.815743 0.529761
Node_1123269_301154_0 0.0105952 0.815743 0.529761
Node_1123269_1219257_0 0.0105952 0.815743 0.529761
Node_1123269_563996_0 0.0105952 0.815743 0.529761
Node_1123269_2759526_0 0.0105952 0.815743 0.529761
Node_1123269_2071607_0 0.0105952 0.815743 0.529761
Node_1123269_335630_0 0.0105952 0.815743 0.529761
Node_1123269_1843237_0 0.0105952 0.815743 0.529761
Node_1123269_237611_0 0.0105952 0.815743 0.529761
Node_1123269_1549858_0 0.0105952 0.815743 0.529761
Node_1123269_1779358_0 0.0105952 0.815743 0.529761
Node_1123269_862134_0 0.0105952 0.815743 0.529761
Node_1123269_2992113_0 0.0105952 0.815743 0.529761
Node_1123269_2795726_0 0.0105952 0.815743 0.529761
Node_1123269_370959_0 0.0105952 0.815743 0.529761
Node_1123269_2599297_0 0.0105952 0.815743 0.529761
Node_1123269_1813468_0 0.0105952 0.815743 0.529761
Node_1123269_535907_0 0.0105952 0.815743 0.529761
Node_1123269_1813879_0 0.0105952 0.815743 0.529761
Node_1123269_2764186_0 0.0105952 0.815743 0.529761
Node_1123269_2698679_0 0.0105952 0.815743 0.529761
Node_1123269_2698828_0 0.0105952 0.815743 0.529761
Node_1123269_2305907_0 0.0105952 0.815743 0.529761
Node_1123269_1979270_0 0.0105952 0.815743 0.529761
Node_1123269_1848973_0 0.0105952 0.815743 0.529761
Node_1123269_1915074_0 0.0105952 0.815743 0.529761
Node_1123269_3063330_0 0.0105952 0.815743 0.529761
Node_1123269_3063994_0 0.0105952 0.815743 0.529761
Node_1123269_2572576_0 0.0105952 0.815743 0.529761
Node_1123269_1327635_0 0.0105952 0.815743 0.529761
Node_1123269_344880_0 0.0105952 0.815743 0.529761
Node_1123269_2606412_0 0.0105952 0.815743 0.529761
Node_1123269_869719_0 0.0105952 0.815743 0.529761
Node_1123269_1886787_0 0.0105952 0.815743 0.529761
Node_1123269_1166323_0 0.0105952 0.815743 0.529761
Node_1123269_1166337_0 0.0105952 0.815743 0.529761
Node_1123269_1166340_0 0.0105952 0.815743 0.529761
Node_1123269_1658060_0 0.0105952 0.815743 0.529761
Node_1123269_1395958_0 0.0105952 0.815743 0.529761
Node_1123269_1395960_0 0.0105952 0.815743 0.529761
Node_1123269_904715_0 0.0105952 0.815743 0.529761
Node_1123269_511662_0 0.0105952 0.815743 0.529761
Node_1123269_1560345_0 0.0105952 0.815743 0.529761
Node_1123269_1855283_0 0.0105952 0.815743 0.529761
Node_1123269_53317_0 0.0105952 0.815743 0.529761
Node_1123269_1888892_0 0.0105952 0.815743 0.529761
Node_1123269_2904799_0 0.0105952 0.815743 0.529761
Node_1123269_2249466_0 0.0105952 0.815743 0.529761
Node_1123269_2315330_0 0.0105952 0.815743 0.529761
Node_1123269_2315689_0 0.0105952 0.815743 0.529761
Node_1123269_185951_0 0.0105952 0.815743 0.529761
Node_1123269_2283317_0 0.0105952 0.815743 0.529761
Node_1123269_2938948_0 0.0105952 0.815743 0.529761
Node_1123269_940133_0 0.0105952 0.815743 0.529761
Node_1123269_3103142_0 0.0105952 0.815743 0.529761
Node_1123269_1268553_0 0.0105952 0.815743 0.529761
Node_1123269_2842451_0 0.0105952 0.815743 0.529761
Node_1123269_2907998_0 0.0105952 0.815743 0.529761
Node_1123269_2908205_0 0.0105952 0.815743 0.529761
Node_1123269_2908206_0 0.0105952 0.815743 0.529761
Node_1123269_2908207_0 0.0105952 0.815743 0.529761
Node_1123269_2908209_0 0.0105952 0.815743 0.529761
Node_1123269_418184_0 0.0105952 0.815743 0.529761
Node_1123269_2319844_0 0.0105952 0.815743 0.529761
Node_1123269_2320861_0 0.0105952 0.815743 0.529761
Node_1123269_2484750_0 0.0105952 0.815743 0.529761
Node_1123269_93063_0 0.0105952 0.815743 0.529761
Node_1123269_93064_0 0.0105952 0.815743 0.529761
Node_1123269_977800_0 0.0105952 0.815743 0.529761
Node_1123269_3042314_0 0.0105952 0.815743 0.529761
Node_1123269_1141890_0 0.0105952 0.815743 0.529761
Node_1123269_2714943_0 0.0105952 0.815743 0.529761
Node_1123269_2682842_0 0.0105952 0.815743 0.529761
Node_1123269_1241761_0 0.0105952 0.815743 0.529761
Node_1123269_1045317_0 0.0105952 0.815743 0.529761
Node_1123269_1176646_0 0.0105952 0.815743 0.529761
Node_1123269_3012344_0 0.0105952 0.815743 0.529761
Node_1123269_1735121_0 0.0105952 0.815743 0.529761
Node_1123269_653931_0 0.0105952 0.815743 0.529761
Node_1123269_2949092_0 0.0105952 0.815743 0.529761
Node_1123269_2949093_0 0.0105952 0.815743 0.529761
Node_1123269_2949094_0 0.0105952 0.815743 0.529761
Node_1123269_1736690_0 0.0105952 0.815743 0.529761
Node_1123269_2555898_0 0.0105952 0.815743 0.529761
Node_1123269_1219043_0 0.0105952 0.815743 0.529761
Node_1123269_1219049_0 0.0105952 0.815743 0.529761
Node_1123269_1123267_0 0.0105952 0.815743 0.529761
Node_1123269_908605_0 0.0105952 0.815743 0.529761
Node_1096930_1507448_0 0.0105952 0.815743 0.529761
Node_1096930_1770194_0 0.0105952 0.815743 0.529761
Node_1096930_624388_0 0.0105952 0.815743 0.529761
Node_1096930_428990_0 0.0105952 0.815743 0.529761
Node_1096930_428991_0 0.0105952 0.815743 0.529761
Node_1096930_1117702_0 0.0105952 0.815743 0.529761
Node_1096930_1348853_0 0.0105952 0.815743 0.529761
Node_1096930_563162_0 0.0105952 0.815743 0.529761
Node_1096930_2791981_0 0.0105952 0.815743 0.529761
Node_1096930_1514948_0 0.0105952 0.815743 0.529761
Node_1096930_2792964_0 0.0105952 0.815743 0.529761
Node_1096930_1908524_0 0.0105952 0.815743 0.529761
Node_1096930_1778672_0 0.0105952 0.815743 0.529761
Node_1096930_3056842_0 0.0105952 0.815743 0.529761
Node_1096930_3024215_0 0.0105952 0.815743 0.529761
Node_1096930_173676_0 0.0105952 0.815743 0.529761
Node_1096930_1256513_0 0.0105952 0.815743 0.529761
Node_1096930_1256514_0 0.0105952 0.815743 0.529761
Node_1096930_13688_0 0.0105952 0.815743 0.529761
Node_1096930_2930092_0 0.0105952 0.815743 0.529761
Node_1096930_2930093_0 0.0105952 0.815743 0.529761
Node_1096930_2930094_0 0.0105952 0.815743 0.529761
Node_1096930_2930389_0 0.0105952 0.815743 0.529761
Node_1096930_1391222_0 0.0105952 0.815743 0.529761
Node_1096930_1850347_0 0.0105952 0.815743 0.529761
Node_1096930_48936_0 0.0105952 0.815743 0.529761
Node_1096930_3031130_0 0.0105952 0.815743 0.529761
Node_1096930_574956_0 0.0105952 0.815743 0.529761
Node_1096930_3230299_0 0.0105952 0.815743 0.529761
Node_1096930_1428314_0 0.0105952 0.815743 0.529761
Node_1096930_3133435_0 0.0105952 0.815743 0.529761
Node_1096930_3133436_0 0.0105952 0.815743 0.529761
Node_1096930_2282397_0 0.0105952 0.815743 0.529761
Node_1096930_2839843_0 0.0105952 0.815743 0.529761
Node_1096930_1955250_0 0.0105952 0.815743 0.529761
Node_1096930_2976432_0 0.0105952 0.815743 0.529761
Node_1096930_158500_0 0.0105952 0.815743 0.529761
Node_1096930_1176536_0 0.0105952 0.815743 0.529761
Node_1096930_260085_0 0.0105952 0.815743 0.529761
Node_1096930_2029884_0 0.0105952 0.815743 0.529761
Node_1096930_1211806_0 0.0105952 0.815743 0.529761
Node_1096930_1114963_0 0.0105952 0.815743 0.529761
Node_1096930_983920_0 0.0105952 0.815743 0.529761
Node_1096930_1088721_0 0.0105952 0.815743 0.529761
Node_1096930_279238_0 0.0105952 0.815743 0.529761
Node_580166_28077_0 0.0105952 0.815743 0.529761
Node_580166_1549855_0 0.0105952 0.815743 0.529761
Node_580166_3032591_0 0.0105952 0.815743 0.529761
Node_580166_1766165_0 0.0105952 0.815743 0.529761
Node_580166_1773489_0 0.0105952 0.815743 0.529761
Node_580166_2729598_0 0.0105952 0.815743 0.529761
Node_580166_1633335_0 0.0105952 0.815743 0.529761
Node_580166_2602015_0 0.0105952 0.815743 0.529761
Node_580166_1867952_0 0.0105952 0.815743 0.529761
Node_580166_1177929_0 0.0105952 0.815743 0.529761
Node_580166_272627_0 0.0105952 0.815743 0.529761
Node_580166_1489064_0 0.0105952 0.815743 0.529761
Node_580166_2211142_0 0.0105952 0.815743 0.529761
Node_580166_94_0 0.0105952 0.815743 0.529761
Node_580166_2812848_0 0.0105952 0.815743 0.529761
Node_2211142_1264899_0 0.0105952 0.815743 0.529761
Node_1489064_1549748_0 0.0105952 0.815743 0.529761
Node_1489064_1550907_0 0.0105952 0.815743 0.529761
Node_1489064_454162_0 0.0105952 0.815743 0.529761
Node_272627_1285242_0 0.0105952 0.815743 0.529761
Node_272627_2053833_0 0.0105952 0.815743 0.529761
Node_272627_1244869_0 0.0105952 0.815743 0.529761
Node_272627_342108_0 0.0105952 0.815743 0.529761
Node_1177929_168935_0 0.0105952 0.815743 0.529761
Node_1177929_502049_0 0.0105952 0.815743 0.529761
Node_1177929_1293891_0 0.0105952 0.815743 0.529761
Node_1177929_2048283_0 0.0105952 0.815743 0.529761
Node_1177929_3037796_0 0.0105952 0.815743 0.529761
Node_1177929_744227_0 0.0105952 0.815743 0.529761
Node_1177929_1123366_0 0.0105952 0.815743 0.529761
Node_1177929_1353532_0 0.0105952 0.815743 0.529761
Node_1177929_1177930_0 0.0105952 0.815743 0.529761
Node_1867952_1634917_0 0.0105952 0.815743 0.529761
Node_2602015_578943_0 0.0105952 0.815743 0.529761
Node_2602015_1867774_0 0.0105952 0.815743 0.529761
Node_2602015_2602016_0 0.0105952 0.815743 0.529761
Node_578943_600628_0 0.0105952 0.815743 0.529761
Node_578943_3064282_0 0.0105952 0.815743 0.529761
Node_578943_940149_0 0.0105952 0.815743 0.529761
Node_1633335_1862145_0 0.0105952 0.815743 0.529761
Node_1633335_1123362_0 0.0105952 0.815743 0.529761
Node_2729598_2039722_0 0.0105952 0.815743 0.529761
Node_2729598_2500179_0 0.0105952 0.815743 0.529761
Node_2729598_1461337_0 0.0105952 0.815743 0.529761
Node_1773489_28181_0 0.0105952 0.815743 0.529761
Node_1766165_363840_0 0.0105952 0.815743 0.529761
Node_1766165_478448_0 0.0105952 0.815743 0.529761
Node_1766165_431944_0 0.0105952 0.815743 0.529761
Node_1766165_1576914_0 0.0105952 0.815743 0.529761
Node_1766165_140058_0 0.0105952 0.815743 0.529761
Node_1766165_2022747_0 0.0105952 0.815743 0.529761
Node_1766165_2591009_0 0.0105952 0.815743 0.529761
Node_1766165_1709002_0 0.0105952 0.815743 0.529761
Node_1766165_1220600_0 0.0105952 0.815743 0.529761
Node_1766165_111831_0 0.0105952 0.815743 0.529761
Node_1766165_83401_0 0.0105952 0.815743 0.529761
Node_1766165_1168082_0 0.0105952 0.815743 0.529761
Node_1766165_382514_0 0.0105952 0.815743 0.529761
Node_1766165_269796_0 0.0105952 0.815743 0.529761
Node_2022747_552518_0 0.0105952 0.815743 0.529761
Node_140058_140057_0 0.0105952 0.815743 0.529761
Node_140058_390880_0 0.0105952 0.815743 0.529761
Node_1576914_2594003_0 0.0105952 0.815743 0.529761
Node_431944_1437059_0 0.0105952 0.815743 0.529761
Node_431944_1150626_0 0.0105952 0.815743 0.529761
Node_431944_908842_0 0.0105952 0.815743 0.529761
Node_478448_1150469_0 0.0105952 0.815743 0.529761
Node_363840_1398085_0 0.0105952 0.815743 0.529761
Node_3032591_1087_0 0.0105952 0.815743 0.529761
Node_3032591_1082479_0 0.0105952 0.815743 0.529761
Node_3032591_1579333_0 0.0105952 0.815743 0.529761
Node_3032591_2661937_0 0.0105952 0.815743 0.529761
Node_3032591_1419723_0 0.0105952 0.815743 0.529761
Node_3032591_374515_0 0.0105952 0.815743 0.529761
Node_3032591_560819_0 0.0105952 0.815743 0.529761
Node_1549855_414052_0 0.0105952 0.815743 0.529761
Node_1549855_189_0 0.0105952 0.815743 0.529761
Node_1549855_80876_0 0.0105952 0.815743 0.529761
Node_414052_1238182_0 0.0105952 0.815743 0.529761
Node_28077_2775420_0 0.0105952 0.815743 0.529761
Node_28077_92933_0 0.0105952 0.815743 0.529761
Node_28077_1612173_0 0.0105952 0.815743 0.529761
Node_28077_201185_0 0.0105952 0.815743 0.529761
Node_28077_765888_0 0.0105952 0.815743 0.529761
Node_28077_1441467_0 0.0105952 0.815743 0.529761
Node_1612173_1981099_0 0.0105952 0.815743 0.529761
Node_92933_192_0 0.0105952 0.815743 0.529761
Node_92933_528244_0 0.0105952 0.815743 0.529761
Node_92933_2496639_0 0.0105952 0.815743 0.529761
Node_92933_2202148_0 0.0105952 0.815743 0.529761
Node_92933_2044885_0 0.0105952 0.815743 0.529761
Node_92933_1226968_0 0.0105952 0.815743 0.529761
Node_92933_2800326_0 0.0105952 0.815743 0.529761
Node_92933_2735135_0 0.0105952 0.815743 0.529761
Node_92933_2970906_0 0.0105952 0.815743 0.529761
Node_92933_416170_0 0.0105952 0.815743 0.529761
Node_92933_286727_0 0.0105952 0.815743 0.529761
Node_92933_2320860_0 0.0105952 0.815743 0.529761
Node_92933_488438_0 0.0105952 0.815743 0.529761
Node_2775420_393310_0 0.0105952 0.815743 0.529761
Node_2775420_1385369_0 0.0105952 0.815743 0.529761
Node_2609175_1220491_0 0.0105952 0.815743 0.529761
Node_2609175_1736751_0 0.0105952 0.815743 0.529761
Node_2609175_1133559_0 0.0105952 0.815743 0.529761
Node_2609175_144022_0 0.0105952 0.815743 0.529761
Node_2609175_1434191_0 0.0105952 0.815743 0.529761
Node_144022_144026_0 0.0105952 0.815743 0.529761
Node_1133559_2135793_0 0.0105952 0.815743 0.529761
Node_1133559_2029849_0 0.0105952 0.815743 0.529761
Node_1736751_3116575_0 0.0105952 0.815743 0.529761
Node_1220491_1128113_0 0.0105952 0.815743 0.529761
Node_1220491_287478_0 0.0105952 0.815743 0.529761
Node_1220491_568099_0 0.0105952 0.815743 0.529761
Node_1128113_1479486_0 0.0105952 0.815743 0.529761
Node_1128113_1298735_0 0.0105952 0.815743 0.529761
Node_314256_991905_0 0.0105952 0.815743 0.529761
Node_314256_2715277_0 0.0105952 0.815743 0.529761
Node_314256_2729614_0 0.0105952 0.815743 0.529761
Node_314256_2949426_0 0.0105952 0.815743 0.529761
Node_314256_2161673_0 0.0105952 0.815743 0.529761
Node_314256_670155_0 0.0105952 0.815743 0.529761
Node_314256_1288298_0 0.0105952 0.815743 0.529761
Node_314256_53501_0 0.0105952 0.815743 0.529761
Node_314256_2282382_0 0.0105952 0.815743 0.529761
Node_314256_1300350_0 0.0105952 0.815743 0.529761
Node_314256_981384_0 0.0105952 0.815743 0.529761
Node_314256_943940_0 0.0105952 0.815743 0.529761
Node_314256_658057_0 0.0105952 0.815743 0.529761
Node_314256_1280846_0 0.0105952 0.815743 0.529761
Node_314256_420403_0 0.0105952 0.815743 0.529761
Node_314256_1449350_0 0.0105952 0.815743 0.529761
Node_314256_299262_0 0.0105952 0.815743 0.529761
Node_314256_1123237_0 0.0105952 0.815743 0.529761
Node_314256_92947_0 0.0105952 0.815743 0.529761
Node_314256_1447782_0 0.0105952 0.815743 0.529761
Node_314256_2881335_0 0.0105952 0.815743 0.529761
Node_314256_1208324_0 0.0105952 0.815743 0.529761
Node_314256_221822_0 0.0105952 0.815743 0.529761
Node_314256_696760_0 0.0105952 0.815743 0.529761
Node_314256_1123069_0 0.0105952 0.815743 0.529761
Node_314256_1891787_0 0.0105952 0.815743 0.529761
Node_314256_2029103_0 0.0105952 0.815743 0.529761
Node_314256_996342_0 0.0105952 0.815743 0.529761
Node_314256_1779329_0 0.0105952 0.815743 0.529761
Node_314256_1943633_0 0.0105952 0.815743 0.529761
Node_314256_2795731_0 0.0105952 0.815743 0.529761
Node_314256_3058420_0 0.0105952 0.815743 0.529761
Node_314256_481181_0 0.0105952 0.815743 0.529761
Node_314256_1501240_0 0.0105952 0.815743 0.529761
Node_314256_390807_0 0.0105952 0.815743 0.529761
Node_314256_1396826_0 0.0105952 0.815743 0.529761
Node_314256_1031541_0 0.0105952 0.815743 0.529761
Node_314256_441119_0 0.0105952 0.815743 0.529761
Node_314256_2836868_0 0.0105952 0.815743 0.529761
Node_314256_391616_0 0.0105952 0.815743 0.529761
Node_314256_391948_0 0.0105952 0.815743 0.529761
Node_314256_2968472_0 0.0105952 0.815743 0.529761
Node_314256_871651_0 0.0105952 0.815743 0.529761
Node_314256_1200281_0 0.0105952 0.815743 0.529761
Node_314256_393663_0 0.0105952 0.815743 0.529761
Node_314256_561184_0 0.0105952 0.815743 0.529761
Node_314256_595589_0 0.0105952 0.815743 0.529761
Node_314256_1579316_0 0.0105952 0.815743 0.529761
Node_314256_74033_0 0.0105952 0.815743 0.529761
Node_314256_2827239_0 0.0105952 0.815743 0.529761
Node_314256_42444_0 0.0105952 0.815743 0.529761
Node_314256_1156985_0 0.0105952 0.815743 0.529761
Node_314256_1387277_0 0.0105952 0.815743 0.529761
Node_314256_569882_0 0.0105952 0.815743 0.529761
Node_314256_1914409_0 0.0105952 0.815743 0.529761
Node_314256_1685382_0 0.0105952 0.815743 0.529761
Node_314256_2964767_0 0.0105952 0.815743 0.529761
Node_314256_1524259_0 0.0105952 0.815743 0.529761
Node_314256_1852017_0 0.0105952 0.815743 0.529761
Node_314256_576131_0 0.0105952 0.815743 0.529761
Node_314256_282199_0 0.0105952 0.815743 0.529761
Node_314256_254357_0 0.0105952 0.815743 0.529761
Node_314256_385492_0 0.0105952 0.815743 0.529761
Node_314256_2614809_0 0.0105952 0.815743 0.529761
Node_314256_321339_0 0.0105952 0.815743 0.529761
Node_314256_552061_0 0.0105952 0.815743 0.529761
Node_314256_2486419_0 0.0105952 0.815743 0.529761
Node_314256_3111907_0 0.0105952 0.815743 0.529761
Node_314256_398580_0 0.0105952 0.815743 0.529761
Node_314256_1231392_0 0.0105952 0.815743 0.529761
Node_314256_1037889_0 0.0105952 0.815743 0.529761
Node_1200281_1200284_0 0.0105952 0.815743 0.529761
Node_871651_871652_0 0.0105952 0.815743 0.529761
Node_2968472_1402135_0 0.0105952 0.815743 0.529761
Node_391948_1820329_0 0.0105952 0.815743 0.529761
Node_391948_490829_0 0.0105952 0.815743 0.529761
Node_391616_1458307_0 0.0105952 0.815743 0.529761
Node_391616_1655543_0 0.0105952 0.815743 0.529761
Node_391616_391626_0 0.0105952 0.815743 0.529761
Node_2836868_2603819_0 0.0105952 0.815743 0.529761
Node_2836868_2606218_0 0.0105952 0.815743 0.529761
Node_2836868_314271_0 0.0105952 0.815743 0.529761
Node_441119_641238_0 0.0105952 0.815743 0.529761
Node_1031541_441112_0 0.0105952 0.815743 0.529761
Node_1031541_3075590_0 0.0105952 0.815743 0.529761
Node_1396826_405746_0 0.0105952 0.815743 0.529761
Node_1396826_506591_0 0.0105952 0.815743 0.529761
Node_1396826_999552_0 0.0105952 0.815743 0.529761
Node_390807_2829797_0 0.0105952 0.815743 0.529761
Node_390807_475081_0 0.0105952 0.815743 0.529761
Node_390807_935700_0 0.0105952 0.815743 0.529761
Node_390807_313367_0 0.0105952 0.815743 0.529761
Node_390807_282197_0 0.0105952 0.815743 0.529761
Node_390807_3038773_0 0.0105952 0.815743 0.529761
Node_390807_188906_0 0.0105952 0.815743 0.529761
Node_390807_420998_0 0.0105952 0.815743 0.529761
Node_390807_1244108_0 0.0105952 0.815743 0.529761
Node_1501240_568105_0 0.0105952 0.815743 0.529761
Node_1501240_315423_0 0.0105952 0.815743 0.529761
Node_1501240_2547833_0 0.0105952 0.815743 0.529761
Node_1501240_387096_0 0.0105952 0.815743 0.529761
Node_1501240_2489174_0 0.0105952 0.815743 0.529761
Node_481181_1387282_0 0.0105952 0.815743 0.529761
Node_481181_1569283_0 0.0105952 0.815743 0.529761
Node_3058420_441103_0 0.0105952 0.815743 0.529761
Node_2795731_515897_0 0.0105952 0.815743 0.529761
Node_1943633_422297_0 0.0105952 0.815743 0.529761
Node_1779329_311180_0 0.0105952 0.815743 0.529761
Node_996342_1123756_0 0.0105952 0.815743 0.529761
Node_996342_1323742_0 0.0105952 0.815743 0.529761
Node_996342_505252_0 0.0105952 0.815743 0.529761
Node_2029103_1614693_0 0.0105952 0.815743 0.529761
Node_2029103_1524263_0 0.0105952 0.815743 0.529761
Node_2029103_1461693_0 0.0105952 0.815743 0.529761
Node_2029103_1454373_0 0.0105952 0.815743 0.529761
Node_1891787_2859783_0 0.0105952 0.815743 0.529761
Node_1891787_2602289_0 0.0105952 0.815743 0.529761
Node_1891787_2931391_0 0.0105952 0.815743 0.529761
Node_1891787_391595_0 0.0105952 0.815743 0.529761
Node_1123069_2585369_0 0.0105952 0.815743 0.529761
Node_1123069_687525_0 0.0105952 0.815743 0.529761
Node_1123069_490979_0 0.0105952 0.815743 0.529761
Node_1123069_442562_0 0.0105952 0.815743 0.529761
Node_696760_1037362_0 0.0105952 0.815743 0.529761
Node_221822_1580596_0 0.0105952 0.815743 0.529761
Node_221822_1844006_0 0.0105952 0.815743 0.529761
Node_221822_481446_0 0.0105952 0.815743 0.529761
Node_221822_60890_0 0.0105952 0.815743 0.529761
Node_1208324_792649_0 0.0105952 0.815743 0.529761
Node_1208324_1651082_0 0.0105952 0.815743 0.529761
Node_1208324_576117_0 0.0105952 0.815743 0.529761
Node_1208324_1397108_0 0.0105952 0.815743 0.529761
Node_1208324_1758178_0 0.0105952 0.815743 0.529761
Node_1208324_588602_0 0.0105952 0.815743 0.529761
Node_2881335_366533_0 0.0105952 0.815743 0.529761
Node_2881335_245187_0 0.0105952 0.815743 0.529761
Node_2881335_195913_0 0.0105952 0.815743 0.529761
Node_1447782_1123501_0 0.0105952 0.815743 0.529761
Node_92947_759362_0 0.0105952 0.815743 0.529761
Node_1123237_1250539_0 0.0105952 0.815743 0.529761
Node_1123237_1775170_0 0.0105952 0.815743 0.529761
Node_1123237_568098_0 0.0105952 0.815743 0.529761
Node_1123237_2865933_0 0.0105952 0.815743 0.529761
Node_1123237_1229727_0 0.0105952 0.815743 0.529761
Node_1123237_282683_0 0.0105952 0.815743 0.529761
Node_1123237_555512_0 0.0105952 0.815743 0.529761
Node_1123237_314265_0 0.0105952 0.815743 0.529761
Node_299262_2518930_0 0.0105952 0.815743 0.529761
Node_1449350_1379903_0 0.0105952 0.815743 0.529761
Node_1449350_633194_0 0.0105952 0.815743 0.529761
Node_1449350_936889_0 0.0105952 0.815743 0.529761
Node_1449350_1529041_0 0.0105952 0.815743 0.529761
Node_1449350_93684_0 0.0105952 0.815743 0.529761
Node_1449350_1449351_0 0.0105952 0.815743 0.529761
Node_420403_1280847_0 0.0105952 0.815743 0.529761
Node_420403_1715693_0 0.0105952 0.815743 0.529761
Node_420403_1662395_0 0.0105952 0.815743 0.529761
Node_420403_254406_0 0.0105952 0.815743 0.529761
Node_420403_647720_0 0.0105952 0.815743 0.529761
Node_420403_1566352_0 0.0105952 0.815743 0.529761
Node_420403_321267_0 0.0105952 0.815743 0.529761
Node_420403_1470563_0 0.0105952 0.815743 0.529761
Node_1280846_571298_0 0.0105952 0.815743 0.529761
Node_658057_762213_0 0.0105952 0.815743 0.529761
Node_943940_2820268_0 0.0105952 0.815743 0.529761
Node_943940_388399_0 0.0105952 0.815743 0.529761
Node_981384_985054_0 0.0105952 0.815743 0.529761
Node_981384_1446476_0 0.0105952 0.815743 0.529761
Node_981384_1715692_0 0.0105952 0.815743 0.529761
Node_981384_996115_0 0.0105952 0.815743 0.529761
Node_981384_1685378_0 0.0105952 0.815743 0.529761
Node_981384_1685379_0 0.0105952 0.815743 0.529761
Node_981384_81569_0 0.0105952 0.815743 0.529761
Node_981384_639004_0 0.0105952 0.815743 0.529761
Node_981384_2942209_0 0.0105952 0.815743 0.529761
Node_981384_1173585_0 0.0105952 0.815743 0.529761
Node_981384_2747601_0 0.0105952 0.815743 0.529761
Node_981384_2583820_0 0.0105952 0.815743 0.529761
Node_981384_686389_0 0.0105952 0.815743 0.529761
Node_981384_2706882_0 0.0105952 0.815743 0.529761
Node_1300350_394264_0 0.0105952 0.815743 0.529761
Node_1300350_1246864_0 0.0105952 0.815743 0.529761
Node_1300350_1775881_0 0.0105952 0.815743 0.529761
Node_1300350_2562655_0 0.0105952 0.815743 0.529761
Node_1300350_335975_0 0.0105952 0.815743 0.529761
Node_1300350_74348_0 0.0105952 0.815743 0.529761
Node_1300350_2829501_0 0.0105952 0.815743 0.529761
Node_1300350_2698830_0 0.0105952 0.815743 0.529761
Node_1300350_2766981_0 0.0105952 0.815743 0.529761
Node_1300350_1917485_0 0.0105952 0.815743 0.529761
Node_1300350_83219_0 0.0105952 0.815743 0.529761
Node_1300350_218672_0 0.0105952 0.815743 0.529761
Node_1300350_218673_0 0.0105952 0.815743 0.529761
Node_1300350_1563671_0 0.0105952 0.815743 0.529761
Node_1300350_1499314_0 0.0105952 0.815743 0.529761
Node_1300350_60137_0 0.0105952 0.815743 0.529761
Node_1300350_1342299_0 0.0105952 0.815743 0.529761
Node_1300350_1342301_0 0.0105952 0.815743 0.529761
Node_1300350_2161676_0 0.0105952 0.815743 0.529761
Node_1300350_391624_0 0.0105952 0.815743 0.529761
Node_2282382_2851652_0 0.0105952 0.815743 0.529761
Node_2282382_373675_0 0.0105952 0.815743 0.529761
Node_2282382_1210524_0 0.0105952 0.815743 0.529761
Node_53501_2785917_0 0.0105952 0.815743 0.529761
Node_53501_657014_0 0.0105952 0.815743 0.529761
Node_53501_2692236_0 0.0105952 0.815743 0.529761
Node_53501_2072972_0 0.0105952 0.815743 0.529761
Node_53501_340021_0 0.0105952 0.815743 0.529761
Node_53501_1294297_0 0.0105952 0.815743 0.529761
Node_53501_1010611_0 0.0105952 0.815743 0.529761
Node_1288298_3080827_0 0.0105952 0.815743 0.529761
Node_1288298_3080976_0 0.0105952 0.815743 0.529761
Node_1288298_1312363_0 0.0105952 0.815743 0.529761
Node_1288298_1247867_0 0.0105952 0.815743 0.529761
Node_1288298_1641875_0 0.0105952 0.815743 0.529761
Node_1288298_2494550_0 0.0105952 0.815743 0.529761
Node_1288298_74031_0 0.0105952 0.815743 0.529761
Node_1288298_1155722_0 0.0105952 0.815743 0.529761
Node_1288298_1287727_0 0.0105952 0.815743 0.529761
Node_1288298_337701_0 0.0105952 0.815743 0.529761
Node_1288298_1356575_0 0.0105952 0.815743 0.529761
Node_1288298_505353_0 0.0105952 0.815743 0.529761
Node_1288298_573024_0 0.0105952 0.815743 0.529761
Node_1288298_475083_0 0.0105952 0.815743 0.529761
Node_1288298_540747_0 0.0105952 0.815743 0.529761
Node_1288298_2576383_0 0.0105952 0.815743 0.529761
Node_1288298_1005928_0 0.0105952 0.815743 0.529761
Node_1288298_2022336_0 0.0105952 0.815743 0.529761
Node_1288298_2320272_0 0.0105952 0.815743 0.529761
Node_1288298_2980108_0 0.0105952 0.815743 0.529761
Node_1288298_89187_0 0.0105952 0.815743 0.529761
Node_670155_1049199_0 0.0105952 0.815743 0.529761
Node_670155_1510457_0 0.0105952 0.815743 0.529761
Node_670155_1486859_0 0.0105952 0.815743 0.529761
Node_670155_2601869_0 0.0105952 0.815743 0.529761
Node_670155_670154_0 0.0105952 0.815743 0.529761
Node_670155_1123360_0 0.0105952 0.815743 0.529761
Node_2161673_164332_0 0.0105952 0.815743 0.529761
Node_2161673_1193142_0 0.0105952 0.815743 0.529761
Node_2161673_2650661_0 0.0105952 0.815743 0.529761
Node_2161673_1294273_0 0.0105952 0.815743 0.529761
Node_2949426_1526570_0 0.0105952 0.815743 0.529761
Node_2729614_393278_0 0.0105952 0.815743 0.529761
Node_2729614_1652492_0 0.0105952 0.815743 0.529761
Node_2715277_2306993_0 0.0105952 0.815743 0.529761
Node_2715277_2851012_0 0.0105952 0.815743 0.529761
Node_2715277_1641972_0 0.0105952 0.815743 0.529761
Node_2715277_1675527_0 0.0105952 0.815743 0.529761
Node_2715277_371731_0 0.0105952 0.815743 0.529761
Node_2715277_1850250_0 0.0105952 0.815743 0.529761
Node_2715277_446682_0 0.0105952 0.815743 0.529761
Node_2715277_2907145_0 0.0105952 0.815743 0.529761
Node_2715277_453582_0 0.0105952 0.815743 0.529761
Node_2715277_272942_0 0.0105952 0.815743 0.529761
Node_2306993_2294033_0 0.0105952 0.815743 0.529761
Node_2306993_1105367_0 0.0105952 0.815743 0.529761
Node_991905_1666912_0 0.0105952 0.815743 0.529761
Node_991905_1114924_0 0.0105952 0.815743 0.529761
Node_991905_1508389_0 0.0105952 0.815743 0.529761
Node_991905_2589815_0 0.0105952 0.815743 0.529761
Node_991905_318586_0 0.0105952 0.815743 0.529761
Node_991905_1985673_0 0.0105952 0.815743 0.529761
Node_991905_2758038_0 0.0105952 0.815743 0.529761
Node_991905_1173584_0 0.0105952 0.815743 0.529761
Node_991905_3066345_0 0.0105952 0.815743 0.529761
Node_991905_2029104_0 0.0105952 0.815743 0.529761
Node_991905_2483812_0 0.0105952 0.815743 0.529761
Node_991905_3050036_0 0.0105952 0.815743 0.529761
Node_991905_999627_0 0.0105952 0.815743 0.529761
Node_991905_540251_0 0.0105952 0.815743 0.529761
Node_991905_1608407_0 0.0105952 0.815743 0.529761
Node_991905_1715691_0 0.0105952 0.815743 0.529761
Node_991905_2185115_0 0.0105952 0.815743 0.529761
Node_991905_490185_0 0.0105952 0.815743 0.529761
Node_991905_2986804_0 0.0105952 0.815743 0.529761
Node_991905_1775175_0 0.0105952 0.815743 0.529761
Node_991905_2856823_0 0.0105952 0.815743 0.529761
Node_991905_3076557_0 0.0105952 0.815743 0.529761
Node_991905_366618_0 0.0105952 0.815743 0.529761
Node_991905_407234_0 0.0105952 0.815743 0.529761
Node_991905_1940533_0 0.0105952 0.815743 0.529761
Node_991905_3231483_0 0.0105952 0.815743 0.529761
Node_991905_1768241_0 0.0105952 0.815743 0.529761
Node_991905_1343159_0 0.0105952 0.815743 0.529761
Node_991905_390270_0 0.0105952 0.815743 0.529761
Node_991905_2662447_0 0.0105952 0.815743 0.529761
Node_991905_2184063_0 0.0105952 0.815743 0.529761
Node_991905_2500533_0 0.0105952 0.815743 0.529761
Node_991905_439529_0 0.0105952 0.815743 0.529761
Node_991905_2709381_0 0.0105952 0.815743 0.529761
Node_991905_1553448_0 0.0105952 0.815743 0.529761
Node_991905_1651968_0 0.0105952 0.815743 0.529761
Node_991905_2578117_0 0.0105952 0.815743 0.529761
Node_991905_1470561_0 0.0105952 0.815743 0.529761
Node_991905_2705421_0 0.0105952 0.815743 0.529761
Node_991905_1756042_0 0.0105952 0.815743 0.529761
Node_991905_2546227_0 0.0105952 0.815743 0.529761
Node_991905_1465486_0 0.0105952 0.815743 0.529761
Node_991905_2588711_0 0.0105952 0.815743 0.529761
Node_991905_1475483_0 0.0105952 0.815743 0.529761
Node_991905_2753746_0 0.0105952 0.815743 0.529761
Node_991905_591372_0 0.0105952 0.815743 0.529761
Node_991905_1673631_0 0.0105952 0.815743 0.529761
Node_991905_2656921_0 0.0105952 0.815743 0.529761
Node_991905_1411902_0 0.0105952 0.815743 0.529761
Node_991905_1510460_0 0.0105952 0.815743 0.529761
Node_991905_2035344_0 0.0105952 0.815743 0.529761
Node_991905_1445661_0 0.0105952 0.815743 0.529761
Node_991905_2691042_0 0.0105952 0.815743 0.529761
Node_991905_2692330_0 0.0105952 0.815743 0.529761
Node_991905_2200892_0 0.0105952 0.815743 0.529761
Node_991905_1217970_0 0.0105952 0.815743 0.529761
Node_991905_2692916_0 0.0105952 0.815743 0.529761
Node_991905_1317121_0 0.0105952 0.815743 0.529761
Node_991905_1382802_0 0.0105952 0.815743 0.529761
Node_991905_564137_0 0.0105952 0.815743 0.529761
Node_991905_990712_0 0.0105952 0.815743 0.529761
Node_991905_2170575_0 0.0105952 0.815743 0.529761
Node_991905_2170577_0 0.0105952 0.815743 0.529761
Node_991905_1679460_0 0.0105952 0.815743 0.529761
Node_991905_696762_0 0.0105952 0.815743 0.529761
Node_991905_2171755_0 0.0105952 0.815743 0.529761
Node_991905_2499833_0 0.0105952 0.815743 0.529761
Node_991905_1189325_0 0.0105952 0.815743 0.529761
Node_991905_1549854_0 0.0105952 0.815743 0.529761
Node_991905_2599296_0 0.0105952 0.815743 0.529761
Node_991905_1387281_0 0.0105952 0.815743 0.529761
Node_991905_1519096_0 0.0105952 0.815743 0.529761
Node_991905_765699_0 0.0105952 0.815743 0.529761
Node_991905_2699202_0 0.0105952 0.815743 0.529761
Node_991905_1323750_0 0.0105952 0.815743 0.529761
Node_991905_1227549_0 0.0105952 0.815743 0.529761
Node_991905_1391910_0 0.0105952 0.815743 0.529761
Node_991905_1852029_0 0.0105952 0.815743 0.529761
Node_991905_2605946_0 0.0105952 0.815743 0.529761
Node_991905_1819565_0 0.0105952 0.815743 0.529761
Node_991905_2771008_0 0.0105952 0.815743 0.529761
Node_991905_1591409_0 0.0105952 0.815743 0.529761
Node_991905_2803939_0 0.0105952 0.815743 0.529761
Node_991905_2804194_0 0.0105952 0.815743 0.529761
Node_991905_3036245_0 0.0105952 0.815743 0.529761
Node_991905_2807096_0 0.0105952 0.815743 0.529761
Node_991905_1267768_0 0.0105952 0.815743 0.529761
Node_991905_1267769_0 0.0105952 0.815743 0.529761
Node_991905_2480588_0 0.0105952 0.815743 0.529761
Node_991905_2841044_0 0.0105952 0.815743 0.529761
Node_991905_875041_0 0.0105952 0.815743 0.529761
Node_991905_2743469_0 0.0105952 0.815743 0.529761
Node_991905_89524_0 0.0105952 0.815743 0.529761
Node_991905_2579971_0 0.0105952 0.815743 0.529761
Node_991905_1826607_0 0.0105952 0.815743 0.529761
Node_991905_1695997_0 0.0105952 0.815743 0.529761
Node_991905_1795305_0 0.0105952 0.815743 0.529761
Node_991905_1795308_0 0.0105952 0.815743 0.529761
Node_991905_3073604_0 0.0105952 0.815743 0.529761
Node_991905_1173614_0 0.0105952 0.815743 0.529761
Node_991905_2583821_0 0.0105952 0.815743 0.529761
Node_991905_1699413_0 0.0105952 0.815743 0.529761
Node_991905_2748098_0 0.0105952 0.815743 0.529761
Node_991905_2683284_0 0.0105952 0.815743 0.529761
Node_991905_2028108_0 0.0105952 0.815743 0.529761
Node_991905_488547_0 0.0105952 0.815743 0.529761
Node_991905_2030798_0 0.0105952 0.815743 0.529761
Node_991905_666509_0 0.0105952 0.815743 0.529761
Node_1699413_1930667_0 0.0105952 0.815743 0.529761
Node_1465486_1335048_0 0.0105952 0.815743 0.529761
Node_2546227_2547397_0 0.0105952 0.815743 0.529761
Node_1756042_1756043_0 0.0105952 0.815743 0.529761
Node_2705421_1795041_0 0.0105952 0.815743 0.529761
Node_1470561_2604844_0 0.0105952 0.815743 0.529761
Node_2578117_2997337_0 0.0105952 0.815743 0.529761
Node_2578117_2483033_0 0.0105952 0.815743 0.529761
Node_1651968_1889778_0 0.0105952 0.815743 0.529761
Node_1553448_2488730_0 0.0105952 0.815743 0.529761
Node_2709381_2305252_0 0.0105952 0.815743 0.529761
Node_2709381_2486418_0 0.0105952 0.815743 0.529761
Node_439529_43057_0 0.0105952 0.815743 0.529761
Node_439529_445629_0 0.0105952 0.815743 0.529761
Node_2500533_1077947_0 0.0105952 0.815743 0.529761
Node_2184063_2172121_0 0.0105952 0.815743 0.529761
Node_2184063_404875_0 0.0105952 0.815743 0.529761
Node_2184063_2479545_0 0.0105952 0.815743 0.529761
Node_2662447_1505036_0 0.0105952 0.815743 0.529761
Node_390270_1286148_0 0.0105952 0.815743 0.529761
Node_390270_1123755_0 0.0105952 0.815743 0.529761
Node_390270_1524255_0 0.0105952 0.815743 0.529761
Node_390270_3137369_0 0.0105952 0.815743 0.529761
Node_390270_3137370_0 0.0105952 0.815743 0.529761
Node_390270_287098_0 0.0105952 0.815743 0.529761
Node_390270_1435347_0 0.0105952 0.815743 0.529761
Node_390270_420999_0 0.0105952 0.815743 0.529761
Node_390270_314232_0 0.0105952 0.815743 0.529761
Node_1343159_521013_0 0.0105952 0.815743 0.529761
Node_1343159_1122180_0 0.0105952 0.815743 0.529761
Node_1768241_2662264_0 0.0105952 0.815743 0.529761
Node_1768241_2663379_0 0.0105952 0.815743 0.529761
Node_1768241_928856_0 0.0105952 0.815743 0.529761
Node_1768241_483013_0 0.0105952 0.815743 0.529761
Node_1768241_1265309_0 0.0105952 0.815743 0.529761
Node_3231483_2072018_0 0.0105952 0.815743 0.529761
Node_3231483_2552766_0 0.0105952 0.815743 0.529761
Node_1940533_2259333_0 0.0105952 0.815743 0.529761
Node_407234_1185920_0 0.0105952 0.815743 0.529761
Node_366618_195105_0 0.0105952 0.815743 0.529761
Node_3076557_1185766_0 0.0105952 0.815743 0.529761
Node_3076557_1317124_0 0.0105952 0.815743 0.529761
Node_3076557_1353528_0 0.0105952 0.815743 0.529761
Node_3076557_1915077_0 0.0105952 0.815743 0.529761
Node_3076557_3070818_0 0.0105952 0.815743 0.529761
Node_3076557_3238301_0 0.0105952 0.815743 0.529761
Node_3076557_1353537_0 0.0105952 0.815743 0.529761
Node_2856823_2841589_0 0.0105952 0.815743 0.529761
Node_1775175_3033385_0 0.0105952 0.815743 0.529761
Node_2986804_2761955_0 0.0105952 0.815743 0.529761
Node_490185_1086013_0 0.0105952 0.815743 0.529761
Node_490185_1054497_0 0.0105952 0.815743 0.529761
Node_490185_3123040_0 0.0105952 0.815743 0.529761
Node_490185_2306023_0 0.0105952 0.815743 0.529761
Node_490185_933059_0 0.0105952 0.815743 0.529761
Node_490185_2840474_0 0.0105952 0.815743 0.529761
Node_490185_589035_0 0.0105952 0.815743 0.529761
Node_2185115_2494374_0 0.0105952 0.815743 0.529761
Node_2185115_2710650_0 0.0105952 0.815743 0.529761
Node_1715691_3083254_0 0.0105952 0.815743 0.529761
Node_1715691_870908_0 0.0105952 0.815743 0.529761
Node_1608407_1206336_0 0.0105952 0.815743 0.529761
Node_540251_68291_0 0.0105952 0.815743 0.529761
Node_540251_35804_0 0.0105952 0.815743 0.529761
Node_540251_35805_0 0.0105952 0.815743 0.529761
Node_540251_35806_0 0.0105952 0.815743 0.529761
Node_540251_364297_0 0.0105952 0.815743 0.529761
Node_540251_365340_0 0.0105952 0.815743 0.529761
Node_540251_58314_0 0.0105952 0.815743 0.529761
Node_999627_3050037_0 0.0105952 0.815743 0.529761
Node_999627_2798803_0 0.0105952 0.815743 0.529761
Node_999627_1631240_0 0.0105952 0.815743 0.529761
Node_3050036_337702_0 0.0105952 0.815743 0.529761
Node_2483812_2755041_0 0.0105952 0.815743 0.529761
Node_2483812_3069608_0 0.0105952 0.815743 0.529761
Node_2483812_1188250_0 0.0105952 0.815743 0.529761
Node_2029104_1247613_0 0.0105952 0.815743 0.529761
Node_2029104_396013_0 0.0105952 0.815743 0.529761
Node_2029104_2692189_0 0.0105952 0.815743 0.529761
Node_2029104_375761_0 0.0105952 0.815743 0.529761
Node_2029104_2211117_0 0.0105952 0.815743 0.529761
Node_2029104_1461694_0 0.0105952 0.815743 0.529761
Node_2029104_2676438_0 0.0105952 0.815743 0.529761
Node_2029104_517719_0 0.0105952 0.815743 0.529761
Node_2029104_1537215_0 0.0105952 0.815743 0.529761
Node_2029104_252305_0 0.0105952 0.815743 0.529761
Node_3066345_2984134_0 0.0105952 0.815743 0.529761
Node_3066345_2984153_0 0.0105952 0.815743 0.529761
Node_3066345_2984159_0 0.0105952 0.815743 0.529761
Node_3066345_1542388_0 0.0105952 0.815743 0.529761
Node_3066345_2984331_0 0.0105952 0.815743 0.529761
Node_3066345_2992147_0 0.0105952 0.815743 0.529761
Node_3066345_404881_0 0.0105952 0.815743 0.529761
Node_3066345_196587_0 0.0105952 0.815743 0.529761
Node_1173584_1639690_0 0.0105952 0.815743 0.529761
Node_1173584_154981_0 0.0105952 0.815743 0.529761
Node_1173584_1632025_0 0.0105952 0.815743 0.529761
Node_1173584_3009082_0 0.0105952 0.815743 0.529761
Node_2758038_1639689_0 0.0105952 0.815743 0.529761
Node_2758038_2789856_0 0.0105952 0.815743 0.529761
Node_2758038_1690039_0 0.0105952 0.815743 0.529761
Node_1985673_2852097_0 0.0105952 0.815743 0.529761
Node_1985673_2169400_0 0.0105952 0.815743 0.529761
Node_1985673_2045119_0 0.0105952 0.815743 0.529761
Node_1985673_2583234_0 0.0105952 0.815743 0.529761
Node_318586_34002_0 0.0105952 0.815743 0.529761
Node_318586_34004_0 0.0105952 0.815743 0.529761
Node_318586_34006_0 0.0105952 0.815743 0.529761
Node_318586_525640_0 0.0105952 0.815743 0.529761
Node_318586_591205_0 0.0105952 0.815743 0.529761
Node_318586_2491866_0 0.0105952 0.815743 0.529761
Node_318586_690417_0 0.0105952 0.815743 0.529761
Node_318586_657651_0 0.0105952 0.815743 0.529761
Node_318586_1214787_0 0.0105952 0.815743 0.529761
Node_318586_1510163_0 0.0105952 0.815743 0.529761
Node_318586_1706839_0 0.0105952 0.815743 0.529761
Node_318586_3017813_0 0.0105952 0.815743 0.529761
Node_318586_364199_0 0.0105952 0.815743 0.529761
Node_318586_2560053_0 0.0105952 0.815743 0.529761
Node_318586_1675788_0 0.0105952 0.815743 0.529761
Node_318586_135740_0 0.0105952 0.815743 0.529761
Node_318586_1545044_0 0.0105952 0.815743 0.529761
Node_318586_2528244_0 0.0105952 0.815743 0.529761
Node_318586_2922394_0 0.0105952 0.815743 0.529761
Node_318586_2006130_0 0.0105952 0.815743 0.529761
Node_318586_2760093_0 0.0105952 0.815743 0.529761
Node_318586_336292_0 0.0105952 0.815743 0.529761
Node_318586_632935_0 0.0105952 0.815743 0.529761
Node_318586_2599412_0 0.0105952 0.815743 0.529761
Node_318586_405559_0 0.0105952 0.815743 0.529761
Node_318586_1945662_0 0.0105952 0.815743 0.529761
Node_318586_1815556_0 0.0105952 0.815743 0.529761
Node_318586_1915382_0 0.0105952 0.815743 0.529761
Node_318586_2997341_0 0.0105952 0.815743 0.529761
Node_318586_1490030_0 0.0105952 0.815743 0.529761
Node_318586_376733_0 0.0105952 0.815743 0.529761
Node_318586_147645_0 0.0105952 0.815743 0.529761
Node_318586_82367_0 0.0105952 0.815743 0.529761
Node_318586_2933292_0 0.0105952 0.815743 0.529761
Node_318586_1820333_0 0.0105952 0.815743 0.529761
Node_318586_1197861_0 0.0105952 0.815743 0.529761
Node_318586_2116655_0 0.0105952 0.815743 0.529761
Node_318586_53463_0 0.0105952 0.815743 0.529761
Node_318586_184748_0 0.0105952 0.815743 0.529761
Node_318586_1529068_0 0.0105952 0.815743 0.529761
Node_318586_1463598_0 0.0105952 0.815743 0.529761
Node_318586_2086346_0 0.0105952 0.815743 0.529761
Node_318586_2841926_0 0.0105952 0.815743 0.529761
Node_318586_384678_0 0.0105952 0.815743 0.529761
Node_318586_2023261_0 0.0105952 0.815743 0.529761
Node_318586_1795310_0 0.0105952 0.815743 0.529761
Node_318586_3073814_0 0.0105952 0.815743 0.529761
Node_318586_2812658_0 0.0105952 0.815743 0.529761
Node_318586_453842_0 0.0105952 0.815743 0.529761
Node_318586_913252_0 0.0105952 0.815743 0.529761
Node_318586_225362_0 0.0105952 0.815743 0.529761
Node_318586_1077935_0 0.0105952 0.815743 0.529761
Node_318586_1571207_0 0.0105952 0.815743 0.529761
Node_318586_2259340_0 0.0105952 0.815743 0.529761
Node_318586_2489002_0 0.0105952 0.815743 0.529761
Node_318586_1276757_0 0.0105952 0.815743 0.529761
Node_318586_1367847_0 0.0105952 0.815743 0.529761
Node_2589815_57001_0 0.0105952 0.815743 0.529761
Node_1508389_364200_0 0.0105952 0.815743 0.529761
Node_1114924_356660_0 0.0105952 0.815743 0.529761
Node_1666912_393481_0 0.0105952 0.815743 0.529761
Node_1666912_3028235_0 0.0105952 0.815743 0.529761
Node_1666912_254356_0 0.0105952 0.815743 0.529761
Node_1666912_441209_0 0.0105952 0.815743 0.529761
Node_1473586_1572859_0 0.0105952 0.815743 0.529761
Node_1473586_659006_0 0.0105952 0.815743 0.529761
Node_1473586_47958_0 0.0105952 0.815743 0.529761
Node_1473586_1365950_0 0.0105952 0.815743 0.529761
Node_1473586_29468_0 0.0105952 0.815743 0.529761
Node_1473586_331696_0 0.0105952 0.815743 0.529761
Node_1473586_2912854_0 0.0105952 0.815743 0.529761
Node_1473586_454601_0 0.0105952 0.815743 0.529761
Node_1473586_2316527_0 0.0105952 0.815743 0.529761
Node_1473586_569860_0 0.0105952 0.815743 0.529761
Node_1473586_1122261_0 0.0105952 0.815743 0.529761
Node_1473586_121719_0 0.0105952 0.815743 0.529761
Node_1473586_1333996_0 0.0105952 0.815743 0.529761
Node_1473586_225324_0 0.0105952 0.815743 0.529761
Node_1473586_690164_0 0.0105952 0.815743 0.529761
Node_1473586_2608632_0 0.0105952 0.815743 0.529761
Node_1473586_1177755_0 0.0105952 0.815743 0.529761
Node_1473586_439612_0 0.0105952 0.815743 0.529761
Node_1473586_1855383_0 0.0105952 0.815743 0.529761
Node_1473586_1482074_0 0.0105952 0.815743 0.529761
Node_1473586_2184161_0 0.0105952 0.815743 0.529761
Node_1473586_665467_0 0.0105952 0.815743 0.529761
Node_1473586_1876515_0 0.0105952 0.815743 0.529761
Node_1473586_747076_0 0.0105952 0.815743 0.529761
Node_1473586_2608987_0 0.0105952 0.815743 0.529761
Node_1473586_1549641_0 0.0105952 0.815743 0.529761
Node_1473586_2796142_0 0.0105952 0.815743 0.529761
Node_1473586_1565040_0 0.0105952 0.815743 0.529761
Node_1473586_873516_0 0.0105952 0.815743 0.529761
Node_1473586_2954117_0 0.0105952 0.815743 0.529761
Node_1473586_1079_0 0.0105952 0.815743 0.529761
Node_1473586_34017_0 0.0105952 0.815743 0.529761
Node_1473586_372072_0 0.0105952 0.815743 0.529761
Node_1473586_2962936_0 0.0105952 0.815743 0.529761
Node_1473586_1230389_0 0.0105952 0.815743 0.529761
Node_1473586_128782_0 0.0105952 0.815743 0.529761
Node_1473586_2650924_0 0.0105952 0.815743 0.529761
Node_1473586_2555902_0 0.0105952 0.815743 0.529761
Node_128782_1871628_0 0.0105952 0.815743 0.529761
Node_128782_2763117_0 0.0105952 0.815743 0.529761
Node_128782_1526658_0 0.0105952 0.815743 0.529761
Node_128782_151419_0 0.0105952 0.815743 0.529761
Node_128782_151454_0 0.0105952 0.815743 0.529761
Node_128782_53254_0 0.0105952 0.815743 0.529761
Node_128782_2773451_0 0.0105952 0.815743 0.529761
Node_128782_1036778_0 0.0105952 0.815743 0.529761
Node_128782_1036779_0 0.0105952 0.815743 0.529761
Node_128782_1036780_0 0.0105952 0.815743 0.529761
Node_128782_3075434_0 0.0105952 0.815743 0.529761
Node_128782_2969620_0 0.0105952 0.815743 0.529761
Node_1230389_2035356_0 0.0105952 0.815743 0.529761
Node_1230389_2849149_0 0.0105952 0.815743 0.529761
Node_2962936_2109933_0 0.0105952 0.815743 0.529761
Node_2962936_3149229_0 0.0105952 0.815743 0.529761
Node_372072_2067669_0 0.0105952 0.815743 0.529761
Node_372072_655353_0 0.0105952 0.815743 0.529761
Node_34017_364296_0 0.0105952 0.815743 0.529761
Node_1079_2233851_0 0.0105952 0.815743 0.529761
Node_2954117_1074_0 0.0105952 0.815743 0.529761
Node_2954117_333368_0 0.0105952 0.815743 0.529761
Node_873516_1437009_0 0.0105952 0.815743 0.529761
Node_873516_586230_0 0.0105952 0.815743 0.529761
Node_1565040_283165_0 0.0105952 0.815743 0.529761
Node_1565040_1686310_0 0.0105952 0.815743 0.529761
Node_1565040_1094558_0 0.0105952 0.815743 0.529761
Node_283165_1134510_0 0.0105952 0.815743 0.529761
Node_2796142_649198_0 0.0105952 0.815743 0.529761
Node_2796142_2184697_0 0.0105952 0.815743 0.529761
Node_1549641_665126_0 0.0105952 0.815743 0.529761
Node_1549641_3162530_0 0.0105952 0.815743 0.529761
Node_665126_2840188_0 0.0105952 0.815743 0.529761
Node_2608987_1123029_0 0.0105952 0.815743 0.529761
Node_747076_2931392_0 0.0105952 0.815743 0.529761
Node_747076_631454_0 0.0105952 0.815743 0.529761
Node_2931392_1764581_0 0.0105952 0.815743 0.529761
Node_1876515_1982044_0 0.0105952 0.815743 0.529761
Node_1876515_2670375_0 0.0105952 0.815743 0.529761
Node_665467_410841_0 0.0105952 0.815743 0.529761
Node_665467_81895_0 0.0105952 0.815743 0.529761
Node_410841_537017_0 0.0105952 0.815743 0.529761
Node_410841_2994654_0 0.0105952 0.815743 0.529761
Node_410841_1293440_0 0.0105952 0.815743 0.529761
Node_410841_410840_0 0.0105952 0.815743 0.529761
Node_410841_1122133_0 0.0105952 0.815743 0.529761
Node_2184161_1514904_0 0.0105952 0.815743 0.529761
Node_2184161_1429082_0 0.0105952 0.815743 0.529761
Node_2184161_1852022_0 0.0105952 0.815743 0.529761
Node_2184161_744461_0 0.0105952 0.815743 0.529761
Node_1429082_2742145_0 0.0105952 0.815743 0.529761
Node_1514904_76980_0 0.0105952 0.815743 0.529761
Node_1482074_2793297_0 0.0105952 0.815743 0.529761
Node_1482074_1166257_0 0.0105952 0.815743 0.529761
Node_1482074_1920512_0 0.0105952 0.815743 0.529761
Node_1166257_2023338_0 0.0105952 0.815743 0.529761
Node_2793297_1439726_0 0.0105952 0.815743 0.529761
Node_1855383_1120955_0 0.0105952 0.815743 0.529761
Node_439612_419475_0 0.0105952 0.815743 0.529761
Node_439612_1293442_0 0.0105952 0.815743 0.529761
Node_439612_354351_0 0.0105952 0.815743 0.529761
Node_439612_643673_0 0.0105952 0.815743 0.529761
Node_354351_386305_0 0.0105952 0.815743 0.529761
Node_354351_354352_0 0.0105952 0.815743 0.529761
Node_1293442_2706015_0 0.0105952 0.815743 0.529761
Node_419475_271865_0 0.0105952 0.815743 0.529761
Node_419475_444178_0 0.0105952 0.815743 0.529761
Node_419475_407152_0 0.0105952 0.815743 0.529761
Node_419475_641118_0 0.0105952 0.815743 0.529761
Node_419475_520462_0 0.0105952 0.815743 0.529761
Node_641118_1337887_0 0.0105952 0.815743 0.529761
Node_444178_595497_0 0.0105952 0.815743 0.529761
Node_444178_470137_0 0.0105952 0.815743 0.529761
Node_271865_2448455_0 0.0105952 0.815743 0.529761
Node_1177755_1774971_0 0.0105952 0.815743 0.529761
Node_1177755_1029756_0 0.0105952 0.815743 0.529761
Node_1177755_1202716_0 0.0105952 0.815743 0.529761
Node_1177755_418854_0 0.0105952 0.815743 0.529761
Node_1177755_933063_0 0.0105952 0.815743 0.529761
Node_1177755_1177756_0 0.0105952 0.815743 0.529761
Node_418854_1608628_0 0.0105952 0.815743 0.529761
Node_1202716_648757_0 0.0105952 0.815743 0.529761
Node_1029756_51670_0 0.0105952 0.815743 0.529761
Node_1029756_121290_0 0.0105952 0.815743 0.529761
Node_1029756_582899_0 0.0105952 0.815743 0.529761
Node_1774971_1774968_0 0.0105952 0.815743 0.529761
Node_1774971_1774969_0 0.0105952 0.815743 0.529761
Node_1774971_1384459_0 0.0105952 0.815743 0.529761
Node_2608632_2593653_0 0.0105952 0.815743 0.529761
Node_2608632_1712261_0 0.0105952 0.815743 0.529761
Node_2608632_1333998_0 0.0105952 0.815743 0.529761
Node_690164_1653334_0 0.0105952 0.815743 0.529761
Node_690164_1638099_0 0.0105952 0.815743 0.529761
Node_225324_1902579_0 0.0105952 0.815743 0.529761
Node_225324_2267266_0 0.0105952 0.815743 0.529761
Node_225324_3092662_0 0.0105952 0.815743 0.529761
Node_225324_1235591_0 0.0105952 0.815743 0.529761
Node_225324_2586908_0 0.0105952 0.815743 0.529761
Node_1333996_29448_0 0.0105952 0.815743 0.529761
Node_1333996_29408_0 0.0105952 0.815743 0.529761
Node_1333996_644215_0 0.0105952 0.815743 0.529761
Node_1333996_340268_0 0.0105952 0.815743 0.529761
Node_1333996_211460_0 0.0105952 0.815743 0.529761
Node_1333996_2292256_0 0.0105952 0.815743 0.529761
Node_340268_943830_0 0.0105952 0.815743 0.529761
Node_644215_200617_0 0.0105952 0.815743 0.529761
Node_644215_1513892_0 0.0105952 0.815743 0.529761
Node_644215_316056_0 0.0105952 0.815743 0.529761
Node_644215_87461_0 0.0105952 0.815743 0.529761
Node_316056_316058_0 0.0105952 0.815743 0.529761
Node_29408_200615_0 0.0105952 0.815743 0.529761
Node_29408_200616_0 0.0105952 0.815743 0.529761
Node_29408_29409_0 0.0105952 0.815743 0.529761
Node_29448_2721161_0 0.0105952 0.815743 0.529761
Node_29448_1803665_0 0.0105952 0.815743 0.529761
Node_29448_722472_0 0.0105952 0.815743 0.529761
Node_29448_2755406_0 0.0105952 0.815743 0.529761
Node_29448_2560054_0 0.0105952 0.815743 0.529761
Node_29448_2560055_0 0.0105952 0.815743 0.529761
Node_29448_2594946_0 0.0105952 0.815743 0.529761
Node_29448_989370_0 0.0105952 0.815743 0.529761
Node_29448_108015_0 0.0105952 0.815743 0.529761
Node_29448_1549949_0 0.0105952 0.815743 0.529761
Node_29448_1419277_0 0.0105952 0.815743 0.529761
Node_29448_1518501_0 0.0105952 0.815743 0.529761
Node_29448_634784_0 0.0105952 0.815743 0.529761
Node_29448_931866_0 0.0105952 0.815743 0.529761
Node_29448_1325107_0 0.0105952 0.815743 0.529761
Node_29448_1325118_0 0.0105952 0.815743 0.529761
Node_29448_2898149_0 0.0105952 0.815743 0.529761
Node_29448_2734909_0 0.0105952 0.815743 0.529761
Node_29448_2734912_0 0.0105952 0.815743 0.529761
Node_29448_244734_0 0.0105952 0.815743 0.529761
Node_29448_2605638_0 0.0105952 0.815743 0.529761
Node_29448_83627_0 0.0105952 0.815743 0.529761
Node_29448_280332_0 0.0105952 0.815743 0.529761
Node_29448_280333_0 0.0105952 0.815743 0.529761
Node_29448_1755647_0 0.0105952 0.815743 0.529761
Node_29448_1300035_0 0.0105952 0.815743 0.529761
Node_29448_2840469_0 0.0105952 0.815743 0.529761
Node_29448_1497615_0 0.0105952 0.815743 0.529761
Node_29448_1399419_0 0.0105952 0.815743 0.529761
Node_29448_515489_0 0.0105952 0.815743 0.529761
Node_29448_515499_0 0.0105952 0.815743 0.529761
Node_29448_1761772_0 0.0105952 0.815743 0.529761
Node_29448_255045_0 0.0105952 0.815743 0.529761
Node_29448_2911009_0 0.0105952 0.815743 0.529761
Node_29448_1404411_0 0.0105952 0.815743 0.529761
Node_29448_1437360_0 0.0105952 0.815743 0.529761
Node_29448_1274631_0 0.0105952 0.815743 0.529761
Node_29448_224911_0 0.0105952 0.815743 0.529761
Node_121719_285279_0 0.0105952 0.815743 0.529761
Node_121719_992267_0 0.0105952 0.815743 0.529761
Node_121719_1604349_0 0.0105952 0.815743 0.529761
Node_121719_665038_0 0.0105952 0.815743 0.529761
Node_121719_466044_0 0.0105952 0.815743 0.529761
Node_121719_3121537_0 0.0105952 0.815743 0.529761
Node_121719_2750084_0 0.0105952 0.815743 0.529761
Node_1604349_2857014_0 0.0105952 0.815743 0.529761
Node_1604349_3123038_0 0.0105952 0.815743 0.529761
Node_1604349_76305_0 0.0105952 0.815743 0.529761
Node_1604349_2600299_0 0.0105952 0.815743 0.529761
Node_1604349_1323746_0 0.0105952 0.815743 0.529761
Node_1604349_735517_0 0.0105952 0.815743 0.529761
Node_1604349_2571221_0 0.0105952 0.815743 0.529761
Node_1604349_2866279_0 0.0105952 0.815743 0.529761
Node_1604349_311410_0 0.0105952 0.815743 0.529761
Node_1604349_2933272_0 0.0105952 0.815743 0.529761
Node_1604349_2803841_0 0.0105952 0.815743 0.529761
Node_1604349_281252_0 0.0105952 0.815743 0.529761
Node_1604349_150831_0 0.0105952 0.815743 0.529761
Node_1604349_2816037_0 0.0105952 0.815743 0.529761
Node_1604349_384765_0 0.0105952 0.815743 0.529761
Node_992267_2692190_0 0.0105952 0.815743 0.529761
Node_992267_2758565_0 0.0105952 0.815743 0.529761
Node_992267_538381_0 0.0105952 0.815743 0.529761
Node_285279_197461_0 0.0105952 0.815743 0.529761
Node_285279_366534_0 0.0105952 0.815743 0.529761
Node_285279_989403_0 0.0105952 0.815743 0.529761
Node_285279_258256_0 0.0105952 0.815743 0.529761
Node_1122261_1951219_0 0.0105952 0.815743 0.529761
Node_1122261_1868589_0 0.0105952 0.815743 0.529761
Node_1122261_1940610_0 0.0105952 0.815743 0.529761
Node_1122261_2570229_0 0.0105952 0.815743 0.529761
Node_569860_3080828_0 0.0105952 0.815743 0.529761
Node_569860_395963_0 0.0105952 0.815743 0.529761
Node_3080828_1612308_0 0.0105952 0.815743 0.529761
Node_2316527_2949735_0 0.0105952 0.815743 0.529761
Node_2316527_2316528_0 0.0105952 0.815743 0.529761
Node_454601_1116389_0 0.0105952 0.815743 0.529761
Node_454601_2282655_0 0.0105952 0.815743 0.529761
Node_454601_1447062_0 0.0105952 0.815743 0.529761
Node_454601_483324_0 0.0105952 0.815743 0.529761
Node_454601_880732_0 0.0105952 0.815743 0.529761
Node_2282655_2984530_0 0.0105952 0.815743 0.529761
Node_2282655_440168_0 0.0105952 0.815743 0.529761
Node_2282655_2029865_0 0.0105952 0.815743 0.529761
Node_1116389_2490941_0 0.0105952 0.815743 0.529761
Node_1116389_429727_0 0.0105952 0.815743 0.529761
Node_1116389_728005_0 0.0105952 0.815743 0.529761
Node_1116389_2071872_0 0.0105952 0.815743 0.529761
Node_1116389_400770_0 0.0105952 0.815743 0.529761
Node_1116389_2860336_0 0.0105952 0.815743 0.529761
Node_1116389_665118_0 0.0105952 0.815743 0.529761
Node_1116389_470028_0 0.0105952 0.815743 0.529761
Node_1116389_3026418_0 0.0105952 0.815743 0.529761
Node_1116389_3026423_0 0.0105952 0.815743 0.529761
Node_1116389_2829817_0 0.0105952 0.815743 0.529761
Node_1116389_2798801_0 0.0105952 0.815743 0.529761
Node_1116389_1293439_0 0.0105952 0.815743 0.529761
Node_1116389_1096929_0 0.0105952 0.815743 0.529761
Node_1116389_1228055_0 0.0105952 0.815743 0.529761
Node_1116389_443610_0 0.0105952 0.815743 0.529761
Node_1116389_2774138_0 0.0105952 0.815743 0.529761
Node_1116389_1335967_0 0.0105952 0.815743 0.529761
Node_1116389_191302_0 0.0105952 0.815743 0.529761
Node_1116389_2714858_0 0.0105952 0.815743 0.529761
Node_1116389_2683198_0 0.0105952 0.815743 0.529761
Node_1116389_1121477_0 0.0105952 0.815743 0.529761
Node_2912854_3228851_0 0.0105952 0.815743 0.529761
Node_2912854_1502156_0 0.0105952 0.815743 0.529761
Node_2912854_28101_0 0.0105952 0.815743 0.529761
Node_2912854_1231190_0 0.0105952 0.815743 0.529761
Node_2912854_1324945_0 0.0105952 0.815743 0.529761
Node_2912854_2978478_0 0.0105952 0.815743 0.529761
Node_2912854_3153579_0 0.0105952 0.815743 0.529761
Node_2912854_1295366_0 0.0105952 0.815743 0.529761
Node_2912854_1849104_0 0.0105952 0.815743 0.529761
Node_2912854_1035067_0 0.0105952 0.815743 0.529761
Node_2912854_475069_0 0.0105952 0.815743 0.529761
Node_2912854_314237_0 0.0105952 0.815743 0.529761
Node_2912854_1873176_0 0.0105952 0.815743 0.529761
Node_2912854_335020_0 0.0105952 0.815743 0.529761
Node_2912854_2767425_0 0.0105952 0.815743 0.529761
Node_2912854_1851146_0 0.0105952 0.815743 0.529761
Node_2912854_2116701_0 0.0105952 0.815743 0.529761
Node_2912854_2675109_0 0.0105952 0.815743 0.529761
Node_2912854_1121003_0 0.0105952 0.815743 0.529761
Node_314237_1494590_0 0.0105952 0.815743 0.529761
Node_475069_1107882_0 0.0105952 0.815743 0.529761
Node_1035067_376165_0 0.0105952 0.815743 0.529761
Node_1035067_83263_0 0.0105952 0.815743 0.529761
Node_1035067_150723_0 0.0105952 0.815743 0.529761
Node_1849104_2682781_0 0.0105952 0.815743 0.529761
Node_1295366_2831468_0 0.0105952 0.815743 0.529761
Node_1295366_93369_0 0.0105952 0.815743 0.529761
Node_3153579_2495581_0 0.0105952 0.815743 0.529761
Node_3153579_1670800_0 0.0105952 0.815743 0.529761
Node_2978478_768533_0 0.0105952 0.815743 0.529761
Node_2978478_2975484_0 0.0105952 0.815743 0.529761
Node_2978478_266779_0 0.0105952 0.815743 0.529761
Node_1324945_69279_0 0.0105952 0.815743 0.529761
Node_1324945_469547_0 0.0105952 0.815743 0.529761
Node_1324945_469551_0 0.0105952 0.815743 0.529761
Node_1324945_89772_0 0.0105952 0.815743 0.529761
Node_1231190_2854036_0 0.0105952 0.815743 0.529761
Node_1231190_2267699_0 0.0105952 0.815743 0.529761
Node_1231190_2599600_0 0.0105952 0.815743 0.529761
Node_1231190_472175_0 0.0105952 0.815743 0.529761
Node_1231190_2682096_0 0.0105952 0.815743 0.529761
Node_1231190_1735103_0 0.0105952 0.815743 0.529761
Node_1231190_1189611_0 0.0105952 0.815743 0.529761
Node_1231190_391937_0 0.0105952 0.815743 0.529761
Node_28101_1149773_0 0.0105952 0.815743 0.529761
Node_28101_300193_0 0.0105952 0.815743 0.529761
Node_28101_1520277_0 0.0105952 0.815743 0.529761
Node_28101_2670329_0 0.0105952 0.815743 0.529761
Node_28101_314238_0 0.0105952 0.815743 0.529761
Node_28101_1867719_0 0.0105952 0.815743 0.529761
Node_1502156_1607949_0 0.0105952 0.815743 0.529761
Node_1502156_2814886_0 0.0105952 0.815743 0.529761
Node_3228851_2294114_0 0.0105952 0.815743 0.529761
Node_3228851_3015171_0 0.0105952 0.815743 0.529761
Node_3228851_460060_0 0.0105952 0.815743 0.529761
Node_3228851_69974_0 0.0105952 0.815743 0.529761
Node_3228851_2953882_0 0.0105952 0.815743 0.529761
Node_3228851_2233532_0 0.0105952 0.815743 0.529761
Node_3228851_39844_0 0.0105952 0.815743 0.529761
Node_3228851_1776730_0 0.0105952 0.815743 0.529761
Node_3228851_1777867_0 0.0105952 0.815743 0.529761
Node_3228851_666020_0 0.0105952 0.815743 0.529761
Node_3228851_43617_0 0.0105952 0.815743 0.529761
Node_3228851_505389_0 0.0105952 0.815743 0.529761
Node_3228851_2014805_0 0.0105952 0.815743 0.529761
Node_3228851_1165689_0 0.0105952 0.815743 0.529761
Node_3228851_1004279_0 0.0105952 0.815743 0.529761
Node_3228851_1300275_0 0.0105952 0.815743 0.529761
Node_3228851_1300307_0 0.0105952 0.815743 0.529761
Node_3228851_3072309_0 0.0105952 0.815743 0.529761
Node_3228851_3072319_0 0.0105952 0.815743 0.529761
Node_3228851_3072323_0 0.0105952 0.815743 0.529761
Node_3228851_1631247_0 0.0105952 0.815743 0.529761
Node_3228851_1566387_0 0.0105952 0.815743 0.529761
Node_3228851_28104_0 0.0105952 0.815743 0.529761
Node_3228851_1209948_0 0.0105952 0.815743 0.529761
Node_3228851_1209954_0 0.0105952 0.815743 0.529761
Node_3228851_425306_0 0.0105952 0.815743 0.529761
Node_3228851_754035_0 0.0105952 0.815743 0.529761
Node_3228851_1082933_0 0.0105952 0.815743 0.529761
Node_3228851_266835_0 0.0105952 0.815743 0.529761
Node_3228851_1297569_0 0.0105952 0.815743 0.529761
Node_331696_186280_0 0.0105952 0.815743 0.529761
Node_331696_223390_0 0.0105952 0.815743 0.529761
Node_331696_980631_0 0.0105952 0.815743 0.529761
Node_331696_217067_0 0.0105952 0.815743 0.529761
Node_331696_933073_0 0.0105952 0.815743 0.529761
Node_217067_376174_0 0.0105952 0.815743 0.529761
Node_217067_346911_0 0.0105952 0.815743 0.529761
Node_217067_346912_0 0.0105952 0.815743 0.529761
Node_217067_425677_0 0.0105952 0.815743 0.529761
Node_980631_438753_0 0.0105952 0.815743 0.529761
Node_223390_1282440_0 0.0105952 0.815743 0.529761
Node_223390_1745854_0 0.0105952 0.815743 0.529761
Node_223390_177413_0 0.0105952 0.815743 0.529761
Node_223390_2836179_0 0.0105952 0.815743 0.529761
Node_223390_2579147_0 0.0105952 0.815743 0.529761
Node_223390_2972472_0 0.0105952 0.815743 0.529761
Node_223390_639283_0 0.0105952 0.815743 0.529761
Node_186280_280_0 0.0105952 0.815743 0.529761
Node_186280_281_0 0.0105952 0.815743 0.529761
Node_186280_2528964_0 0.0105952 0.815743 0.529761
Node_186280_78245_0 0.0105952 0.815743 0.529761
Node_186280_47492_0 0.0105952 0.815743 0.529761
Node_186280_2607286_0 0.0105952 0.815743 0.529761
Node_186280_60216_0 0.0105952 0.815743 0.529761
Node_29468_428_0 0.0105952 0.815743 0.529761
Node_29468_134_0 0.0105952 0.815743 0.529761
Node_29468_173366_0 0.0105952 0.815743 0.529761
Node_29468_391905_0 0.0105952 0.815743 0.529761
Node_1365950_937218_0 0.0105952 0.815743 0.529761
Node_1365950_2583532_0 0.0105952 0.815743 0.529761
Node_1365950_2696469_0 0.0105952 0.815743 0.529761
Node_1365950_182270_0 0.0105952 0.815743 0.529761
Node_1365950_424757_0 0.0105952 0.815743 0.529761
Node_1365950_2615207_0 0.0105952 0.815743 0.529761
Node_424757_1776957_0 0.0105952 0.815743 0.529761
Node_424757_1744844_0 0.0105952 0.815743 0.529761
Node_424757_401562_0 0.0105952 0.815743 0.529761
Node_424757_2565783_0 0.0105952 0.815743 0.529761
Node_424757_1166073_0 0.0105952 0.815743 0.529761
Node_424757_1166078_0 0.0105952 0.815743 0.529761
Node_424757_2320271_0 0.0105952 0.815743 0.529761
Node_424757_2027858_0 0.0105952 0.815743 0.529761
Node_424757_1701758_0 0.0105952 0.815743 0.529761
Node_424757_1121026_0 0.0105952 0.815743 0.529761
Node_182270_2920428_0 0.0105952 0.815743 0.529761
Node_182270_2047720_0 0.0105952 0.815743 0.529761
Node_182270_287752_0 0.0105952 0.815743 0.529761
Node_2696469_2558362_0 0.0105952 0.815743 0.529761
Node_2696469_2821407_0 0.0105952 0.815743 0.529761
Node_2696469_2986949_0 0.0105952 0.815743 0.529761
Node_2696469_2816857_0 0.0105952 0.815743 0.529761
Node_2583532_2590451_0 0.0105952 0.815743 0.529761
Node_2583532_1486262_0 0.0105952 0.815743 0.529761
Node_2583532_1397477_0 0.0105952 0.815743 0.529761
Node_2583532_1122214_0 0.0105952 0.815743 0.529761
Node_937218_2293836_0 0.0105952 0.815743 0.529761
Node_937218_3098149_0 0.0105952 0.815743 0.529761
Node_937218_314231_0 0.0105952 0.815743 0.529761
Node_47958_420324_0 0.0105952 0.815743 0.529761
Node_47958_693986_0 0.0105952 0.815743 0.529761
Node_47958_2730920_0 0.0105952 0.815743 0.529761
Node_47958_3133970_0 0.0105952 0.815743 0.529761
Node_47958_414703_0 0.0105952 0.815743 0.529761
Node_2730920_1339210_0 0.0105952 0.815743 0.529761
Node_693986_410_0 0.0105952 0.815743 0.529761
Node_693986_560405_0 0.0105952 0.815743 0.529761
Node_693986_298794_0 0.0105952 0.815743 0.529761
Node_693986_1775910_0 0.0105952 0.815743 0.529761
Node_693986_2038277_0 0.0105952 0.815743 0.529761
Node_693986_2202825_0 0.0105952 0.815743 0.529761
Node_693986_269660_0 0.0105952 0.815743 0.529761
Node_693986_1187852_0 0.0105952 0.815743 0.529761
Node_693986_270351_0 0.0105952 0.815743 0.529761
Node_693986_2499852_0 0.0105952 0.815743 0.529761
Node_693986_374425_0 0.0105952 0.815743 0.529761
Node_693986_374426_0 0.0105952 0.815743 0.529761
Node_693986_243690_0 0.0105952 0.815743 0.529761
Node_693986_2051553_0 0.0105952 0.815743 0.529761
Node_693986_315478_0 0.0105952 0.815743 0.529761
Node_693986_381630_0 0.0105952 0.815743 0.529761
Node_693986_418707_0 0.0105952 0.815743 0.529761
Node_693986_418708_0 0.0105952 0.815743 0.529761
Node_693986_1697972_0 0.0105952 0.815743 0.529761
Node_693986_2583531_0 0.0105952 0.815743 0.529761
Node_693986_1141884_0 0.0105952 0.815743 0.529761
Node_693986_2584084_0 0.0105952 0.815743 0.529761
Node_693986_426355_0 0.0105952 0.815743 0.529761
Node_693986_460265_0 0.0105952 0.815743 0.529761
Node_693986_1295136_0 0.0105952 0.815743 0.529761
Node_420324_2719797_0 0.0105952 0.815743 0.529761
Node_420324_2754695_0 0.0105952 0.815743 0.529761
Node_420324_2692265_0 0.0105952 0.815743 0.529761
Node_420324_2791024_0 0.0105952 0.815743 0.529761
Node_420324_2791025_0 0.0105952 0.815743 0.529761
Node_420324_2795727_0 0.0105952 0.815743 0.529761
Node_420324_2108360_0 0.0105952 0.815743 0.529761
Node_420324_864069_0 0.0105952 0.815743 0.529761
Node_420324_1225564_0 0.0105952 0.815743 0.529761
Node_420324_1128670_0 0.0105952 0.815743 0.529761
Node_420324_1882682_0 0.0105952 0.815743 0.529761
Node_420324_670291_0 0.0105952 0.815743 0.529761
Node_420324_670292_0 0.0105952 0.815743 0.529761
Node_420324_217168_0 0.0105952 0.815743 0.529761
Node_420324_2740529_0 0.0105952 0.815743 0.529761
Node_420324_186651_0 0.0105952 0.815743 0.529761
Node_420324_2580413_0 0.0105952 0.815743 0.529761
Node_420324_549386_0 0.0105952 0.815743 0.529761
Node_420324_2876078_0 0.0105952 0.815743 0.529761
Node_420324_2651334_0 0.0105952 0.815743 0.529761
Node_659006_1494448_0 0.0105952 0.815743 0.529761
Node_659006_1538102_0 0.0105952 0.815743 0.529761
Node_659006_1576911_0 0.0105952 0.815743 0.529761
Node_1538102_1538103_0 0.0105952 0.815743 0.529761
Node_1494448_3047466_0 0.0105952 0.815743 0.529761
Node_1494448_363953_0 0.0105952 0.815743 0.529761
Node_1494448_1348468_0 0.0105952 0.815743 0.529761
Node_1494448_1743235_0 0.0105952 0.815743 0.529761
Node_1494448_28210_0 0.0105952 0.815743 0.529761
Node_1572859_352475_0 0.0105952 0.815743 0.529761
Node_1572859_2801340_0 0.0105952 0.815743 0.529761
Node_1572859_1848972_0 0.0105952 0.815743 0.529761
Node_1572859_707241_0 0.0105952 0.815743 0.529761
Node_1572859_393664_0 0.0105952 0.815743 0.529761
Node_1572859_1210932_0 0.0105952 0.815743 0.529761
Node_1572859_363754_0 0.0105952 0.815743 0.529761
Node_1572859_274592_0 0.0105952 0.815743 0.529761
Node_1572859_1132695_0 0.0105952 0.815743 0.529761
Node_1572859_240521_0 0.0105952 0.815743 0.529761
Node_1572859_714899_0 0.0105952 0.815743 0.529761
Node_1572859_28320_0 0.0105952 0.815743 0.529761
Node_1572859_2506430_0 0.0105952 0.815743 0.529761
Node_1572859_1197950_0 0.0105952 0.815743 0.529761
Node_1572859_2663029_0 0.0105952 0.815743 0.529761
Node_1572859_1549636_0 0.0105952 0.815743 0.529761
Node_1572859_2860393_0 0.0105952 0.815743 0.529761
Node_1572859_2927786_0 0.0105952 0.815743 0.529761
Node_1572859_2993659_0 0.0105952 0.815743 0.529761
Node_1572859_2341112_0 0.0105952 0.815743 0.529761
Node_1572859_735519_0 0.0105952 0.815743 0.529761
Node_1572859_2865987_0 0.0105952 0.815743 0.529761
Node_1572859_2965071_0 0.0105952 0.815743 0.529761
Node_1572859_877384_0 0.0105952 0.815743 0.529761
Node_1572859_2715133_0 0.0105952 0.815743 0.529761
Node_1572859_424798_0 0.0105952 0.815743 0.529761
Node_1572859_1215343_0 0.0105952 0.815743 0.529761
Node_1197950_2509717_0 0.0105952 0.815743 0.529761
Node_2506430_2041385_0 0.0105952 0.815743 0.529761
Node_2506430_484088_0 0.0105952 0.815743 0.529761
Node_28320_40837_0 0.0105952 0.815743 0.529761
Node_28320_2746702_0 0.0105952 0.815743 0.529761
Node_28320_1636188_0 0.0105952 0.815743 0.529761
Node_714899_1480615_0 0.0105952 0.815743 0.529761
Node_714899_288436_0 0.0105952 0.815743 0.529761
Node_714899_411684_0 0.0105952 0.815743 0.529761
Node_240521_1118451_0 0.0105952 0.815743 0.529761
Node_240521_1336235_0 0.0105952 0.815743 0.529761
Node_1132695_1214924_0 0.0105952 0.815743 0.529761
Node_1132695_1387186_0 0.0105952 0.815743 0.529761
Node_1132695_451876_0 0.0105952 0.815743 0.529761
Node_274592_2983763_0 0.0105952 0.815743 0.529761
Node_274592_2983764_0 0.0105952 0.815743 0.529761
Node_274592_1922333_0 0.0105952 0.815743 0.529761
Node_363754_1312183_0 0.0105952 0.815743 0.529761
Node_363754_1650438_0 0.0105952 0.815743 0.529761
Node_363754_410764_0 0.0105952 0.815743 0.529761
Node_363754_411945_0 0.0105952 0.815743 0.529761
Node_363754_52131_0 0.0105952 0.815743 0.529761
Node_363754_29450_0 0.0105952 0.815743 0.529761
Node_363754_2653122_0 0.0105952 0.815743 0.529761
Node_363754_293958_0 0.0105952 0.815743 0.529761
Node_363754_1220581_0 0.0105952 0.815743 0.529761
Node_1210932_2589807_0 0.0105952 0.815743 0.529761
Node_1210932_1813451_0 0.0105952 0.815743 0.529761
Node_1210932_1850373_0 0.0105952 0.815743 0.529761
Node_1210932_1986026_0 0.0105952 0.815743 0.529761
Node_1210932_1368425_0 0.0105952 0.815743 0.529761
Node_393664_1395944_0 0.0105952 0.815743 0.529761
Node_707241_2742698_0 0.0105952 0.815743 0.529761
Node_707241_36856_0 0.0105952 0.815743 0.529761
Node_707241_76747_0 0.0105952 0.815743 0.529761
Node_707241_110322_0 0.0105952 0.815743 0.529761
Node_707241_375549_0 0.0105952 0.815743 0.529761
Node_707241_1752398_0 0.0105952 0.815743 0.529761
Node_707241_680248_0 0.0105952 0.815743 0.529761
Node_707241_520838_0 0.0105952 0.815743 0.529761
Node_707241_1472378_0 0.0105952 0.815743 0.529761
Node_707241_194963_0 0.0105952 0.815743 0.529761
Node_707241_1117943_0 0.0105952 0.815743 0.529761
Node_707241_366394_0 0.0105952 0.815743 0.529761
Node_707241_716928_0 0.0105952 0.815743 0.529761
Node_1117943_394_0 0.0105952 0.815743 0.529761
Node_1117943_1185652_0 0.0105952 0.815743 0.529761
Node_2742698_106592_0 0.0105952 0.815743 0.529761
Node_2742698_555315_0 0.0105952 0.815743 0.529761
Node_1848972_373_0 0.0105952 0.815743 0.529761
Node_1848972_887144_0 0.0105952 0.815743 0.529761
Node_1848972_311402_0 0.0105952 0.815743 0.529761
Node_2801340_754764_0 0.0105952 0.815743 0.529761
Node_2801340_1672749_0 0.0105952 0.815743 0.529761
Node_2801340_1798805_0 0.0105952 0.815743 0.529761
Node_2801340_1335061_0 0.0105952 0.815743 0.529761
Node_2801340_1028800_0 0.0105952 0.815743 0.529761
Node_2801340_1183425_0 0.0105952 0.815743 0.529761
Node_2801340_485907_0 0.0105952 0.815743 0.529761
Node_2801340_1132659_0 0.0105952 0.815743 0.529761
Node_485907_1206817_0 0.0105952 0.815743 0.529761
Node_1183425_1183428_0 0.0105952 0.815743 0.529761
Node_1183425_1972867_0 0.0105952 0.815743 0.529761
Node_1183425_1585697_0 0.0105952 0.815743 0.529761
Node_1183425_648995_0 0.0105952 0.815743 0.529761
Node_1183425_160699_0 0.0105952 0.815743 0.529761
Node_1183425_1156935_0 0.0105952 0.815743 0.529761
Node_1183428_1183424_0 0.0105952 0.815743 0.529761
Node_1183428_1183432_0 0.0105952 0.815743 0.529761
Node_1028800_67774_0 0.0105952 0.815743 0.529761
Node_1028800_528178_0 0.0105952 0.815743 0.529761
Node_1028800_3157917_0 0.0105952 0.815743 0.529761
Node_1028800_2503024_0 0.0105952 0.815743 0.529761
Node_1028800_1585791_0 0.0105952 0.815743 0.529761
Node_1028800_2937795_0 0.0105952 0.815743 0.529761
Node_1028800_1028801_0 0.0105952 0.815743 0.529761
Node_1335061_1509405_0 0.0105952 0.815743 0.529761
Node_1335061_1191678_0 0.0105952 0.815743 0.529761
Node_1335061_1233081_0 0.0105952 0.815743 0.529761
Node_1335061_1079109_0 0.0105952 0.815743 0.529761
Node_1798805_2590452_0 0.0105952 0.815743 0.529761
Node_1798805_1612624_0 0.0105952 0.815743 0.529761
Node_1798805_1121113_0 0.0105952 0.815743 0.529761
Node_1672749_464029_0 0.0105952 0.815743 0.529761
Node_754764_1867956_0 0.0105952 0.815743 0.529761
Node_754764_396_0 0.0105952 0.815743 0.529761
Node_754764_491916_0 0.0105952 0.815743 0.529761
Node_754764_1312184_0 0.0105952 0.815743 0.529761
Node_754764_1673_0 0.0105952 0.815743 0.529761
Node_754764_1967781_0 0.0105952 0.815743 0.529761
Node_754764_2035448_0 0.0105952 0.815743 0.529761
Node_754764_335017_0 0.0105952 0.815743 0.529761
Node_754764_2728849_0 0.0105952 0.815743 0.529761
Node_754764_501024_0 0.0105952 0.815743 0.529761
Node_754764_573179_0 0.0105952 0.815743 0.529761
Node_754764_2867516_0 0.0105952 0.815743 0.529761
Node_754764_508661_0 0.0105952 0.815743 0.529761
Node_754764_2081791_0 0.0105952 0.815743 0.529761
Node_754764_50338_0 0.0105952 0.815743 0.529761
Node_754764_2901226_0 0.0105952 0.815743 0.529761
Node_754764_2182425_0 0.0105952 0.815743 0.529761
Node_754764_1232668_0 0.0105952 0.815743 0.529761
Node_754764_1265931_0 0.0105952 0.815743 0.529761
Node_754764_348824_0 0.0105952 0.815743 0.529761
Node_754764_1136135_0 0.0105952 0.815743 0.529761
Node_754764_56731_0 0.0105952 0.815743 0.529761
Node_754764_1138170_0 0.0105952 0.815743 0.529761
Node_754764_1138194_0 0.0105952 0.815743 0.529761
Node_754764_908946_0 0.0105952 0.815743 0.529761
Node_754764_2547961_0 0.0105952 0.815743 0.529761
Node_754764_158890_0 0.0105952 0.815743 0.529761
Node_754764_1076926_0 0.0105952 0.815743 0.529761
Node_754764_1864509_0 0.0105952 0.815743 0.529761
Node_754764_990285_0 0.0105952 0.815743 0.529761
Node_754764_3158967_0 0.0105952 0.815743 0.529761
Node_754764_538378_0 0.0105952 0.815743 0.529761
Node_754764_216596_0 0.0105952 0.815743 0.529761
Node_754764_1211777_0 0.0105952 0.815743 0.529761
Node_754764_1041138_0 0.0105952 0.815743 0.529761
Node_158890_1079460_0 0.0105952 0.815743 0.529761
Node_491916_1432050_0 0.0105952 0.815743 0.529761
Node_352475_2654216_0 0.0105952 0.815743 0.529761
Node_352475_2919913_0 0.0105952 0.815743 0.529761
Node_352475_1817964_0 0.0105952 0.815743 0.529761
Node_352475_2871820_0 0.0105952 0.815743 0.529761
Node_352475_2250594_0 0.0105952 0.815743 0.529761
Node_352475_415996_0 0.0105952 0.815743 0.529761
Node_352475_417745_0 0.0105952 0.815743 0.529761
Node_352475_323621_0 0.0105952 0.815743 0.529761
Node_2056631_1627895_0 0.0105952 0.815743 0.529761
